model_id,model_name,family,representative_role,selected_for_visualization,grouping_match,layer_k,stratigraphic_coordinate,layer_mean_z,facies,area_proportion,facies_area,active_area,active_cells
base,Modelo-base,,,,False,0,0.0,-125.2185502753308,11,0.3131667950697377,18220747.69188772,58182246.58150691,648
base,Modelo-base,,,,False,0,0.0,-125.2185502753308,12,0.5145662578255138,29938620.8953273,58182246.58150691,648
base,Modelo-base,,,,False,0,0.0,-125.2185502753308,13,0.0,0.0,58182246.58150691,648
base,Modelo-base,,,,False,0,0.0,-125.2185502753308,14,0.0,0.0,58182246.58150691,648
base,Modelo-base,,,,False,0,0.0,-125.2185502753308,15,0.0,0.0,58182246.58150691,648
base,Modelo-base,,,,False,0,0.0,-125.2185502753308,16,0.155798069557339,9064681.699907867,58182246.58150691,648
base,Modelo-base,,,,False,0,0.0,-125.2185502753308,21,0.0068354450477024,397701.549259763,58182246.58150691,648
base,Modelo-base,,,,False,0,0.0,-125.2185502753308,22,0.0,0.0,58182246.58150691,648
base,Modelo-base,,,,False,0,0.0,-125.2185502753308,23,0.0081378870858916,473480.5530838084,58182246.58150691,648
base,Modelo-base,,,,False,0,0.0,-125.2185502753308,24,0.0,0.0,58182246.58150691,648
base,Modelo-base,,,,False,0,0.0,-125.2185502753308,25,0.0,0.0,58182246.58150691,648
base,Modelo-base,,,,False,0,0.0,-125.2185502753308,26,0.0014955454138154,87014.19204045027,58182246.58150691,648
base,Modelo-base,,,,False,0,0.0,-125.2185502753308,111,0.0,0.0,58182246.58150691,648
base,Modelo-base,,,,False,0,0.0,-125.2185502753308,121,0.0,0.0,58182246.58150691,648
base,Modelo-base,,,,False,0,0.0,-125.2185502753308,131,0.0,0.0,58182246.58150691,648
base,Modelo-base,,,,False,0,0.0,-125.2185502753308,161,0.0,0.0,58182246.58150691,648
base,Modelo-base,,,,False,0,0.0,-125.2185502753308,231,0.0,0.0,58182246.58150691,648
base,Modelo-base,,,,False,0,0.0,-125.2185502753308,232,0.0,0.0,58182246.58150691,648
base,Modelo-base,,,,False,0,0.0,-125.2185502753308,241,0.0,0.0,58182246.58150691,648
base,Modelo-base,,,,False,1,0.05,-107.094015681679,11,0.0,0.0,77834388.77298813,602
base,Modelo-base,,,,False,1,0.05,-107.094015681679,12,0.0839968022739109,6537839.763875399,77834388.77298813,602
base,Modelo-base,,,,False,1,0.05,-107.094015681679,13,0.0996587934351238,7756881.272876346,77834388.77298813,602
base,Modelo-base,,,,False,1,0.05,-107.094015681679,14,0.0190837915614418,1485375.2516559337,77834388.77298813,602
base,Modelo-base,,,,False,1,0.05,-107.094015681679,15,0.0,0.0,77834388.77298813,602
base,Modelo-base,,,,False,1,0.05,-107.094015681679,16,0.0011258149824451,87627.12103009241,77834388.77298813,602
base,Modelo-base,,,,False,1,0.05,-107.094015681679,21,0.0,0.0,77834388.77298813,602
base,Modelo-base,,,,False,1,0.05,-107.094015681679,22,0.0,0.0,77834388.77298813,602
base,Modelo-base,,,,False,1,0.05,-107.094015681679,23,0.6657919946863422,51821512.956360005,77834388.77298813,602
base,Modelo-base,,,,False,1,0.05,-107.094015681679,24,0.0435348356370175,3388507.3221397656,77834388.77298813,602
base,Modelo-base,,,,False,1,0.05,-107.094015681679,25,0.0219822292311529,1710973.3760745015,77834388.77298813,602
base,Modelo-base,,,,False,1,0.05,-107.094015681679,26,0.0206467342613623,1607025.9413914513,77834388.77298813,602
base,Modelo-base,,,,False,1,0.05,-107.094015681679,111,0.0,0.0,77834388.77298813,602
base,Modelo-base,,,,False,1,0.05,-107.094015681679,121,0.0,0.0,77834388.77298813,602
base,Modelo-base,,,,False,1,0.05,-107.094015681679,131,0.0,0.0,77834388.77298813,602
base,Modelo-base,,,,False,1,0.05,-107.094015681679,161,0.0,0.0,77834388.77298813,602
base,Modelo-base,,,,False,1,0.05,-107.094015681679,231,0.0048239443591033,375468.7606657107,77834388.77298813,602
base,Modelo-base,,,,False,1,0.05,-107.094015681679,232,0.0,0.0,77834388.77298813,602
base,Modelo-base,,,,False,1,0.05,-107.094015681679,241,0.0393550595720997,3063177.006918917,77834388.77298813,602
base,Modelo-base,,,,False,2,0.1,-111.88676756658784,11,0.0168093562668342,1062417.2930814368,63203925.01750023,577
base,Modelo-base,,,,False,2,0.1,-111.88676756658784,12,0.0098900414682216,625089.4393774514,63203925.01750023,577
base,Modelo-base,,,,False,2,0.1,-111.88676756658784,13,0.1495666833270725,9453201.438120496,63203925.01750023,577
base,Modelo-base,,,,False,2,0.1,-111.88676756658784,14,0.0551319509886395,3484555.6963544698,63203925.01750023,577
base,Modelo-base,,,,False,2,0.1,-111.88676756658784,15,0.0,0.0,63203925.01750023,577
base,Modelo-base,,,,False,2,0.1,-111.88676756658784,16,0.0,0.0,63203925.01750023,577
base,Modelo-base,,,,False,2,0.1,-111.88676756658784,21,0.1186874533904453,7501512.904607762,63203925.01750023,577
base,Modelo-base,,,,False,2,0.1,-111.88676756658784,22,0.0,0.0,63203925.01750023,577
base,Modelo-base,,,,False,2,0.1,-111.88676756658784,23,0.3599190154545605,22748294.465162557,63203925.01750023,577
base,Modelo-base,,,,False,2,0.1,-111.88676756658784,24,0.0172847186807776,1092462.063448453,63203925.01750023,577
base,Modelo-base,,,,False,2,0.1,-111.88676756658784,25,0.0,0.0,63203925.01750023,577
base,Modelo-base,,,,False,2,0.1,-111.88676756658784,26,0.0,0.0,63203925.01750023,577
base,Modelo-base,,,,False,2,0.1,-111.88676756658784,111,0.0072008165770892,455119.87100312166,63203925.01750023,577
base,Modelo-base,,,,False,2,0.1,-111.88676756658784,121,0.0,0.0,63203925.01750023,577
base,Modelo-base,,,,False,2,0.1,-111.88676756658784,131,0.0,0.0,63203925.01750023,577
base,Modelo-base,,,,False,2,0.1,-111.88676756658784,161,0.0,0.0,63203925.01750023,577
base,Modelo-base,,,,False,2,0.1,-111.88676756658784,231,0.1899877102960702,12007968.995799378,63203925.01750023,577
base,Modelo-base,,,,False,2,0.1,-111.88676756658784,232,0.0,0.0,63203925.01750023,577
base,Modelo-base,,,,False,2,0.1,-111.88676756658784,241,0.0755222535502891,4773302.850545119,63203925.01750023,577
base,Modelo-base,,,,False,3,0.15,-107.5492105020868,11,0.0,0.0,58845974.08675423,648
base,Modelo-base,,,,False,3,0.15,-107.5492105020868,12,0.0374987433638587,2206650.0802754783,58845974.08675423,648
base,Modelo-base,,,,False,3,0.15,-107.5492105020868,13,0.1254271666262383,7380883.797062629,58845974.08675423,648
base,Modelo-base,,,,False,3,0.15,-107.5492105020868,14,0.0188730079536832,1110600.5369815514,58845974.08675423,648
base,Modelo-base,,,,False,3,0.15,-107.5492105020868,15,0.0,0.0,58845974.08675423,648
base,Modelo-base,,,,False,3,0.15,-107.5492105020868,16,0.0,0.0,58845974.08675423,648
base,Modelo-base,,,,False,3,0.15,-107.5492105020868,21,0.0,0.0,58845974.08675423,648
base,Modelo-base,,,,False,3,0.15,-107.5492105020868,22,0.0,0.0,58845974.08675423,648
base,Modelo-base,,,,False,3,0.15,-107.5492105020868,23,0.5621226901015487,33078657.25529231,58845974.08675423,648
base,Modelo-base,,,,False,3,0.15,-107.5492105020868,24,0.0546345113604732,3215021.0397608853,58845974.08675423,648
base,Modelo-base,,,,False,3,0.15,-107.5492105020868,25,0.0,0.0,58845974.08675423,648
base,Modelo-base,,,,False,3,0.15,-107.5492105020868,26,0.0,0.0,58845974.08675423,648
base,Modelo-base,,,,False,3,0.15,-107.5492105020868,111,0.0,0.0,58845974.08675423,648
base,Modelo-base,,,,False,3,0.15,-107.5492105020868,121,0.0,0.0,58845974.08675423,648
base,Modelo-base,,,,False,3,0.15,-107.5492105020868,131,0.0,0.0,58845974.08675423,648
base,Modelo-base,,,,False,3,0.15,-107.5492105020868,161,0.0,0.0,58845974.08675423,648
base,Modelo-base,,,,False,3,0.15,-107.5492105020868,231,0.0857840727525917,5048047.322255252,58845974.08675423,648
base,Modelo-base,,,,False,3,0.15,-107.5492105020868,232,0.0,0.0,58845974.08675423,648
base,Modelo-base,,,,False,3,0.15,-107.5492105020868,241,0.1156598078416059,6806114.055126119,58845974.08675423,648
base,Modelo-base,,,,False,4,0.2,-98.97159554437464,11,0.0053099236308909,321134.10708401183,60478102.77642849,647
base,Modelo-base,,,,False,4,0.2,-98.97159554437464,12,0.015440450820364,933809.1716283686,60478102.77642849,647
base,Modelo-base,,,,False,4,0.2,-98.97159554437464,13,0.1231959614146243,7450658.016074568,60478102.77642849,647
base,Modelo-base,,,,False,4,0.2,-98.97159554437464,14,0.032540887120701,1968011.115721914,60478102.77642849,647
base,Modelo-base,,,,False,4,0.2,-98.97159554437464,15,0.0,0.0,60478102.77642849,647
base,Modelo-base,,,,False,4,0.2,-98.97159554437464,16,0.0,0.0,60478102.77642849,647
base,Modelo-base,,,,False,4,0.2,-98.97159554437464,21,0.0915998424510991,5539784.6860622335,60478102.77642849,647
base,Modelo-base,,,,False,4,0.2,-98.97159554437464,22,0.0,0.0,60478102.77642849,647
base,Modelo-base,,,,False,4,0.2,-98.97159554437464,23,0.3514275953173351,21253674.22807492,60478102.77642849,647
base,Modelo-base,,,,False,4,0.2,-98.97159554437464,24,0.0029990887224123,181379.19598968103,60478102.77642849,647
base,Modelo-base,,,,False,4,0.2,-98.97159554437464,25,0.0,0.0,60478102.77642849,647
base,Modelo-base,,,,False,4,0.2,-98.97159554437464,26,0.0,0.0,60478102.77642849,647
base,Modelo-base,,,,False,4,0.2,-98.97159554437464,111,0.0064253206362557,388591.2018109837,60478102.77642849,647
base,Modelo-base,,,,False,4,0.2,-98.97159554437464,121,0.0,0.0,60478102.77642849,647
base,Modelo-base,,,,False,4,0.2,-98.97159554437464,131,0.0,0.0,60478102.77642849,647
base,Modelo-base,,,,False,4,0.2,-98.97159554437464,161,0.0,0.0,60478102.77642849,647
base,Modelo-base,,,,False,4,0.2,-98.97159554437464,231,0.2460136684528298,14878439.925096449,60478102.77642849,647
base,Modelo-base,,,,False,4,0.2,-98.97159554437464,232,0.0,0.0,60478102.77642849,647
base,Modelo-base,,,,False,4,0.2,-98.97159554437464,241,0.1250472614334873,7562621.128885373,60478102.77642849,647
base,Modelo-base,,,,False,5,0.25,-96.0307700766068,11,0.0,0.0,58235626.2260522,648
base,Modelo-base,,,,False,5,0.25,-96.0307700766068,12,0.0308021867206019,1793784.6328060464,58235626.2260522,648
base,Modelo-base,,,,False,5,0.25,-96.0307700766068,13,0.104131077571528,6064138.511971555,58235626.2260522,648
base,Modelo-base,,,,False,5,0.25,-96.0307700766068,14,0.0191761072386195,1116732.6136189431,58235626.2260522,648
base,Modelo-base,,,,False,5,0.25,-96.0307700766068,15,0.0,0.0,58235626.2260522,648
base,Modelo-base,,,,False,5,0.25,-96.0307700766068,16,0.0,0.0,58235626.2260522,648
base,Modelo-base,,,,False,5,0.25,-96.0307700766068,21,0.0,0.0,58235626.2260522,648
base,Modelo-base,,,,False,5,0.25,-96.0307700766068,22,0.0,0.0,58235626.2260522,648
base,Modelo-base,,,,False,5,0.25,-96.0307700766068,23,0.5480575622280692,31916475.344275184,58235626.2260522,648
base,Modelo-base,,,,False,5,0.25,-96.0307700766068,24,0.0295822685790592,1722741.935888783,58235626.2260522,648
base,Modelo-base,,,,False,5,0.25,-96.0307700766068,25,0.0,0.0,58235626.2260522,648
base,Modelo-base,,,,False,5,0.25,-96.0307700766068,26,0.0,0.0,58235626.2260522,648
base,Modelo-base,,,,False,5,0.25,-96.0307700766068,111,0.0,0.0,58235626.2260522,648
base,Modelo-base,,,,False,5,0.25,-96.0307700766068,121,0.0,0.0,58235626.2260522,648
base,Modelo-base,,,,False,5,0.25,-96.0307700766068,131,0.0,0.0,58235626.2260522,648
base,Modelo-base,,,,False,5,0.25,-96.0307700766068,161,0.0,0.0,58235626.2260522,648
base,Modelo-base,,,,False,5,0.25,-96.0307700766068,231,0.1274564297142033,7422505.000943435,58235626.2260522,648
base,Modelo-base,,,,False,5,0.25,-96.0307700766068,232,0.0,0.0,58235626.2260522,648
base,Modelo-base,,,,False,5,0.25,-96.0307700766068,241,0.1407943679479186,8199248.186548253,58235626.2260522,648
base,Modelo-base,,,,False,6,0.3,-89.94687709484033,11,0.0,0.0,58192075.92746113,648
base,Modelo-base,,,,False,6,0.3,-89.94687709484033,12,0.0950997971540962,5534054.616677321,58192075.92746113,648
base,Modelo-base,,,,False,6,0.3,-89.94687709484033,13,0.0248495768881602,1446048.4650411028,58192075.92746113,648
base,Modelo-base,,,,False,6,0.3,-89.94687709484033,14,0.0499240114128401,2905181.862739429,58192075.92746113,648
base,Modelo-base,,,,False,6,0.3,-89.94687709484033,15,0.0,0.0,58192075.92746113,648
base,Modelo-base,,,,False,6,0.3,-89.94687709484033,16,0.0,0.0,58192075.92746113,648
base,Modelo-base,,,,False,6,0.3,-89.94687709484033,21,0.0,0.0,58192075.92746113,648
base,Modelo-base,,,,False,6,0.3,-89.94687709484033,22,0.0,0.0,58192075.92746113,648
base,Modelo-base,,,,False,6,0.3,-89.94687709484033,23,0.6159117965737566,35841186.03083904,58192075.92746113,648
base,Modelo-base,,,,False,6,0.3,-89.94687709484033,24,0.0,0.0,58192075.92746113,648
base,Modelo-base,,,,False,6,0.3,-89.94687709484033,25,0.0,0.0,58192075.92746113,648
base,Modelo-base,,,,False,6,0.3,-89.94687709484033,26,0.0,0.0,58192075.92746113,648
base,Modelo-base,,,,False,6,0.3,-89.94687709484033,111,0.0,0.0,58192075.92746113,648
base,Modelo-base,,,,False,6,0.3,-89.94687709484033,121,0.0,0.0,58192075.92746113,648
base,Modelo-base,,,,False,6,0.3,-89.94687709484033,131,0.0571213372079865,3324009.191885265,58192075.92746113,648
base,Modelo-base,,,,False,6,0.3,-89.94687709484033,161,0.0,0.0,58192075.92746113,648
base,Modelo-base,,,,False,6,0.3,-89.94687709484033,231,0.0212720723495171,1237866.0492975512,58192075.92746113,648
base,Modelo-base,,,,False,6,0.3,-89.94687709484033,232,0.0,0.0,58192075.92746113,648
base,Modelo-base,,,,False,6,0.3,-89.94687709484033,241,0.1358214084136429,7903729.71098142,58192075.92746113,648
base,Modelo-base,,,,False,7,0.35,-82.82801009528943,11,0.0,0.0,58346896.83744864,648
base,Modelo-base,,,,False,7,0.35,-82.82801009528943,12,0.0461037888822921,2690013.013730611,58346896.83744864,648
base,Modelo-base,,,,False,7,0.35,-82.82801009528943,13,0.0149006692842866,869407.813539211,58346896.83744864,648
base,Modelo-base,,,,False,7,0.35,-82.82801009528943,14,0.1438699245343909,8394363.644819627,58346896.83744864,648
base,Modelo-base,,,,False,7,0.35,-82.82801009528943,15,0.0,0.0,58346896.83744864,648
base,Modelo-base,,,,False,7,0.35,-82.82801009528943,16,0.0358615729604213,2092411.4979503432,58346896.83744864,648
base,Modelo-base,,,,False,7,0.35,-82.82801009528943,21,0.0,0.0,58346896.83744864,648
base,Modelo-base,,,,False,7,0.35,-82.82801009528943,22,0.0,0.0,58346896.83744864,648
base,Modelo-base,,,,False,7,0.35,-82.82801009528943,23,0.2314248603126956,13502922.450285817,58346896.83744864,648
base,Modelo-base,,,,False,7,0.35,-82.82801009528943,24,0.0030664245723436,178916.35818235038,58346896.83744864,648
base,Modelo-base,,,,False,7,0.35,-82.82801009528943,25,0.0,0.0,58346896.83744864,648
base,Modelo-base,,,,False,7,0.35,-82.82801009528943,26,0.3360262729874289,19606090.28466987,58346896.83744864,648
base,Modelo-base,,,,False,7,0.35,-82.82801009528943,111,0.0,0.0,58346896.83744864,648
base,Modelo-base,,,,False,7,0.35,-82.82801009528943,121,0.0,0.0,58346896.83744864,648
base,Modelo-base,,,,False,7,0.35,-82.82801009528943,131,0.0,0.0,58346896.83744864,648
base,Modelo-base,,,,False,7,0.35,-82.82801009528943,161,0.0034430953926028,200893.9316736912,58346896.83744864,648
base,Modelo-base,,,,False,7,0.35,-82.82801009528943,231,0.0,0.0,58346896.83744864,648
base,Modelo-base,,,,False,7,0.35,-82.82801009528943,232,0.0,0.0,58346896.83744864,648
base,Modelo-base,,,,False,7,0.35,-82.82801009528943,241,0.1853033910735381,10811877.84259713,58346896.83744864,648
base,Modelo-base,,,,False,8,0.4,-74.55036741387127,11,0.0,0.0,58350519.84179458,648
base,Modelo-base,,,,False,8,0.4,-74.55036741387127,12,0.0,0.0,58350519.84179458,648
base,Modelo-base,,,,False,8,0.4,-74.55036741387127,13,0.0633688679952559,3697606.389309245,58350519.84179458,648
base,Modelo-base,,,,False,8,0.4,-74.55036741387127,14,0.137581370657587,8027944.498416827,58350519.84179458,648
base,Modelo-base,,,,False,8,0.4,-74.55036741387127,15,0.0,0.0,58350519.84179458,648
base,Modelo-base,,,,False,8,0.4,-74.55036741387127,16,0.0,0.0,58350519.84179458,648
base,Modelo-base,,,,False,8,0.4,-74.55036741387127,21,0.0,0.0,58350519.84179458,648
base,Modelo-base,,,,False,8,0.4,-74.55036741387127,22,0.0,0.0,58350519.84179458,648
base,Modelo-base,,,,False,8,0.4,-74.55036741387127,23,0.0121276611222809,707655.3309502127,58350519.84179458,648
base,Modelo-base,,,,False,8,0.4,-74.55036741387127,24,0.0,0.0,58350519.84179458,648
base,Modelo-base,,,,False,8,0.4,-74.55036741387127,25,0.0,0.0,58350519.84179458,648
base,Modelo-base,,,,False,8,0.4,-74.55036741387127,26,0.0,0.0,58350519.84179458,648
base,Modelo-base,,,,False,8,0.4,-74.55036741387127,111,0.0,0.0,58350519.84179458,648
base,Modelo-base,,,,False,8,0.4,-74.55036741387127,121,0.0,0.0,58350519.84179458,648
base,Modelo-base,,,,False,8,0.4,-74.55036741387127,131,0.5440354992394952,31744754.193014786,58350519.84179458,648
base,Modelo-base,,,,False,8,0.4,-74.55036741387127,161,0.0,0.0,58350519.84179458,648
base,Modelo-base,,,,False,8,0.4,-74.55036741387127,231,0.0,0.0,58350519.84179458,648
base,Modelo-base,,,,False,8,0.4,-74.55036741387127,232,0.0,0.0,58350519.84179458,648
base,Modelo-base,,,,False,8,0.4,-74.55036741387127,241,0.2428866009853807,14172559.430103503,58350519.84179458,648
base,Modelo-base,,,,False,9,0.45,-66.2794956010885,11,0.0,0.0,58358307.019730106,648
base,Modelo-base,,,,False,9,0.45,-66.2794956010885,12,0.0509216388741668,2971700.6353664505,58358307.019730106,648
base,Modelo-base,,,,False,9,0.45,-66.2794956010885,13,0.0557687856613536,3254571.9157427954,58358307.019730106,648
base,Modelo-base,,,,False,9,0.45,-66.2794956010885,14,0.1580362629972305,9222728.756243192,58358307.019730106,648
base,Modelo-base,,,,False,9,0.45,-66.2794956010885,15,0.0,0.0,58358307.019730106,648
base,Modelo-base,,,,False,9,0.45,-66.2794956010885,16,0.0,0.0,58358307.019730106,648
base,Modelo-base,,,,False,9,0.45,-66.2794956010885,21,0.0,0.0,58358307.019730106,648
base,Modelo-base,,,,False,9,0.45,-66.2794956010885,22,0.0,0.0,58358307.019730106,648
base,Modelo-base,,,,False,9,0.45,-66.2794956010885,23,0.2521781161405185,14716687.925385537,58358307.019730106,648
base,Modelo-base,,,,False,9,0.45,-66.2794956010885,24,0.0,0.0,58358307.019730106,648
base,Modelo-base,,,,False,9,0.45,-66.2794956010885,25,0.0,0.0,58358307.019730106,648
base,Modelo-base,,,,False,9,0.45,-66.2794956010885,26,0.0,0.0,58358307.019730106,648
base,Modelo-base,,,,False,9,0.45,-66.2794956010885,111,0.0,0.0,58358307.019730106,648
base,Modelo-base,,,,False,9,0.45,-66.2794956010885,121,0.0,0.0,58358307.019730106,648
base,Modelo-base,,,,False,9,0.45,-66.2794956010885,131,0.044303229120387,2585461.4469729937,58358307.019730106,648
base,Modelo-base,,,,False,9,0.45,-66.2794956010885,161,0.0,0.0,58358307.019730106,648
base,Modelo-base,,,,False,9,0.45,-66.2794956010885,231,0.0953249531135157,5563002.880439928,58358307.019730106,648
base,Modelo-base,,,,False,9,0.45,-66.2794956010885,232,0.0,0.0,58358307.019730106,648
base,Modelo-base,,,,False,9,0.45,-66.2794956010885,241,0.3434670140928277,20044153.459579207,58358307.019730106,648
base,Modelo-base,,,,False,10,0.5,-58.65589918356564,11,0.0,0.0,58355041.59088442,648
base,Modelo-base,,,,False,10,0.5,-58.65589918356564,12,0.0563720493761126,3289593.2859064443,58355041.59088442,648
base,Modelo-base,,,,False,10,0.5,-58.65589918356564,13,0.0546677179907251,3190136.957027508,58355041.59088442,648
base,Modelo-base,,,,False,10,0.5,-58.65589918356564,14,0.0,0.0,58355041.59088442,648
base,Modelo-base,,,,False,10,0.5,-58.65589918356564,15,0.0,0.0,58355041.59088442,648
base,Modelo-base,,,,False,10,0.5,-58.65589918356564,16,0.0,0.0,58355041.59088442,648
base,Modelo-base,,,,False,10,0.5,-58.65589918356564,21,0.0,0.0,58355041.59088442,648
base,Modelo-base,,,,False,10,0.5,-58.65589918356564,22,0.0,0.0,58355041.59088442,648
base,Modelo-base,,,,False,10,0.5,-58.65589918356564,23,0.1703410062250526,9940256.502896048,58355041.59088442,648
base,Modelo-base,,,,False,10,0.5,-58.65589918356564,24,0.0,0.0,58355041.59088442,648
base,Modelo-base,,,,False,10,0.5,-58.65589918356564,25,0.0,0.0,58355041.59088442,648
base,Modelo-base,,,,False,10,0.5,-58.65589918356564,26,0.0,0.0,58355041.59088442,648
base,Modelo-base,,,,False,10,0.5,-58.65589918356564,111,0.0,0.0,58355041.59088442,648
base,Modelo-base,,,,False,10,0.5,-58.65589918356564,121,0.0,0.0,58355041.59088442,648
base,Modelo-base,,,,False,10,0.5,-58.65589918356564,131,0.2001739725300214,11681160.492401958,58355041.59088442,648
base,Modelo-base,,,,False,10,0.5,-58.65589918356564,161,0.0,0.0,58355041.59088442,648
base,Modelo-base,,,,False,10,0.5,-58.65589918356564,231,0.0047960301263306,279872.5374931626,58355041.59088442,648
base,Modelo-base,,,,False,10,0.5,-58.65589918356564,232,0.0,0.0,58355041.59088442,648
base,Modelo-base,,,,False,10,0.5,-58.65589918356564,241,0.5136492237517574,29974021.8151593,58355041.59088442,648
base,Modelo-base,,,,False,11,0.55,-51.71828171018736,11,0.0,0.0,58390943.2523528,648
base,Modelo-base,,,,False,11,0.55,-51.71828171018736,12,0.0978140421587902,5711454.184977168,58390943.2523528,648
base,Modelo-base,,,,False,11,0.55,-51.71828171018736,13,0.0572794127189524,3344598.9376004464,58390943.2523528,648
base,Modelo-base,,,,False,11,0.55,-51.71828171018736,14,0.0,0.0,58390943.2523528,648
base,Modelo-base,,,,False,11,0.55,-51.71828171018736,15,0.0,0.0,58390943.2523528,648
base,Modelo-base,,,,False,11,0.55,-51.71828171018736,16,0.0,0.0,58390943.2523528,648
base,Modelo-base,,,,False,11,0.55,-51.71828171018736,21,0.0,0.0,58390943.2523528,648
base,Modelo-base,,,,False,11,0.55,-51.71828171018736,22,0.0,0.0,58390943.2523528,648
base,Modelo-base,,,,False,11,0.55,-51.71828171018736,23,0.4203700746062144,24545805.17131878,58390943.2523528,648
base,Modelo-base,,,,False,11,0.55,-51.71828171018736,24,0.0,0.0,58390943.2523528,648
base,Modelo-base,,,,False,11,0.55,-51.71828171018736,25,0.0,0.0,58390943.2523528,648
base,Modelo-base,,,,False,11,0.55,-51.71828171018736,26,0.0,0.0,58390943.2523528,648
base,Modelo-base,,,,False,11,0.55,-51.71828171018736,111,0.0,0.0,58390943.2523528,648
base,Modelo-base,,,,False,11,0.55,-51.71828171018736,121,0.0,0.0,58390943.2523528,648
base,Modelo-base,,,,False,11,0.55,-51.71828171018736,131,0.0015746561165618,91945.65594413113,58390943.2523528,648
base,Modelo-base,,,,False,11,0.55,-51.71828171018736,161,0.0,0.0,58390943.2523528,648
base,Modelo-base,,,,False,11,0.55,-51.71828171018736,231,0.0812334756934542,4743299.269407867,58390943.2523528,648
base,Modelo-base,,,,False,11,0.55,-51.71828171018736,232,0.0,0.0,58390943.2523528,648
base,Modelo-base,,,,False,11,0.55,-51.71828171018736,241,0.3417283387060267,19953840.033104405,58390943.2523528,648
base,Modelo-base,,,,False,12,0.6,-45.466041551483706,11,0.0,0.0,58346711.24170842,648
base,Modelo-base,,,,False,12,0.6,-45.466041551483706,12,0.0930113955995295,5426909.04123406,58346711.24170842,648
base,Modelo-base,,,,False,12,0.6,-45.466041551483706,13,0.0505146065022296,2947361.1590741174,58346711.24170842,648
base,Modelo-base,,,,False,12,0.6,-45.466041551483706,14,0.0,0.0,58346711.24170842,648
base,Modelo-base,,,,False,12,0.6,-45.466041551483706,15,0.0,0.0,58346711.24170842,648
base,Modelo-base,,,,False,12,0.6,-45.466041551483706,16,0.0,0.0,58346711.24170842,648
base,Modelo-base,,,,False,12,0.6,-45.466041551483706,21,0.0,0.0,58346711.24170842,648
base,Modelo-base,,,,False,12,0.6,-45.466041551483706,22,0.0,0.0,58346711.24170842,648
base,Modelo-base,,,,False,12,0.6,-45.466041551483706,23,0.297901400161429,17381566.97371953,58346711.24170842,648
base,Modelo-base,,,,False,12,0.6,-45.466041551483706,24,0.0,0.0,58346711.24170842,648
base,Modelo-base,,,,False,12,0.6,-45.466041551483706,25,0.0,0.0,58346711.24170842,648
base,Modelo-base,,,,False,12,0.6,-45.466041551483706,26,0.0,0.0,58346711.24170842,648
base,Modelo-base,,,,False,12,0.6,-45.466041551483706,111,0.0,0.0,58346711.24170842,648
base,Modelo-base,,,,False,12,0.6,-45.466041551483706,121,0.0,0.0,58346711.24170842,648
base,Modelo-base,,,,False,12,0.6,-45.466041551483706,131,0.0063912166418199,372906.4718834718,58346711.24170842,648
base,Modelo-base,,,,False,12,0.6,-45.466041551483706,161,0.0,0.0,58346711.24170842,648
base,Modelo-base,,,,False,12,0.6,-45.466041551483706,231,0.1156870256193045,6749957.478221689,58346711.24170842,648
base,Modelo-base,,,,False,12,0.6,-45.466041551483706,232,0.0,0.0,58346711.24170842,648
base,Modelo-base,,,,False,12,0.6,-45.466041551483706,241,0.4364943554756872,25468010.117575552,58346711.24170842,648
base,Modelo-base,,,,False,13,0.65,-39.93424544628739,11,0.1465710666479377,8520103.357659105,58129503.67704092,625
base,Modelo-base,,,,False,13,0.65,-39.93424544628739,12,0.0,0.0,58129503.67704092,625
base,Modelo-base,,,,False,13,0.65,-39.93424544628739,13,0.0351464723624791,2043046.9944297508,58129503.67704092,625
base,Modelo-base,,,,False,13,0.65,-39.93424544628739,14,0.0,0.0,58129503.67704092,625
base,Modelo-base,,,,False,13,0.65,-39.93424544628739,15,0.0,0.0,58129503.67704092,625
base,Modelo-base,,,,False,13,0.65,-39.93424544628739,16,0.0,0.0,58129503.67704092,625
base,Modelo-base,,,,False,13,0.65,-39.93424544628739,21,0.3760614106762804,21860263.15470004,58129503.67704092,625
base,Modelo-base,,,,False,13,0.65,-39.93424544628739,22,0.0,0.0,58129503.67704092,625
base,Modelo-base,,,,False,13,0.65,-39.93424544628739,23,0.1067836670844805,6207281.568435228,58129503.67704092,625
base,Modelo-base,,,,False,13,0.65,-39.93424544628739,24,0.0,0.0,58129503.67704092,625
base,Modelo-base,,,,False,13,0.65,-39.93424544628739,25,0.0,0.0,58129503.67704092,625
base,Modelo-base,,,,False,13,0.65,-39.93424544628739,26,0.0,0.0,58129503.67704092,625
base,Modelo-base,,,,False,13,0.65,-39.93424544628739,111,0.0706060017264896,4104291.836981139,58129503.67704092,625
base,Modelo-base,,,,False,13,0.65,-39.93424544628739,121,0.0,0.0,58129503.67704092,625
base,Modelo-base,,,,False,13,0.65,-39.93424544628739,131,0.0,0.0,58129503.67704092,625
base,Modelo-base,,,,False,13,0.65,-39.93424544628739,161,0.0,0.0,58129503.67704092,625
base,Modelo-base,,,,False,13,0.65,-39.93424544628739,231,0.0355683146817366,2067568.4790781585,58129503.67704092,625
base,Modelo-base,,,,False,13,0.65,-39.93424544628739,232,0.2292630668205956,13326948.285757491,58129503.67704092,625
base,Modelo-base,,,,False,13,0.65,-39.93424544628739,241,0.0,0.0,58129503.67704092,625
base,Modelo-base,,,,False,14,0.7,-35.49522625665838,11,0.0015463541299743,89767.78489088586,58051246.574660495,641
base,Modelo-base,,,,False,14,0.7,-35.49522625665838,12,0.4633689409278769,26899144.64484348,58051246.574660495,641
base,Modelo-base,,,,False,14,0.7,-35.49522625665838,13,0.0545968084959589,3169412.7921884344,58051246.574660495,641
base,Modelo-base,,,,False,14,0.7,-35.49522625665838,14,0.0,0.0,58051246.574660495,641
base,Modelo-base,,,,False,14,0.7,-35.49522625665838,15,0.0,0.0,58051246.574660495,641
base,Modelo-base,,,,False,14,0.7,-35.49522625665838,16,0.0,0.0,58051246.574660495,641
base,Modelo-base,,,,False,14,0.7,-35.49522625665838,21,0.0032835796366132,190615.891132572,58051246.574660495,641
base,Modelo-base,,,,False,14,0.7,-35.49522625665838,22,0.0,0.0,58051246.574660495,641
base,Modelo-base,,,,False,14,0.7,-35.49522625665838,23,0.4604874534041453,26731870.702101525,58051246.574660495,641
base,Modelo-base,,,,False,14,0.7,-35.49522625665838,24,0.0,0.0,58051246.574660495,641
base,Modelo-base,,,,False,14,0.7,-35.49522625665838,25,0.0,0.0,58051246.574660495,641
base,Modelo-base,,,,False,14,0.7,-35.49522625665838,26,0.0,0.0,58051246.574660495,641
base,Modelo-base,,,,False,14,0.7,-35.49522625665838,111,0.0135423000471817,786147.3992269827,58051246.574660495,641
base,Modelo-base,,,,False,14,0.7,-35.49522625665838,121,0.0,0.0,58051246.574660495,641
base,Modelo-base,,,,False,14,0.7,-35.49522625665838,131,0.0031745633582493,184287.3602766153,58051246.574660495,641
base,Modelo-base,,,,False,14,0.7,-35.49522625665838,161,0.0,0.0,58051246.574660495,641
base,Modelo-base,,,,False,14,0.7,-35.49522625665838,231,0.0,0.0,58051246.574660495,641
base,Modelo-base,,,,False,14,0.7,-35.49522625665838,232,0.0,0.0,58051246.574660495,641
base,Modelo-base,,,,False,14,0.7,-35.49522625665838,241,0.0,0.0,58051246.574660495,641
base,Modelo-base,,,,False,15,0.75,-31.123635328682195,11,0.1538387451551294,9247933.604878943,60114463.33336523,618
base,Modelo-base,,,,False,15,0.75,-31.123635328682195,12,0.0848438935262221,5100345.126442023,60114463.33336523,618
base,Modelo-base,,,,False,15,0.75,-31.123635328682195,13,0.0225135555914897,1353390.3121082883,60114463.33336523,618
base,Modelo-base,,,,False,15,0.75,-31.123635328682195,14,0.0,0.0,60114463.33336523,618
base,Modelo-base,,,,False,15,0.75,-31.123635328682195,15,0.0,0.0,60114463.33336523,618
base,Modelo-base,,,,False,15,0.75,-31.123635328682195,16,0.0,0.0,60114463.33336523,618
base,Modelo-base,,,,False,15,0.75,-31.123635328682195,21,0.0976552073375648,5870490.380806223,60114463.33336523,618
base,Modelo-base,,,,False,15,0.75,-31.123635328682195,22,0.0,0.0,60114463.33336523,618
base,Modelo-base,,,,False,15,0.75,-31.123635328682195,23,0.6273069446799631,37710220.32472901,60114463.33336523,618
base,Modelo-base,,,,False,15,0.75,-31.123635328682195,24,0.0,0.0,60114463.33336523,618
base,Modelo-base,,,,False,15,0.75,-31.123635328682195,25,0.0,0.0,60114463.33336523,618
base,Modelo-base,,,,False,15,0.75,-31.123635328682195,26,0.0,0.0,60114463.33336523,618
base,Modelo-base,,,,False,15,0.75,-31.123635328682195,111,0.0015963871686258,95965.95791421464,60114463.33336523,618
base,Modelo-base,,,,False,15,0.75,-31.123635328682195,121,0.0,0.0,60114463.33336523,618
base,Modelo-base,,,,False,15,0.75,-31.123635328682195,131,0.0,0.0,60114463.33336523,618
base,Modelo-base,,,,False,15,0.75,-31.123635328682195,161,0.0,0.0,60114463.33336523,618
base,Modelo-base,,,,False,15,0.75,-31.123635328682195,231,0.0,0.0,60114463.33336523,618
base,Modelo-base,,,,False,15,0.75,-31.123635328682195,232,0.0,0.0,60114463.33336523,618
base,Modelo-base,,,,False,15,0.75,-31.123635328682195,241,0.0122452665410051,736117.626486538,60114463.33336523,618
base,Modelo-base,,,,False,16,0.8,-27.28471797687108,11,0.0,0.0,57636310.86092989,641
base,Modelo-base,,,,False,16,0.8,-27.28471797687108,12,0.1628597026190006,9386632.446867315,57636310.86092989,641
base,Modelo-base,,,,False,16,0.8,-27.28471797687108,13,0.143980442802126,8298501.559237671,57636310.86092989,641
base,Modelo-base,,,,False,16,0.8,-27.28471797687108,14,0.0,0.0,57636310.86092989,641
base,Modelo-base,,,,False,16,0.8,-27.28471797687108,15,0.0,0.0,57636310.86092989,641
base,Modelo-base,,,,False,16,0.8,-27.28471797687108,16,0.0,0.0,57636310.86092989,641
base,Modelo-base,,,,False,16,0.8,-27.28471797687108,21,0.0,0.0,57636310.86092989,641
base,Modelo-base,,,,False,16,0.8,-27.28471797687108,22,0.0,0.0,57636310.86092989,641
base,Modelo-base,,,,False,16,0.8,-27.28471797687108,23,0.6931598545788733,39951176.8548249,57636310.86092989,641
base,Modelo-base,,,,False,16,0.8,-27.28471797687108,24,0.0,0.0,57636310.86092989,641
base,Modelo-base,,,,False,16,0.8,-27.28471797687108,25,0.0,0.0,57636310.86092989,641
base,Modelo-base,,,,False,16,0.8,-27.28471797687108,26,0.0,0.0,57636310.86092989,641
base,Modelo-base,,,,False,16,0.8,-27.28471797687108,111,0.0,0.0,57636310.86092989,641
base,Modelo-base,,,,False,16,0.8,-27.28471797687108,121,0.0,0.0,57636310.86092989,641
base,Modelo-base,,,,False,16,0.8,-27.28471797687108,131,0.0,0.0,57636310.86092989,641
base,Modelo-base,,,,False,16,0.8,-27.28471797687108,161,0.0,0.0,57636310.86092989,641
base,Modelo-base,,,,False,16,0.8,-27.28471797687108,231,0.0,0.0,57636310.86092989,641
base,Modelo-base,,,,False,16,0.8,-27.28471797687108,232,0.0,0.0,57636310.86092989,641
base,Modelo-base,,,,False,16,0.8,-27.28471797687108,241,0.0,0.0,57636310.86092989,641
base,Modelo-base,,,,False,17,0.85,-22.69402364012787,11,0.0623150150437916,3613940.3564503454,57994696.04413423,635
base,Modelo-base,,,,False,17,0.85,-22.69402364012787,12,0.0497884765070125,2887467.5615247088,57994696.04413423,635
base,Modelo-base,,,,False,17,0.85,-22.69402364012787,13,0.0089230561576945,517489.92965023726,57994696.04413423,635
base,Modelo-base,,,,False,17,0.85,-22.69402364012787,14,0.0,0.0,57994696.04413423,635
base,Modelo-base,,,,False,17,0.85,-22.69402364012787,15,0.0,0.0,57994696.04413423,635
base,Modelo-base,,,,False,17,0.85,-22.69402364012787,16,0.0,0.0,57994696.04413423,635
base,Modelo-base,,,,False,17,0.85,-22.69402364012787,21,0.3093936614719889,17943191.35504976,57994696.04413423,635
base,Modelo-base,,,,False,17,0.85,-22.69402364012787,22,0.0,0.0,57994696.04413423,635
base,Modelo-base,,,,False,17,0.85,-22.69402364012787,23,0.5629444084120042,32647789.855599143,57994696.04413423,635
base,Modelo-base,,,,False,17,0.85,-22.69402364012787,24,0.0,0.0,57994696.04413423,635
base,Modelo-base,,,,False,17,0.85,-22.69402364012787,25,0.0,0.0,57994696.04413423,635
base,Modelo-base,,,,False,17,0.85,-22.69402364012787,26,0.0,0.0,57994696.04413423,635
base,Modelo-base,,,,False,17,0.85,-22.69402364012787,111,0.0066353824075082,384816.98586003546,57994696.04413423,635
base,Modelo-base,,,,False,17,0.85,-22.69402364012787,121,0.0,0.0,57994696.04413423,635
base,Modelo-base,,,,False,17,0.85,-22.69402364012787,131,0.0,0.0,57994696.04413423,635
base,Modelo-base,,,,False,17,0.85,-22.69402364012787,161,0.0,0.0,57994696.04413423,635
base,Modelo-base,,,,False,17,0.85,-22.69402364012787,231,0.0,0.0,57994696.04413423,635
base,Modelo-base,,,,False,17,0.85,-22.69402364012787,232,0.0,0.0,57994696.04413423,635
base,Modelo-base,,,,False,17,0.85,-22.69402364012787,241,0.0,0.0,57994696.04413423,635
base,Modelo-base,,,,False,18,0.9,-17.323650463281332,11,0.0,0.0,58338156.66512551,648
base,Modelo-base,,,,False,18,0.9,-17.323650463281332,12,0.0892032019427248,5203950.3699655095,58338156.66512551,648
base,Modelo-base,,,,False,18,0.9,-17.323650463281332,13,0.0115560071061888,674156.1529841474,58338156.66512551,648
base,Modelo-base,,,,False,18,0.9,-17.323650463281332,14,0.0,0.0,58338156.66512551,648
base,Modelo-base,,,,False,18,0.9,-17.323650463281332,15,0.0,0.0,58338156.66512551,648
base,Modelo-base,,,,False,18,0.9,-17.323650463281332,16,0.0,0.0,58338156.66512551,648
base,Modelo-base,,,,False,18,0.9,-17.323650463281332,21,0.0,0.0,58338156.66512551,648
base,Modelo-base,,,,False,18,0.9,-17.323650463281332,22,0.0,0.0,58338156.66512551,648
base,Modelo-base,,,,False,18,0.9,-17.323650463281332,23,0.8992407909510863,52460050.14217585,58338156.66512551,648
base,Modelo-base,,,,False,18,0.9,-17.323650463281332,24,0.0,0.0,58338156.66512551,648
base,Modelo-base,,,,False,18,0.9,-17.323650463281332,25,0.0,0.0,58338156.66512551,648
base,Modelo-base,,,,False,18,0.9,-17.323650463281332,26,0.0,0.0,58338156.66512551,648
base,Modelo-base,,,,False,18,0.9,-17.323650463281332,111,0.0,0.0,58338156.66512551,648
base,Modelo-base,,,,False,18,0.9,-17.323650463281332,121,0.0,0.0,58338156.66512551,648
base,Modelo-base,,,,False,18,0.9,-17.323650463281332,131,0.0,0.0,58338156.66512551,648
base,Modelo-base,,,,False,18,0.9,-17.323650463281332,161,0.0,0.0,58338156.66512551,648
base,Modelo-base,,,,False,18,0.9,-17.323650463281332,231,0.0,0.0,58338156.66512551,648
base,Modelo-base,,,,False,18,0.9,-17.323650463281332,232,0.0,0.0,58338156.66512551,648
base,Modelo-base,,,,False,18,0.9,-17.323650463281332,241,0.0,0.0,58338156.66512551,648
base,Modelo-base,,,,False,19,0.95,-11.500130433364074,11,0.0408321435984859,2427161.371569142,59442418.58659468,643
base,Modelo-base,,,,False,19,0.95,-11.500130433364074,12,0.0313566051201399,1863912.4470059176,59442418.58659468,643
base,Modelo-base,,,,False,19,0.95,-11.500130433364074,13,0.0173859929946922,1033465.4731340988,59442418.58659468,643
base,Modelo-base,,,,False,19,0.95,-11.500130433364074,14,0.0,0.0,59442418.58659468,643
base,Modelo-base,,,,False,19,0.95,-11.500130433364074,15,0.0,0.0,59442418.58659468,643
base,Modelo-base,,,,False,19,0.95,-11.500130433364074,16,0.0,0.0,59442418.58659468,643
base,Modelo-base,,,,False,19,0.95,-11.500130433364074,21,0.4998981472384617,29715154.918811783,59442418.58659468,643
base,Modelo-base,,,,False,19,0.95,-11.500130433364074,22,0.0,0.0,59442418.58659468,643
base,Modelo-base,,,,False,19,0.95,-11.500130433364074,23,0.4045823202551802,24049351.63334413,59442418.58659468,643
base,Modelo-base,,,,False,19,0.95,-11.500130433364074,24,0.0,0.0,59442418.58659468,643
base,Modelo-base,,,,False,19,0.95,-11.500130433364074,25,0.0,0.0,59442418.58659468,643
base,Modelo-base,,,,False,19,0.95,-11.500130433364074,26,0.0,0.0,59442418.58659468,643
base,Modelo-base,,,,False,19,0.95,-11.500130433364074,111,0.0059447907930399,353372.7427296153,59442418.58659468,643
base,Modelo-base,,,,False,19,0.95,-11.500130433364074,121,0.0,0.0,59442418.58659468,643
base,Modelo-base,,,,False,19,0.95,-11.500130433364074,131,0.0,0.0,59442418.58659468,643
base,Modelo-base,,,,False,19,0.95,-11.500130433364074,161,0.0,0.0,59442418.58659468,643
base,Modelo-base,,,,False,19,0.95,-11.500130433364074,231,0.0,0.0,59442418.58659468,643
base,Modelo-base,,,,False,19,0.95,-11.500130433364074,232,0.0,0.0,59442418.58659468,643
base,Modelo-base,,,,False,19,0.95,-11.500130433364074,241,0.0,0.0,59442418.58659468,643
base,Modelo-base,,,,False,20,1.0,-6.060364446090919,11,0.0,0.0,58328355.92118541,648
base,Modelo-base,,,,False,20,1.0,-6.060364446090919,12,0.077287495628955,4508052.55330275,58328355.92118541,648
base,Modelo-base,,,,False,20,1.0,-6.060364446090919,13,0.0047060543519326,274496.4132239725,58328355.92118541,648
base,Modelo-base,,,,False,20,1.0,-6.060364446090919,14,0.0,0.0,58328355.92118541,648
base,Modelo-base,,,,False,20,1.0,-6.060364446090919,15,0.0,0.0,58328355.92118541,648
base,Modelo-base,,,,False,20,1.0,-6.060364446090919,16,0.0,0.0,58328355.92118541,648
base,Modelo-base,,,,False,20,1.0,-6.060364446090919,21,0.0,0.0,58328355.92118541,648
base,Modelo-base,,,,False,20,1.0,-6.060364446090919,22,0.0,0.0,58328355.92118541,648
base,Modelo-base,,,,False,20,1.0,-6.060364446090919,23,0.9180064500191124,53545806.95465869,58328355.92118541,648
base,Modelo-base,,,,False,20,1.0,-6.060364446090919,24,0.0,0.0,58328355.92118541,648
base,Modelo-base,,,,False,20,1.0,-6.060364446090919,25,0.0,0.0,58328355.92118541,648
base,Modelo-base,,,,False,20,1.0,-6.060364446090919,26,0.0,0.0,58328355.92118541,648
base,Modelo-base,,,,False,20,1.0,-6.060364446090919,111,0.0,0.0,58328355.92118541,648
base,Modelo-base,,,,False,20,1.0,-6.060364446090919,121,0.0,0.0,58328355.92118541,648
base,Modelo-base,,,,False,20,1.0,-6.060364446090919,131,0.0,0.0,58328355.92118541,648
base,Modelo-base,,,,False,20,1.0,-6.060364446090919,161,0.0,0.0,58328355.92118541,648
base,Modelo-base,,,,False,20,1.0,-6.060364446090919,231,0.0,0.0,58328355.92118541,648
base,Modelo-base,,,,False,20,1.0,-6.060364446090919,232,0.0,0.0,58328355.92118541,648
base,Modelo-base,,,,False,20,1.0,-6.060364446090919,241,0.0,0.0,58328355.92118541,648
Sim549,Sim549,F04,,False,True,0,0.0,-114.66306780220768,11,0.3180385545997035,18647792.151390016,58633747.01492056,648
Sim549,Sim549,F04,,False,True,0,0.0,-114.66306780220768,12,0.5259635747474134,30839215.180803098,58633747.01492056,648
Sim549,Sim549,F04,,False,True,0,0.0,-114.66306780220768,13,0.0,0.0,58633747.01492056,648
Sim549,Sim549,F04,,False,True,0,0.0,-114.66306780220768,14,0.0,0.0,58633747.01492056,648
Sim549,Sim549,F04,,False,True,0,0.0,-114.66306780220768,15,0.0,0.0,58633747.01492056,648
Sim549,Sim549,F04,,False,True,0,0.0,-114.66306780220768,16,0.1559978706528831,9146739.682727449,58633747.01492056,648
Sim549,Sim549,F04,,False,True,0,0.0,-114.66306780220768,21,0.0,0.0,58633747.01492056,648
Sim549,Sim549,F04,,False,True,0,0.0,-114.66306780220768,22,0.0,0.0,58633747.01492056,648
Sim549,Sim549,F04,,False,True,0,0.0,-114.66306780220768,23,0.0,0.0,58633747.01492056,648
Sim549,Sim549,F04,,False,True,0,0.0,-114.66306780220768,24,0.0,0.0,58633747.01492056,648
Sim549,Sim549,F04,,False,True,0,0.0,-114.66306780220768,25,0.0,0.0,58633747.01492056,648
Sim549,Sim549,F04,,False,True,0,0.0,-114.66306780220768,26,0.0,0.0,58633747.01492056,648
Sim549,Sim549,F04,,False,True,0,0.0,-114.66306780220768,111,0.0,0.0,58633747.01492056,648
Sim549,Sim549,F04,,False,True,0,0.0,-114.66306780220768,121,0.0,0.0,58633747.01492056,648
Sim549,Sim549,F04,,False,True,0,0.0,-114.66306780220768,131,0.0,0.0,58633747.01492056,648
Sim549,Sim549,F04,,False,True,0,0.0,-114.66306780220768,161,0.0,0.0,58633747.01492056,648
Sim549,Sim549,F04,,False,True,0,0.0,-114.66306780220768,231,0.0,0.0,58633747.01492056,648
Sim549,Sim549,F04,,False,True,0,0.0,-114.66306780220768,232,0.0,0.0,58633747.01492056,648
Sim549,Sim549,F04,,False,True,0,0.0,-114.66306780220768,241,0.0,0.0,58633747.01492056,648
Sim549,Sim549,F04,,False,True,1,0.05,-96.52435282468014,11,0.0,0.0,312472817.22847295,611
Sim549,Sim549,F04,,False,True,1,0.05,-96.52435282468014,12,0.007717250227362,2411430.9198009064,312472817.22847295,611
Sim549,Sim549,F04,,False,True,1,0.05,-96.52435282468014,13,0.0628182695712238,19629001.66633798,312472817.22847295,611
Sim549,Sim549,F04,,False,True,1,0.05,-96.52435282468014,14,0.0011511964276755,359717.5909391324,312472817.22847295,611
Sim549,Sim549,F04,,False,True,1,0.05,-96.52435282468014,15,0.000307801456151,96179.58815054278,312472817.22847295,611
Sim549,Sim549,F04,,False,True,1,0.05,-96.52435282468014,16,0.0,0.0,312472817.22847295,611
Sim549,Sim549,F04,,False,True,1,0.05,-96.52435282468014,21,0.0,0.0,312472817.22847295,611
Sim549,Sim549,F04,,False,True,1,0.05,-96.52435282468014,22,0.0,0.0,312472817.22847295,611
Sim549,Sim549,F04,,False,True,1,0.05,-96.52435282468014,23,0.0473984680542501,14810732.84522532,312472817.22847295,611
Sim549,Sim549,F04,,False,True,1,0.05,-96.52435282468014,24,0.0135554616760527,4235713.298748799,312472817.22847295,611
Sim549,Sim549,F04,,False,True,1,0.05,-96.52435282468014,25,0.0083614684873712,2612731.614416006,312472817.22847295,611
Sim549,Sim549,F04,,False,True,1,0.05,-96.52435282468014,26,0.0062124206560079,1941212.5841911505,312472817.22847295,611
Sim549,Sim549,F04,,False,True,1,0.05,-96.52435282468014,111,0.0,0.0,312472817.22847295,611
Sim549,Sim549,F04,,False,True,1,0.05,-96.52435282468014,121,0.0,0.0,312472817.22847295,611
Sim549,Sim549,F04,,False,True,1,0.05,-96.52435282468014,131,0.000445504149908,139207.93680872917,312472817.22847295,611
Sim549,Sim549,F04,,False,True,1,0.05,-96.52435282468014,161,0.0006005819573613,187665.53619329177,312472817.22847295,611
Sim549,Sim549,F04,,False,True,1,0.05,-96.52435282468014,231,0.8435144109867868,263575324.3738573,312472817.22847295,611
Sim549,Sim549,F04,,False,True,1,0.05,-96.52435282468014,232,0.0,0.0,312472817.22847295,611
Sim549,Sim549,F04,,False,True,1,0.05,-96.52435282468014,241,0.007917166349849,2473899.2738038003,312472817.22847295,611
Sim549,Sim549,F04,,False,True,2,0.1,-100.41635383860978,11,0.0,0.0,74637932.93175143,578
Sim549,Sim549,F04,,False,True,2,0.1,-100.41635383860978,12,0.001333594433139,99536.73185879255,74637932.93175143,578
Sim549,Sim549,F04,,False,True,2,0.1,-100.41635383860978,13,0.3042046293861176,22705204.72564935,74637932.93175143,578
Sim549,Sim549,F04,,False,True,2,0.1,-100.41635383860978,14,0.0184183641862676,1374708.6308472182,74637932.93175143,578
Sim549,Sim549,F04,,False,True,2,0.1,-100.41635383860978,15,0.0,0.0,74637932.93175143,578
Sim549,Sim549,F04,,False,True,2,0.1,-100.41635383860978,16,0.0,0.0,74637932.93175143,578
Sim549,Sim549,F04,,False,True,2,0.1,-100.41635383860978,21,0.126798917168172,9464009.075416723,74637932.93175143,578
Sim549,Sim549,F04,,False,True,2,0.1,-100.41635383860978,22,0.0063951436366359,477320.30184015457,74637932.93175143,578
Sim549,Sim549,F04,,False,True,2,0.1,-100.41635383860978,23,0.0252680135543923,1885952.30099132,74637932.93175143,578
Sim549,Sim549,F04,,False,True,2,0.1,-100.41635383860978,24,0.0087503025361427,653104.4938251588,74637932.93175143,578
Sim549,Sim549,F04,,False,True,2,0.1,-100.41635383860978,25,0.0,0.0,74637932.93175143,578
Sim549,Sim549,F04,,False,True,2,0.1,-100.41635383860978,26,0.0065388758333046,488048.1758952424,74637932.93175143,578
Sim549,Sim549,F04,,False,True,2,0.1,-100.41635383860978,111,0.0301818549061494,2252711.262241039,74637932.93175143,578
Sim549,Sim549,F04,,False,True,2,0.1,-100.41635383860978,121,0.0,0.0,74637932.93175143,578
Sim549,Sim549,F04,,False,True,2,0.1,-100.41635383860978,131,0.0,0.0,74637932.93175143,578
Sim549,Sim549,F04,,False,True,2,0.1,-100.41635383860978,161,0.002186844736426,163221.5707695199,74637932.93175143,578
Sim549,Sim549,F04,,False,True,2,0.1,-100.41635383860978,231,0.3644731309847615,27203521.10586608,74637932.93175143,578
Sim549,Sim549,F04,,False,True,2,0.1,-100.41635383860978,232,0.0,0.0,74637932.93175143,578
Sim549,Sim549,F04,,False,True,2,0.1,-100.41635383860978,241,0.105450328638491,7870594.55655084,74637932.93175143,578
Sim549,Sim549,F04,,False,True,3,0.15,-99.41797938518197,11,0.0,0.0,62060653.07462261,645
Sim549,Sim549,F04,,False,True,3,0.15,-99.41797938518197,12,0.0,0.0,62060653.07462261,645
Sim549,Sim549,F04,,False,True,3,0.15,-99.41797938518197,13,0.2470722492339209,15333465.144073058,62060653.07462261,645
Sim549,Sim549,F04,,False,True,3,0.15,-99.41797938518197,14,0.0107996407726132,670232.759319697,62060653.07462261,645
Sim549,Sim549,F04,,False,True,3,0.15,-99.41797938518197,15,0.0,0.0,62060653.07462261,645
Sim549,Sim549,F04,,False,True,3,0.15,-99.41797938518197,16,0.0,0.0,62060653.07462261,645
Sim549,Sim549,F04,,False,True,3,0.15,-99.41797938518197,21,0.0,0.0,62060653.07462261,645
Sim549,Sim549,F04,,False,True,3,0.15,-99.41797938518197,22,0.0,0.0,62060653.07462261,645
Sim549,Sim549,F04,,False,True,3,0.15,-99.41797938518197,23,0.075140059560696,4663241.168402835,62060653.07462261,645
Sim549,Sim549,F04,,False,True,3,0.15,-99.41797938518197,24,0.0471420790233996,2925668.211487652,62060653.07462261,645
Sim549,Sim549,F04,,False,True,3,0.15,-99.41797938518197,25,0.0,0.0,62060653.07462261,645
Sim549,Sim549,F04,,False,True,3,0.15,-99.41797938518197,26,0.0,0.0,62060653.07462261,645
Sim549,Sim549,F04,,False,True,3,0.15,-99.41797938518197,111,0.0,0.0,62060653.07462261,645
Sim549,Sim549,F04,,False,True,3,0.15,-99.41797938518197,121,0.0,0.0,62060653.07462261,645
Sim549,Sim549,F04,,False,True,3,0.15,-99.41797938518197,131,0.0,0.0,62060653.07462261,645
Sim549,Sim549,F04,,False,True,3,0.15,-99.41797938518197,161,0.0,0.0,62060653.07462261,645
Sim549,Sim549,F04,,False,True,3,0.15,-99.41797938518197,231,0.496148649684603,30791309.221518613,62060653.07462261,645
Sim549,Sim549,F04,,False,True,3,0.15,-99.41797938518197,232,0.0,0.0,62060653.07462261,645
Sim549,Sim549,F04,,False,True,3,0.15,-99.41797938518197,241,0.1236973217247672,7676736.569820759,62060653.07462261,645
Sim549,Sim549,F04,,False,True,4,0.2,-90.2687040401783,11,0.0,0.0,65983057.39508757,647
Sim549,Sim549,F04,,False,True,4,0.2,-90.2687040401783,12,0.0,0.0,65983057.39508757,647
Sim549,Sim549,F04,,False,True,4,0.2,-90.2687040401783,13,0.1919015101247549,12662248.356765684,65983057.39508757,647
Sim549,Sim549,F04,,False,True,4,0.2,-90.2687040401783,14,0.0150035516333762,989980.2085552232,65983057.39508757,647
Sim549,Sim549,F04,,False,True,4,0.2,-90.2687040401783,15,0.0,0.0,65983057.39508757,647
Sim549,Sim549,F04,,False,True,4,0.2,-90.2687040401783,16,0.0,0.0,65983057.39508757,647
Sim549,Sim549,F04,,False,True,4,0.2,-90.2687040401783,21,0.0047862315362733,315810.19016410166,65983057.39508757,647
Sim549,Sim549,F04,,False,True,4,0.2,-90.2687040401783,22,0.0548161197712241,3616935.1770406775,65983057.39508757,647
Sim549,Sim549,F04,,False,True,4,0.2,-90.2687040401783,23,0.0068042308787178,448963.9565998679,65983057.39508757,647
Sim549,Sim549,F04,,False,True,4,0.2,-90.2687040401783,24,0.0014641714282733,96610.50738800732,65983057.39508757,647
Sim549,Sim549,F04,,False,True,4,0.2,-90.2687040401783,25,0.0,0.0,65983057.39508757,647
Sim549,Sim549,F04,,False,True,4,0.2,-90.2687040401783,26,0.0,0.0,65983057.39508757,647
Sim549,Sim549,F04,,False,True,4,0.2,-90.2687040401783,111,0.027595281895163,1820821.069122164,65983057.39508757,647
Sim549,Sim549,F04,,False,True,4,0.2,-90.2687040401783,121,0.0,0.0,65983057.39508757,647
Sim549,Sim549,F04,,False,True,4,0.2,-90.2687040401783,131,0.0,0.0,65983057.39508757,647
Sim549,Sim549,F04,,False,True,4,0.2,-90.2687040401783,161,0.0,0.0,65983057.39508757,647
Sim549,Sim549,F04,,False,True,4,0.2,-90.2687040401783,231,0.5381546413484842,35509088.5875298,65983057.39508757,647
Sim549,Sim549,F04,,False,True,4,0.2,-90.2687040401783,232,0.0,0.0,65983057.39508757,647
Sim549,Sim549,F04,,False,True,4,0.2,-90.2687040401783,241,0.1594742613837329,10522599.341922048,65983057.39508757,647
Sim549,Sim549,F04,,False,True,5,0.25,-88.95203442082246,11,0.0,0.0,58996830.59779276,648
Sim549,Sim549,F04,,False,True,5,0.25,-88.95203442082246,12,0.0,0.0,58996830.59779276,648
Sim549,Sim549,F04,,False,True,5,0.25,-88.95203442082246,13,0.2056115254827975,12130428.337862354,58996830.59779276,648
Sim549,Sim549,F04,,False,True,5,0.25,-88.95203442082246,14,0.0118168239119852,697155.1585393401,58996830.59779276,648
Sim549,Sim549,F04,,False,True,5,0.25,-88.95203442082246,15,0.0,0.0,58996830.59779276,648
Sim549,Sim549,F04,,False,True,5,0.25,-88.95203442082246,16,0.0,0.0,58996830.59779276,648
Sim549,Sim549,F04,,False,True,5,0.25,-88.95203442082246,21,0.0,0.0,58996830.59779276,648
Sim549,Sim549,F04,,False,True,5,0.25,-88.95203442082246,22,0.0,0.0,58996830.59779276,648
Sim549,Sim549,F04,,False,True,5,0.25,-88.95203442082246,23,0.0,0.0,58996830.59779276,648
Sim549,Sim549,F04,,False,True,5,0.25,-88.95203442082246,24,0.0240347679161506,1417975.1312064028,58996830.59779276,648
Sim549,Sim549,F04,,False,True,5,0.25,-88.95203442082246,25,0.0,0.0,58996830.59779276,648
Sim549,Sim549,F04,,False,True,5,0.25,-88.95203442082246,26,0.0,0.0,58996830.59779276,648
Sim549,Sim549,F04,,False,True,5,0.25,-88.95203442082246,111,0.0,0.0,58996830.59779276,648
Sim549,Sim549,F04,,False,True,5,0.25,-88.95203442082246,121,0.0,0.0,58996830.59779276,648
Sim549,Sim549,F04,,False,True,5,0.25,-88.95203442082246,131,0.0,0.0,58996830.59779276,648
Sim549,Sim549,F04,,False,True,5,0.25,-88.95203442082246,161,0.0,0.0,58996830.59779276,648
Sim549,Sim549,F04,,False,True,5,0.25,-88.95203442082246,231,0.5958048345971286,35150596.89607273,58996830.59779276,648
Sim549,Sim549,F04,,False,True,5,0.25,-88.95203442082246,232,0.0,0.0,58996830.59779276,648
Sim549,Sim549,F04,,False,True,5,0.25,-88.95203442082246,241,0.162732048091938,9600675.074111933,58996830.59779276,648
Sim549,Sim549,F04,,False,True,6,0.3,-84.05136243176595,11,0.0,0.0,58130284.531131424,648
Sim549,Sim549,F04,,False,True,6,0.3,-84.05136243176595,12,0.0,0.0,58130284.531131424,648
Sim549,Sim549,F04,,False,True,6,0.3,-84.05136243176595,13,0.2146113032252857,12475416.12008278,58130284.531131424,648
Sim549,Sim549,F04,,False,True,6,0.3,-84.05136243176595,14,0.1024370524281143,5954695.0041767135,58130284.531131424,648
Sim549,Sim549,F04,,False,True,6,0.3,-84.05136243176595,15,0.0,0.0,58130284.531131424,648
Sim549,Sim549,F04,,False,True,6,0.3,-84.05136243176595,16,0.0,0.0,58130284.531131424,648
Sim549,Sim549,F04,,False,True,6,0.3,-84.05136243176595,21,0.0017780873894167,103360.72586801386,58130284.531131424,648
Sim549,Sim549,F04,,False,True,6,0.3,-84.05136243176595,22,0.0,0.0,58130284.531131424,648
Sim549,Sim549,F04,,False,True,6,0.3,-84.05136243176595,23,0.122289003099083,7108694.545178111,58130284.531131424,648
Sim549,Sim549,F04,,False,True,6,0.3,-84.05136243176595,24,0.0,0.0,58130284.531131424,648
Sim549,Sim549,F04,,False,True,6,0.3,-84.05136243176595,25,0.0,0.0,58130284.531131424,648
Sim549,Sim549,F04,,False,True,6,0.3,-84.05136243176595,26,0.0,0.0,58130284.531131424,648
Sim549,Sim549,F04,,False,True,6,0.3,-84.05136243176595,111,0.0,0.0,58130284.531131424,648
Sim549,Sim549,F04,,False,True,6,0.3,-84.05136243176595,121,0.0,0.0,58130284.531131424,648
Sim549,Sim549,F04,,False,True,6,0.3,-84.05136243176595,131,0.0252390444196598,1467152.8334086938,58130284.531131424,648
Sim549,Sim549,F04,,False,True,6,0.3,-84.05136243176595,161,0.0,0.0,58130284.531131424,648
Sim549,Sim549,F04,,False,True,6,0.3,-84.05136243176595,231,0.396015056061575,23020467.88747132,58130284.531131424,648
Sim549,Sim549,F04,,False,True,6,0.3,-84.05136243176595,232,0.0,0.0,58130284.531131424,648
Sim549,Sim549,F04,,False,True,6,0.3,-84.05136243176595,241,0.1376304533768653,8000497.414945797,58130284.531131424,648
Sim549,Sim549,F04,,False,True,7,0.35,-78.2902782753013,11,0.0,0.0,58233135.124468125,648
Sim549,Sim549,F04,,False,True,7,0.35,-78.2902782753013,12,0.0,0.0,58233135.124468125,648
Sim549,Sim549,F04,,False,True,7,0.35,-78.2902782753013,13,0.1019227297862906,5935280.095899716,58233135.124468125,648
Sim549,Sim549,F04,,False,True,7,0.35,-78.2902782753013,14,0.1413258386013508,8229846.655851236,58233135.124468125,648
Sim549,Sim549,F04,,False,True,7,0.35,-78.2902782753013,15,0.0,0.0,58233135.124468125,648
Sim549,Sim549,F04,,False,True,7,0.35,-78.2902782753013,16,0.0,0.0,58233135.124468125,648
Sim549,Sim549,F04,,False,True,7,0.35,-78.2902782753013,21,0.0,0.0,58233135.124468125,648
Sim549,Sim549,F04,,False,True,7,0.35,-78.2902782753013,22,0.0,0.0,58233135.124468125,648
Sim549,Sim549,F04,,False,True,7,0.35,-78.2902782753013,23,0.0450911104442441,2625796.727411984,58233135.124468125,648
Sim549,Sim549,F04,,False,True,7,0.35,-78.2902782753013,24,0.3744186187552958,21803570.019093856,58233135.124468125,648
Sim549,Sim549,F04,,False,True,7,0.35,-78.2902782753013,25,0.0,0.0,58233135.124468125,648
Sim549,Sim549,F04,,False,True,7,0.35,-78.2902782753013,26,0.0154897266440709,902015.344705255,58233135.124468125,648
Sim549,Sim549,F04,,False,True,7,0.35,-78.2902782753013,111,0.0,0.0,58233135.124468125,648
Sim549,Sim549,F04,,False,True,7,0.35,-78.2902782753013,121,0.0,0.0,58233135.124468125,648
Sim549,Sim549,F04,,False,True,7,0.35,-78.2902782753013,131,0.0,0.0,58233135.124468125,648
Sim549,Sim549,F04,,False,True,7,0.35,-78.2902782753013,161,0.0665247922045136,3873947.213572607,58233135.124468125,648
Sim549,Sim549,F04,,False,True,7,0.35,-78.2902782753013,231,0.1142015839019466,6650316.266790343,58233135.124468125,648
Sim549,Sim549,F04,,False,True,7,0.35,-78.2902782753013,232,0.0,0.0,58233135.124468125,648
Sim549,Sim549,F04,,False,True,7,0.35,-78.2902782753013,241,0.1410255996622874,8212362.801143132,58233135.124468125,648
Sim549,Sim549,F04,,False,True,8,0.4,-72.08927829833839,11,0.0,0.0,58241223.75374554,648
Sim549,Sim549,F04,,False,True,8,0.4,-72.08927829833839,12,0.0,0.0,58241223.75374554,648
Sim549,Sim549,F04,,False,True,8,0.4,-72.08927829833839,13,0.1141746457574797,6649671.09056601,58241223.75374554,648
Sim549,Sim549,F04,,False,True,8,0.4,-72.08927829833839,14,0.2133805208121892,12427542.657313468,58241223.75374554,648
Sim549,Sim549,F04,,False,True,8,0.4,-72.08927829833839,15,0.0,0.0,58241223.75374554,648
Sim549,Sim549,F04,,False,True,8,0.4,-72.08927829833839,16,0.0,0.0,58241223.75374554,648
Sim549,Sim549,F04,,False,True,8,0.4,-72.08927829833839,21,0.0,0.0,58241223.75374554,648
Sim549,Sim549,F04,,False,True,8,0.4,-72.08927829833839,22,0.0,0.0,58241223.75374554,648
Sim549,Sim549,F04,,False,True,8,0.4,-72.08927829833839,23,0.0,0.0,58241223.75374554,648
Sim549,Sim549,F04,,False,True,8,0.4,-72.08927829833839,24,0.0,0.0,58241223.75374554,648
Sim549,Sim549,F04,,False,True,8,0.4,-72.08927829833839,25,0.0,0.0,58241223.75374554,648
Sim549,Sim549,F04,,False,True,8,0.4,-72.08927829833839,26,0.0,0.0,58241223.75374554,648
Sim549,Sim549,F04,,False,True,8,0.4,-72.08927829833839,111,0.0,0.0,58241223.75374554,648
Sim549,Sim549,F04,,False,True,8,0.4,-72.08927829833839,121,0.0,0.0,58241223.75374554,648
Sim549,Sim549,F04,,False,True,8,0.4,-72.08927829833839,131,0.3208765928268958,18688245.440170743,58241223.75374554,648
Sim549,Sim549,F04,,False,True,8,0.4,-72.08927829833839,161,0.0,0.0,58241223.75374554,648
Sim549,Sim549,F04,,False,True,8,0.4,-72.08927829833839,231,0.0055968835332636,325969.34618445963,58241223.75374554,648
Sim549,Sim549,F04,,False,True,8,0.4,-72.08927829833839,232,0.0,0.0,58241223.75374554,648
Sim549,Sim549,F04,,False,True,8,0.4,-72.08927829833839,241,0.3459713570701716,20149795.21951086,58241223.75374554,648
Sim549,Sim549,F04,,False,True,9,0.45,-65.78207092350215,11,0.0,0.0,58301428.765778825,648
Sim549,Sim549,F04,,False,True,9,0.45,-65.78207092350215,12,0.0,0.0,58301428.765778825,648
Sim549,Sim549,F04,,False,True,9,0.45,-65.78207092350215,13,0.1677860925360724,9782168.9218802,58301428.765778825,648
Sim549,Sim549,F04,,False,True,9,0.45,-65.78207092350215,14,0.2527263865024707,14734309.419906484,58301428.765778825,648
Sim549,Sim549,F04,,False,True,9,0.45,-65.78207092350215,15,0.0,0.0,58301428.765778825,648
Sim549,Sim549,F04,,False,True,9,0.45,-65.78207092350215,16,0.0,0.0,58301428.765778825,648
Sim549,Sim549,F04,,False,True,9,0.45,-65.78207092350215,21,0.0,0.0,58301428.765778825,648
Sim549,Sim549,F04,,False,True,9,0.45,-65.78207092350215,22,0.0,0.0,58301428.765778825,648
Sim549,Sim549,F04,,False,True,9,0.45,-65.78207092350215,23,0.0108805909453304,634353.9979287629,58301428.765778825,648
Sim549,Sim549,F04,,False,True,9,0.45,-65.78207092350215,24,0.0,0.0,58301428.765778825,648
Sim549,Sim549,F04,,False,True,9,0.45,-65.78207092350215,25,0.0,0.0,58301428.765778825,648
Sim549,Sim549,F04,,False,True,9,0.45,-65.78207092350215,26,0.0,0.0,58301428.765778825,648
Sim549,Sim549,F04,,False,True,9,0.45,-65.78207092350215,111,0.0,0.0,58301428.765778825,648
Sim549,Sim549,F04,,False,True,9,0.45,-65.78207092350215,121,0.0,0.0,58301428.765778825,648
Sim549,Sim549,F04,,False,True,9,0.45,-65.78207092350215,131,0.009375477301887,546603.7220611443,58301428.765778825,648
Sim549,Sim549,F04,,False,True,9,0.45,-65.78207092350215,161,0.0012290067432482,71652.84909415153,58301428.765778825,648
Sim549,Sim549,F04,,False,True,9,0.45,-65.78207092350215,231,0.2069543282985335,12065733.02906656,58301428.765778825,648
Sim549,Sim549,F04,,False,True,9,0.45,-65.78207092350215,232,0.0,0.0,58301428.765778825,648
Sim549,Sim549,F04,,False,True,9,0.45,-65.78207092350215,241,0.3510481176724576,20466606.82584153,58301428.765778825,648
Sim549,Sim549,F04,,False,True,10,0.5,-59.56150889682653,11,0.0,0.0,58315604.6990604,648
Sim549,Sim549,F04,,False,True,10,0.5,-59.56150889682653,12,0.0,0.0,58315604.6990604,648
Sim549,Sim549,F04,,False,True,10,0.5,-59.56150889682653,13,0.2025457225045823,11811576.287062803,58315604.6990604,648
Sim549,Sim549,F04,,False,True,10,0.5,-59.56150889682653,14,0.1398686203641025,8156523.174955952,58315604.6990604,648
Sim549,Sim549,F04,,False,True,10,0.5,-59.56150889682653,15,0.0,0.0,58315604.6990604,648
Sim549,Sim549,F04,,False,True,10,0.5,-59.56150889682653,16,0.0,0.0,58315604.6990604,648
Sim549,Sim549,F04,,False,True,10,0.5,-59.56150889682653,21,0.0,0.0,58315604.6990604,648
Sim549,Sim549,F04,,False,True,10,0.5,-59.56150889682653,22,0.0,0.0,58315604.6990604,648
Sim549,Sim549,F04,,False,True,10,0.5,-59.56150889682653,23,0.0,0.0,58315604.6990604,648
Sim549,Sim549,F04,,False,True,10,0.5,-59.56150889682653,24,0.0,0.0,58315604.6990604,648
Sim549,Sim549,F04,,False,True,10,0.5,-59.56150889682653,25,0.0,0.0,58315604.6990604,648
Sim549,Sim549,F04,,False,True,10,0.5,-59.56150889682653,26,0.0,0.0,58315604.6990604,648
Sim549,Sim549,F04,,False,True,10,0.5,-59.56150889682653,111,0.0,0.0,58315604.6990604,648
Sim549,Sim549,F04,,False,True,10,0.5,-59.56150889682653,121,0.0,0.0,58315604.6990604,648
Sim549,Sim549,F04,,False,True,10,0.5,-59.56150889682653,131,0.1983799887348165,11568649.00326362,58315604.6990604,648
Sim549,Sim549,F04,,False,True,10,0.5,-59.56150889682653,161,0.0,0.0,58315604.6990604,648
Sim549,Sim549,F04,,False,True,10,0.5,-59.56150889682653,231,0.1061060331667486,6187637.486337503,58315604.6990604,648
Sim549,Sim549,F04,,False,True,10,0.5,-59.56150889682653,232,0.0,0.0,58315604.6990604,648
Sim549,Sim549,F04,,False,True,10,0.5,-59.56150889682653,241,0.35309963522975,20591218.747440524,58315604.6990604,648
Sim549,Sim549,F04,,False,True,11,0.55,-53.63773669529976,11,0.0,0.0,58337336.38484381,648
Sim549,Sim549,F04,,False,True,11,0.55,-53.63773669529976,12,0.0,0.0,58337336.38484381,648
Sim549,Sim549,F04,,False,True,11,0.55,-53.63773669529976,13,0.2527751560401704,14746229.307646804,58337336.38484381,648
Sim549,Sim549,F04,,False,True,11,0.55,-53.63773669529976,14,0.0193080376234315,1126379.4857693445,58337336.38484381,648
Sim549,Sim549,F04,,False,True,11,0.55,-53.63773669529976,15,0.0,0.0,58337336.38484381,648
Sim549,Sim549,F04,,False,True,11,0.55,-53.63773669529976,16,0.0,0.0,58337336.38484381,648
Sim549,Sim549,F04,,False,True,11,0.55,-53.63773669529976,21,0.0,0.0,58337336.38484381,648
Sim549,Sim549,F04,,False,True,11,0.55,-53.63773669529976,22,0.0,0.0,58337336.38484381,648
Sim549,Sim549,F04,,False,True,11,0.55,-53.63773669529976,23,0.0257519570610048,1502300.5816358945,58337336.38484381,648
Sim549,Sim549,F04,,False,True,11,0.55,-53.63773669529976,24,0.0,0.0,58337336.38484381,648
Sim549,Sim549,F04,,False,True,11,0.55,-53.63773669529976,25,0.0,0.0,58337336.38484381,648
Sim549,Sim549,F04,,False,True,11,0.55,-53.63773669529976,26,0.0,0.0,58337336.38484381,648
Sim549,Sim549,F04,,False,True,11,0.55,-53.63773669529976,111,0.0,0.0,58337336.38484381,648
Sim549,Sim549,F04,,False,True,11,0.55,-53.63773669529976,121,0.0,0.0,58337336.38484381,648
Sim549,Sim549,F04,,False,True,11,0.55,-53.63773669529976,131,0.0474573584614863,2768535.88450384,58337336.38484381,648
Sim549,Sim549,F04,,False,True,11,0.55,-53.63773669529976,161,0.0,0.0,58337336.38484381,648
Sim549,Sim549,F04,,False,True,11,0.55,-53.63773669529976,231,0.2186886944011711,12757715.928843431,58337336.38484381,648
Sim549,Sim549,F04,,False,True,11,0.55,-53.63773669529976,232,0.0,0.0,58337336.38484381,648
Sim549,Sim549,F04,,False,True,11,0.55,-53.63773669529976,241,0.4360187964127358,25436175.1964445,58337336.38484381,648
Sim549,Sim549,F04,,False,True,12,0.6,-47.98352979212498,11,0.0,0.0,58294844.7323442,648
Sim549,Sim549,F04,,False,True,12,0.6,-47.98352979212498,12,0.0,0.0,58294844.7323442,648
Sim549,Sim549,F04,,False,True,12,0.6,-47.98352979212498,13,0.2206976772950058,12865536.830701374,58294844.7323442,648
Sim549,Sim549,F04,,False,True,12,0.6,-47.98352979212498,14,0.0582016091415061,3392853.7680766834,58294844.7323442,648
Sim549,Sim549,F04,,False,True,12,0.6,-47.98352979212498,15,0.0,0.0,58294844.7323442,648
Sim549,Sim549,F04,,False,True,12,0.6,-47.98352979212498,16,0.0,0.0,58294844.7323442,648
Sim549,Sim549,F04,,False,True,12,0.6,-47.98352979212498,21,0.0,0.0,58294844.7323442,648
Sim549,Sim549,F04,,False,True,12,0.6,-47.98352979212498,22,0.0,0.0,58294844.7323442,648
Sim549,Sim549,F04,,False,True,12,0.6,-47.98352979212498,23,0.0157016181549959,915323.3923920438,58294844.7323442,648
Sim549,Sim549,F04,,False,True,12,0.6,-47.98352979212498,24,0.0,0.0,58294844.7323442,648
Sim549,Sim549,F04,,False,True,12,0.6,-47.98352979212498,25,0.0,0.0,58294844.7323442,648
Sim549,Sim549,F04,,False,True,12,0.6,-47.98352979212498,26,0.0,0.0,58294844.7323442,648
Sim549,Sim549,F04,,False,True,12,0.6,-47.98352979212498,111,0.0,0.0,58294844.7323442,648
Sim549,Sim549,F04,,False,True,12,0.6,-47.98352979212498,121,0.0,0.0,58294844.7323442,648
Sim549,Sim549,F04,,False,True,12,0.6,-47.98352979212498,131,0.0115396310028864,672700.9975818081,58294844.7323442,648
Sim549,Sim549,F04,,False,True,12,0.6,-47.98352979212498,161,0.0045973005953983,267998.92439665855,58294844.7323442,648
Sim549,Sim549,F04,,False,True,12,0.6,-47.98352979212498,231,0.1785712763610897,10409784.829126256,58294844.7323442,648
Sim549,Sim549,F04,,False,True,12,0.6,-47.98352979212498,232,0.0,0.0,58294844.7323442,648
Sim549,Sim549,F04,,False,True,12,0.6,-47.98352979212498,241,0.5106908874491177,29770645.99006939,58294844.7323442,648
Sim549,Sim549,F04,,False,True,13,0.65,-39.58402268061968,11,0.0,0.0,68487776.84181044,624
Sim549,Sim549,F04,,False,True,13,0.65,-39.58402268061968,12,0.0,0.0,68487776.84181044,624
Sim549,Sim549,F04,,False,True,13,0.65,-39.58402268061968,13,0.1096340488101398,7508592.269173012,68487776.84181044,624
Sim549,Sim549,F04,,False,True,13,0.65,-39.58402268061968,14,0.0,0.0,68487776.84181044,624
Sim549,Sim549,F04,,False,True,13,0.65,-39.58402268061968,15,0.0,0.0,68487776.84181044,624
Sim549,Sim549,F04,,False,True,13,0.65,-39.58402268061968,16,0.0,0.0,68487776.84181044,624
Sim549,Sim549,F04,,False,True,13,0.65,-39.58402268061968,21,0.0014283417228343,97823.94916732576,68487776.84181044,624
Sim549,Sim549,F04,,False,True,13,0.65,-39.58402268061968,22,0.0388663847157039,2661872.2830570824,68487776.84181044,624
Sim549,Sim549,F04,,False,True,13,0.65,-39.58402268061968,23,0.0,0.0,68487776.84181044,624
Sim549,Sim549,F04,,False,True,13,0.65,-39.58402268061968,24,0.0,0.0,68487776.84181044,624
Sim549,Sim549,F04,,False,True,13,0.65,-39.58402268061968,25,0.0,0.0,68487776.84181044,624
Sim549,Sim549,F04,,False,True,13,0.65,-39.58402268061968,26,0.0,0.0,68487776.84181044,624
Sim549,Sim549,F04,,False,True,13,0.65,-39.58402268061968,111,0.4105887700371619,28120312.05605857,68487776.84181044,624
Sim549,Sim549,F04,,False,True,13,0.65,-39.58402268061968,121,0.0051802804716983,354785.8929236627,68487776.84181044,624
Sim549,Sim549,F04,,False,True,13,0.65,-39.58402268061968,131,0.015463182562512,1059038.9966055008,68487776.84181044,624
Sim549,Sim549,F04,,False,True,13,0.65,-39.58402268061968,161,0.0,0.0,68487776.84181044,624
Sim549,Sim549,F04,,False,True,13,0.65,-39.58402268061968,231,0.1135132038247904,7774266.972151192,68487776.84181044,624
Sim549,Sim549,F04,,False,True,13,0.65,-39.58402268061968,232,0.0822932104780121,5636079.034814232,68487776.84181044,624
Sim549,Sim549,F04,,False,True,13,0.65,-39.58402268061968,241,0.2230325773771469,15275005.38785986,68487776.84181044,624
Sim549,Sim549,F04,,False,True,14,0.7,-38.53319368264489,11,0.0,0.0,57472100.45954594,641
Sim549,Sim549,F04,,False,True,14,0.7,-38.53319368264489,12,0.0,0.0,57472100.45954594,641
Sim549,Sim549,F04,,False,True,14,0.7,-38.53319368264489,13,0.5521815819216714,31735035.34811329,57472100.45954594,641
Sim549,Sim549,F04,,False,True,14,0.7,-38.53319368264489,14,0.0,0.0,57472100.45954594,641
Sim549,Sim549,F04,,False,True,14,0.7,-38.53319368264489,15,0.0,0.0,57472100.45954594,641
Sim549,Sim549,F04,,False,True,14,0.7,-38.53319368264489,16,0.0,0.0,57472100.45954594,641
Sim549,Sim549,F04,,False,True,14,0.7,-38.53319368264489,21,0.0,0.0,57472100.45954594,641
Sim549,Sim549,F04,,False,True,14,0.7,-38.53319368264489,22,0.0,0.0,57472100.45954594,641
Sim549,Sim549,F04,,False,True,14,0.7,-38.53319368264489,23,0.0412922086808628,2373149.9655030863,57472100.45954594,641
Sim549,Sim549,F04,,False,True,14,0.7,-38.53319368264489,24,0.0,0.0,57472100.45954594,641
Sim549,Sim549,F04,,False,True,14,0.7,-38.53319368264489,25,0.0,0.0,57472100.45954594,641
Sim549,Sim549,F04,,False,True,14,0.7,-38.53319368264489,26,0.0,0.0,57472100.45954594,641
Sim549,Sim549,F04,,False,True,14,0.7,-38.53319368264489,111,0.0238468837643052,1370530.4993492668,57472100.45954594,641
Sim549,Sim549,F04,,False,True,14,0.7,-38.53319368264489,121,0.0,0.0,57472100.45954594,641
Sim549,Sim549,F04,,False,True,14,0.7,-38.53319368264489,131,0.0,0.0,57472100.45954594,641
Sim549,Sim549,F04,,False,True,14,0.7,-38.53319368264489,161,0.0,0.0,57472100.45954594,641
Sim549,Sim549,F04,,False,True,14,0.7,-38.53319368264489,231,0.2562516858379182,14727322.631404843,57472100.45954594,641
Sim549,Sim549,F04,,False,True,14,0.7,-38.53319368264489,232,0.0,0.0,57472100.45954594,641
Sim549,Sim549,F04,,False,True,14,0.7,-38.53319368264489,241,0.1264276397952422,7266062.015175452,57472100.45954594,641
Sim549,Sim549,F04,,False,True,15,0.75,-33.36206445306559,11,0.0,0.0,58253434.149342746,608
Sim549,Sim549,F04,,False,True,15,0.75,-33.36206445306559,12,0.0,0.0,58253434.149342746,608
Sim549,Sim549,F04,,False,True,15,0.75,-33.36206445306559,13,0.3116468249703915,18154497.796264444,58253434.149342746,608
Sim549,Sim549,F04,,False,True,15,0.75,-33.36206445306559,14,0.0,0.0,58253434.149342746,608
Sim549,Sim549,F04,,False,True,15,0.75,-33.36206445306559,15,0.0,0.0,58253434.149342746,608
Sim549,Sim549,F04,,False,True,15,0.75,-33.36206445306559,16,0.0,0.0,58253434.149342746,608
Sim549,Sim549,F04,,False,True,15,0.75,-33.36206445306559,21,0.0170603576044717,993824.4182763352,58253434.149342746,608
Sim549,Sim549,F04,,False,True,15,0.75,-33.36206445306559,22,0.0048356526318671,281693.3721595688,58253434.149342746,608
Sim549,Sim549,F04,,False,True,15,0.75,-33.36206445306559,23,0.0198158188566453,1154339.4988808916,58253434.149342746,608
Sim549,Sim549,F04,,False,True,15,0.75,-33.36206445306559,24,0.0,0.0,58253434.149342746,608
Sim549,Sim549,F04,,False,True,15,0.75,-33.36206445306559,25,0.0,0.0,58253434.149342746,608
Sim549,Sim549,F04,,False,True,15,0.75,-33.36206445306559,26,0.0,0.0,58253434.149342746,608
Sim549,Sim549,F04,,False,True,15,0.75,-33.36206445306559,111,0.1622120668536103,9449409.954685573,58253434.149342746,608
Sim549,Sim549,F04,,False,True,15,0.75,-33.36206445306559,121,0.0,0.0,58253434.149342746,608
Sim549,Sim549,F04,,False,True,15,0.75,-33.36206445306559,131,0.0,0.0,58253434.149342746,608
Sim549,Sim549,F04,,False,True,15,0.75,-33.36206445306559,161,0.0,0.0,58253434.149342746,608
Sim549,Sim549,F04,,False,True,15,0.75,-33.36206445306559,231,0.2042859654296338,11900359.034790084,58253434.149342746,608
Sim549,Sim549,F04,,False,True,15,0.75,-33.36206445306559,232,0.0,0.0,58253434.149342746,608
Sim549,Sim549,F04,,False,True,15,0.75,-33.36206445306559,241,0.2801433136533802,16319310.074285854,58253434.149342746,608
Sim549,Sim549,F04,,False,True,16,0.8,-28.79450620153809,11,0.0,0.0,57789118.7242542,644
Sim549,Sim549,F04,,False,True,16,0.8,-28.79450620153809,12,0.1019324377687,5890585.748068057,57789118.7242542,644
Sim549,Sim549,F04,,False,True,16,0.8,-28.79450620153809,13,0.2939410895478538,16986596.521817558,57789118.7242542,644
Sim549,Sim549,F04,,False,True,16,0.8,-28.79450620153809,14,0.0,0.0,57789118.7242542,644
Sim549,Sim549,F04,,False,True,16,0.8,-28.79450620153809,15,0.0,0.0,57789118.7242542,644
Sim549,Sim549,F04,,False,True,16,0.8,-28.79450620153809,16,0.0,0.0,57789118.7242542,644
Sim549,Sim549,F04,,False,True,16,0.8,-28.79450620153809,21,0.0,0.0,57789118.7242542,644
Sim549,Sim549,F04,,False,True,16,0.8,-28.79450620153809,22,0.0,0.0,57789118.7242542,644
Sim549,Sim549,F04,,False,True,16,0.8,-28.79450620153809,23,0.4200534252921254,24274517.26473628,57789118.7242542,644
Sim549,Sim549,F04,,False,True,16,0.8,-28.79450620153809,24,0.0,0.0,57789118.7242542,644
Sim549,Sim549,F04,,False,True,16,0.8,-28.79450620153809,25,0.0,0.0,57789118.7242542,644
Sim549,Sim549,F04,,False,True,16,0.8,-28.79450620153809,26,0.0,0.0,57789118.7242542,644
Sim549,Sim549,F04,,False,True,16,0.8,-28.79450620153809,111,0.0,0.0,57789118.7242542,644
Sim549,Sim549,F04,,False,True,16,0.8,-28.79450620153809,121,0.0,0.0,57789118.7242542,644
Sim549,Sim549,F04,,False,True,16,0.8,-28.79450620153809,131,0.0,0.0,57789118.7242542,644
Sim549,Sim549,F04,,False,True,16,0.8,-28.79450620153809,161,0.0,0.0,57789118.7242542,644
Sim549,Sim549,F04,,False,True,16,0.8,-28.79450620153809,231,0.0633901234262711,3663259.36862591,57789118.7242542,644
Sim549,Sim549,F04,,False,True,16,0.8,-28.79450620153809,232,0.0,0.0,57789118.7242542,644
Sim549,Sim549,F04,,False,True,16,0.8,-28.79450620153809,241,0.1206829239650495,6974159.82100639,57789118.7242542,644
Sim549,Sim549,F04,,False,True,17,0.85,-23.996559111089383,11,0.1100420536430167,6284470.838086576,57109719.69383442,620
Sim549,Sim549,F04,,False,True,17,0.85,-23.996559111089383,12,0.0406770979454011,2323057.661620507,57109719.69383442,620
Sim549,Sim549,F04,,False,True,17,0.85,-23.996559111089383,13,0.0863816768413163,4933233.351090967,57109719.69383442,620
Sim549,Sim549,F04,,False,True,17,0.85,-23.996559111089383,14,0.0,0.0,57109719.69383442,620
Sim549,Sim549,F04,,False,True,17,0.85,-23.996559111089383,15,0.0,0.0,57109719.69383442,620
Sim549,Sim549,F04,,False,True,17,0.85,-23.996559111089383,16,0.0,0.0,57109719.69383442,620
Sim549,Sim549,F04,,False,True,17,0.85,-23.996559111089383,21,0.0612577669379985,3498413.8988993373,57109719.69383442,620
Sim549,Sim549,F04,,False,True,17,0.85,-23.996559111089383,22,0.0025556163911883,145950.5357457326,57109719.69383442,620
Sim549,Sim549,F04,,False,True,17,0.85,-23.996559111089383,23,0.2817838003673015,16092593.853239989,57109719.69383442,620
Sim549,Sim549,F04,,False,True,17,0.85,-23.996559111089383,24,0.0,0.0,57109719.69383442,620
Sim549,Sim549,F04,,False,True,17,0.85,-23.996559111089383,25,0.0,0.0,57109719.69383442,620
Sim549,Sim549,F04,,False,True,17,0.85,-23.996559111089383,26,0.0,0.0,57109719.69383442,620
Sim549,Sim549,F04,,False,True,17,0.85,-23.996559111089383,111,0.0688432736355814,3931620.060134,57109719.69383442,620
Sim549,Sim549,F04,,False,True,17,0.85,-23.996559111089383,121,0.0,0.0,57109719.69383442,620
Sim549,Sim549,F04,,False,True,17,0.85,-23.996559111089383,131,0.0,0.0,57109719.69383442,620
Sim549,Sim549,F04,,False,True,17,0.85,-23.996559111089383,161,0.0,0.0,57109719.69383442,620
Sim549,Sim549,F04,,False,True,17,0.85,-23.996559111089383,231,0.213578125775741,12197386.895787084,57109719.69383442,620
Sim549,Sim549,F04,,False,True,17,0.85,-23.996559111089383,232,0.0075112889411469,428967.6059682999,57109719.69383442,620
Sim549,Sim549,F04,,False,True,17,0.85,-23.996559111089383,241,0.1273692995213079,7274024.993261935,57109719.69383442,620
Sim549,Sim549,F04,,False,True,18,0.9,-18.55254601104972,11,0.0,0.0,58317727.65161186,648
Sim549,Sim549,F04,,False,True,18,0.9,-18.55254601104972,12,0.0772175027053015,4503149.292705376,58317727.65161186,648
Sim549,Sim549,F04,,False,True,18,0.9,-18.55254601104972,13,0.09938328023683,5795807.069975272,58317727.65161186,648
Sim549,Sim549,F04,,False,True,18,0.9,-18.55254601104972,14,0.0,0.0,58317727.65161186,648
Sim549,Sim549,F04,,False,True,18,0.9,-18.55254601104972,15,0.0,0.0,58317727.65161186,648
Sim549,Sim549,F04,,False,True,18,0.9,-18.55254601104972,16,0.0,0.0,58317727.65161186,648
Sim549,Sim549,F04,,False,True,18,0.9,-18.55254601104972,21,0.0,0.0,58317727.65161186,648
Sim549,Sim549,F04,,False,True,18,0.9,-18.55254601104972,22,0.0,0.0,58317727.65161186,648
Sim549,Sim549,F04,,False,True,18,0.9,-18.55254601104972,23,0.7029471664460802,40994281.40627477,58317727.65161186,648
Sim549,Sim549,F04,,False,True,18,0.9,-18.55254601104972,24,0.0,0.0,58317727.65161186,648
Sim549,Sim549,F04,,False,True,18,0.9,-18.55254601104972,25,0.0,0.0,58317727.65161186,648
Sim549,Sim549,F04,,False,True,18,0.9,-18.55254601104972,26,0.0,0.0,58317727.65161186,648
Sim549,Sim549,F04,,False,True,18,0.9,-18.55254601104972,111,0.0,0.0,58317727.65161186,648
Sim549,Sim549,F04,,False,True,18,0.9,-18.55254601104972,121,0.0,0.0,58317727.65161186,648
Sim549,Sim549,F04,,False,True,18,0.9,-18.55254601104972,131,0.0,0.0,58317727.65161186,648
Sim549,Sim549,F04,,False,True,18,0.9,-18.55254601104972,161,0.0,0.0,58317727.65161186,648
Sim549,Sim549,F04,,False,True,18,0.9,-18.55254601104972,231,0.0295851193749435,1725336.9342483832,58317727.65161186,648
Sim549,Sim549,F04,,False,True,18,0.9,-18.55254601104972,232,0.0,0.0,58317727.65161186,648
Sim549,Sim549,F04,,False,True,18,0.9,-18.55254601104972,241,0.0908669312368447,5299152.948408054,58317727.65161186,648
Sim549,Sim549,F04,,False,True,19,0.95,-13.073358434287808,11,0.0288272745974657,1709061.0835806166,59286252.60089151,645
Sim549,Sim549,F04,,False,True,19,0.95,-13.073358434287808,12,0.0,0.0,59286252.60089151,645
Sim549,Sim549,F04,,False,True,19,0.95,-13.073358434287808,13,0.0793640072449112,4705194.58094079,59286252.60089151,645
Sim549,Sim549,F04,,False,True,19,0.95,-13.073358434287808,14,0.0,0.0,59286252.60089151,645
Sim549,Sim549,F04,,False,True,19,0.95,-13.073358434287808,15,0.0,0.0,59286252.60089151,645
Sim549,Sim549,F04,,False,True,19,0.95,-13.073358434287808,16,0.0,0.0,59286252.60089151,645
Sim549,Sim549,F04,,False,True,19,0.95,-13.073358434287808,21,0.1702543225126533,10093740.770878812,59286252.60089151,645
Sim549,Sim549,F04,,False,True,19,0.95,-13.073358434287808,22,0.0044324332780776,262782.35896070744,59286252.60089151,645
Sim549,Sim549,F04,,False,True,19,0.95,-13.073358434287808,23,0.1812296945812187,10744429.451724552,59286252.60089151,645
Sim549,Sim549,F04,,False,True,19,0.95,-13.073358434287808,24,0.0,0.0,59286252.60089151,645
Sim549,Sim549,F04,,False,True,19,0.95,-13.073358434287808,25,0.0,0.0,59286252.60089151,645
Sim549,Sim549,F04,,False,True,19,0.95,-13.073358434287808,26,0.0,0.0,59286252.60089151,645
Sim549,Sim549,F04,,False,True,19,0.95,-13.073358434287808,111,0.1097160903185292,6504655.84500655,59286252.60089151,645
Sim549,Sim549,F04,,False,True,19,0.95,-13.073358434287808,121,0.0,0.0,59286252.60089151,645
Sim549,Sim549,F04,,False,True,19,0.95,-13.073358434287808,131,0.0,0.0,59286252.60089151,645
Sim549,Sim549,F04,,False,True,19,0.95,-13.073358434287808,161,0.0,0.0,59286252.60089151,645
Sim549,Sim549,F04,,False,True,19,0.95,-13.073358434287808,231,0.2470366417252701,14645876.7430003,59286252.60089151,645
Sim549,Sim549,F04,,False,True,19,0.95,-13.073358434287808,232,0.1560333156710446,9250630.567028193,59286252.60089151,645
Sim549,Sim549,F04,,False,True,19,0.95,-13.073358434287808,241,0.0231062200708294,1369881.1997709814,59286252.60089151,645
Sim549,Sim549,F04,,False,True,20,1.0,-8.032239154414283,11,0.0,0.0,58318580.85972789,648
Sim549,Sim549,F04,,False,True,20,1.0,-8.032239154414283,12,0.0326244653314068,1902612.5194350404,58318580.85972789,648
Sim549,Sim549,F04,,False,True,20,1.0,-8.032239154414283,13,0.0972380471313447,5670784.914271359,58318580.85972789,648
Sim549,Sim549,F04,,False,True,20,1.0,-8.032239154414283,14,0.0,0.0,58318580.85972789,648
Sim549,Sim549,F04,,False,True,20,1.0,-8.032239154414283,15,0.0,0.0,58318580.85972789,648
Sim549,Sim549,F04,,False,True,20,1.0,-8.032239154414283,16,0.0,0.0,58318580.85972789,648
Sim549,Sim549,F04,,False,True,20,1.0,-8.032239154414283,21,0.0,0.0,58318580.85972789,648
Sim549,Sim549,F04,,False,True,20,1.0,-8.032239154414283,22,0.0,0.0,58318580.85972789,648
Sim549,Sim549,F04,,False,True,20,1.0,-8.032239154414283,23,0.8113906330173514,47319150.24044821,58318580.85972789,648
Sim549,Sim549,F04,,False,True,20,1.0,-8.032239154414283,24,0.0046772897198447,272772.89873114246,58318580.85972789,648
Sim549,Sim549,F04,,False,True,20,1.0,-8.032239154414283,25,0.0,0.0,58318580.85972789,648
Sim549,Sim549,F04,,False,True,20,1.0,-8.032239154414283,26,0.0,0.0,58318580.85972789,648
Sim549,Sim549,F04,,False,True,20,1.0,-8.032239154414283,111,0.0,0.0,58318580.85972789,648
Sim549,Sim549,F04,,False,True,20,1.0,-8.032239154414283,121,0.0,0.0,58318580.85972789,648
Sim549,Sim549,F04,,False,True,20,1.0,-8.032239154414283,131,0.0,0.0,58318580.85972789,648
Sim549,Sim549,F04,,False,True,20,1.0,-8.032239154414283,161,0.0,0.0,58318580.85972789,648
Sim549,Sim549,F04,,False,True,20,1.0,-8.032239154414283,231,0.0278255481765851,1622746.481302437,58318580.85972789,648
Sim549,Sim549,F04,,False,True,20,1.0,-8.032239154414283,232,0.0,0.0,58318580.85972789,648
Sim549,Sim549,F04,,False,True,20,1.0,-8.032239154414283,241,0.026244016623467,1530513.8055397065,58318580.85972789,648
Sim563,Sim563,F04,,False,True,0,0.0,-113.1835256353718,11,0.3175217219755992,18662040.345781703,58774058.76255558,648
Sim563,Sim563,F04,,False,True,0,0.0,-113.1835256353718,12,0.5268245534508195,30963617.26207557,58774058.76255558,648
Sim563,Sim563,F04,,False,True,0,0.0,-113.1835256353718,13,0.0,0.0,58774058.76255558,648
Sim563,Sim563,F04,,False,True,0,0.0,-113.1835256353718,14,0.0,0.0,58774058.76255558,648
Sim563,Sim563,F04,,False,True,0,0.0,-113.1835256353718,15,0.0,0.0,58774058.76255558,648
Sim563,Sim563,F04,,False,True,0,0.0,-113.1835256353718,16,0.1556537245735812,9148401.154698309,58774058.76255558,648
Sim563,Sim563,F04,,False,True,0,0.0,-113.1835256353718,21,0.0,0.0,58774058.76255558,648
Sim563,Sim563,F04,,False,True,0,0.0,-113.1835256353718,22,0.0,0.0,58774058.76255558,648
Sim563,Sim563,F04,,False,True,0,0.0,-113.1835256353718,23,0.0,0.0,58774058.76255558,648
Sim563,Sim563,F04,,False,True,0,0.0,-113.1835256353718,24,0.0,0.0,58774058.76255558,648
Sim563,Sim563,F04,,False,True,0,0.0,-113.1835256353718,25,0.0,0.0,58774058.76255558,648
Sim563,Sim563,F04,,False,True,0,0.0,-113.1835256353718,26,0.0,0.0,58774058.76255558,648
Sim563,Sim563,F04,,False,True,0,0.0,-113.1835256353718,111,0.0,0.0,58774058.76255558,648
Sim563,Sim563,F04,,False,True,0,0.0,-113.1835256353718,121,0.0,0.0,58774058.76255558,648
Sim563,Sim563,F04,,False,True,0,0.0,-113.1835256353718,131,0.0,0.0,58774058.76255558,648
Sim563,Sim563,F04,,False,True,0,0.0,-113.1835256353718,161,0.0,0.0,58774058.76255558,648
Sim563,Sim563,F04,,False,True,0,0.0,-113.1835256353718,231,0.0,0.0,58774058.76255558,648
Sim563,Sim563,F04,,False,True,0,0.0,-113.1835256353718,232,0.0,0.0,58774058.76255558,648
Sim563,Sim563,F04,,False,True,0,0.0,-113.1835256353718,241,0.0,0.0,58774058.76255558,648
Sim563,Sim563,F04,,False,True,1,0.05,-79.07203105345701,11,0.0,0.0,113886081.13728456,612
Sim563,Sim563,F04,,False,True,1,0.05,-79.07203105345701,12,0.0248650127833941,2831778.863329242,113886081.13728456,612
Sim563,Sim563,F04,,False,True,1,0.05,-79.07203105345701,13,0.3832088741721142,43642156.93649286,113886081.13728456,612
Sim563,Sim563,F04,,False,True,1,0.05,-79.07203105345701,14,0.0023120806502238,263313.80452734104,113886081.13728456,612
Sim563,Sim563,F04,,False,True,1,0.05,-79.07203105345701,15,0.0008450226151068,96236.31410690068,113886081.13728456,612
Sim563,Sim563,F04,,False,True,1,0.05,-79.07203105345701,16,0.0007635877763035,86962.0194475476,113886081.13728456,612
Sim563,Sim563,F04,,False,True,1,0.05,-79.07203105345701,21,0.0,0.0,113886081.13728456,612
Sim563,Sim563,F04,,False,True,1,0.05,-79.07203105345701,22,0.0,0.0,113886081.13728456,612
Sim563,Sim563,F04,,False,True,1,0.05,-79.07203105345701,23,0.1522322343506566,17337132.592968993,113886081.13728456,612
Sim563,Sim563,F04,,False,True,1,0.05,-79.07203105345701,24,0.0423235705973823,4820065.595073078,113886081.13728456,612
Sim563,Sim563,F04,,False,True,1,0.05,-79.07203105345701,25,0.0229428258840022,2612868.530144077,113886081.13728456,612
Sim563,Sim563,F04,,False,True,1,0.05,-79.07203105345701,26,0.0137781695043656,1569141.730097441,113886081.13728456,612
Sim563,Sim563,F04,,False,True,1,0.05,-79.07203105345701,111,0.0,0.0,113886081.13728456,612
Sim563,Sim563,F04,,False,True,1,0.05,-79.07203105345701,121,0.0,0.0,113886081.13728456,612
Sim563,Sim563,F04,,False,True,1,0.05,-79.07203105345701,131,0.0014170201928077,161378.87665127142,113886081.13728456,612
Sim563,Sim563,F04,,False,True,1,0.05,-79.07203105345701,161,0.0024127392006933,274777.41237327456,113886081.13728456,612
Sim563,Sim563,F04,,False,True,1,0.05,-79.07203105345701,231,0.3303519734939169,37622491.65719029,113886081.13728456,612
Sim563,Sim563,F04,,False,True,1,0.05,-79.07203105345701,232,0.0,0.0,113886081.13728456,612
Sim563,Sim563,F04,,False,True,1,0.05,-79.07203105345701,241,0.0225468887790326,2567776.8048822386,113886081.13728456,612
Sim563,Sim563,F04,,False,True,2,0.1,-96.86725912049876,11,0.0,0.0,80166663.74979118,578
Sim563,Sim563,F04,,False,True,2,0.1,-96.86725912049876,12,0.0013334322723341,106896.81660933126,80166663.74979118,578
Sim563,Sim563,F04,,False,True,2,0.1,-96.86725912049876,13,0.3013495087080197,24158184.735760584,80166663.74979118,578
Sim563,Sim563,F04,,False,True,2,0.1,-96.86725912049876,14,0.0127824065702526,1024722.8894305652,80166663.74979118,578
Sim563,Sim563,F04,,False,True,2,0.1,-96.86725912049876,15,0.0,0.0,80166663.74979118,578
Sim563,Sim563,F04,,False,True,2,0.1,-96.86725912049876,16,0.0008980626992378,71994.69043603432,80166663.74979118,578
Sim563,Sim563,F04,,False,True,2,0.1,-96.86725912049876,21,0.133310351131667,10687046.093538942,80166663.74979118,578
Sim563,Sim563,F04,,False,True,2,0.1,-96.86725912049876,22,0.0,0.0,80166663.74979118,578
Sim563,Sim563,F04,,False,True,2,0.1,-96.86725912049876,23,0.0348931152789101,2797264.63974709,80166663.74979118,578
Sim563,Sim563,F04,,False,True,2,0.1,-96.86725912049876,24,0.0069178393339388,554580.0997589544,80166663.74979118,578
Sim563,Sim563,F04,,False,True,2,0.1,-96.86725912049876,25,0.0,0.0,80166663.74979118,578
Sim563,Sim563,F04,,False,True,2,0.1,-96.86725912049876,26,0.0062009092276818,497106.2049985477,80166663.74979118,578
Sim563,Sim563,F04,,False,True,2,0.1,-96.86725912049876,111,0.0681979304816897,5467200.561357259,80166663.74979118,578
Sim563,Sim563,F04,,False,True,2,0.1,-96.86725912049876,121,0.0,0.0,80166663.74979118,578
Sim563,Sim563,F04,,False,True,2,0.1,-96.86725912049876,131,0.0,0.0,80166663.74979118,578
Sim563,Sim563,F04,,False,True,2,0.1,-96.86725912049876,161,0.0011069528622733,88740.71789673374,80166663.74979118,578
Sim563,Sim563,F04,,False,True,2,0.1,-96.86725912049876,231,0.328242834977037,26314132.97988232,80166663.74979118,578
Sim563,Sim563,F04,,False,True,2,0.1,-96.86725912049876,232,0.0,0.0,80166663.74979118,578
Sim563,Sim563,F04,,False,True,2,0.1,-96.86725912049876,241,0.1047666564569577,8398793.320374819,80166663.74979118,578
Sim563,Sim563,F04,,False,True,3,0.15,-98.13638609574484,11,0.0,0.0,64206241.55491207,644
Sim563,Sim563,F04,,False,True,3,0.15,-98.13638609574484,12,0.0,0.0,64206241.55491207,644
Sim563,Sim563,F04,,False,True,3,0.15,-98.13638609574484,13,0.2324503312783618,14924762.119577833,64206241.55491207,644
Sim563,Sim563,F04,,False,True,3,0.15,-98.13638609574484,14,0.0089768285345768,576368.4212880702,64206241.55491207,644
Sim563,Sim563,F04,,False,True,3,0.15,-98.13638609574484,15,0.0,0.0,64206241.55491207,644
Sim563,Sim563,F04,,False,True,3,0.15,-98.13638609574484,16,0.0,0.0,64206241.55491207,644
Sim563,Sim563,F04,,False,True,3,0.15,-98.13638609574484,21,0.0,0.0,64206241.55491207,644
Sim563,Sim563,F04,,False,True,3,0.15,-98.13638609574484,22,0.0,0.0,64206241.55491207,644
Sim563,Sim563,F04,,False,True,3,0.15,-98.13638609574484,23,0.0789193931374007,5067117.619147023,64206241.55491207,644
Sim563,Sim563,F04,,False,True,3,0.15,-98.13638609574484,24,0.0458674133529056,2944974.2212356604,64206241.55491207,644
Sim563,Sim563,F04,,False,True,3,0.15,-98.13638609574484,25,0.0,0.0,64206241.55491207,644
Sim563,Sim563,F04,,False,True,3,0.15,-98.13638609574484,26,0.0,0.0,64206241.55491207,644
Sim563,Sim563,F04,,False,True,3,0.15,-98.13638609574484,111,0.0,0.0,64206241.55491207,644
Sim563,Sim563,F04,,False,True,3,0.15,-98.13638609574484,121,0.0,0.0,64206241.55491207,644
Sim563,Sim563,F04,,False,True,3,0.15,-98.13638609574484,131,0.0,0.0,64206241.55491207,644
Sim563,Sim563,F04,,False,True,3,0.15,-98.13638609574484,161,0.0,0.0,64206241.55491207,644
Sim563,Sim563,F04,,False,True,3,0.15,-98.13638609574484,231,0.5128048593694684,32925272.6712088,64206241.55491207,644
Sim563,Sim563,F04,,False,True,3,0.15,-98.13638609574484,232,0.0,0.0,64206241.55491207,644
Sim563,Sim563,F04,,False,True,3,0.15,-98.13638609574484,241,0.1209811743272865,7767746.502454689,64206241.55491207,644
Sim563,Sim563,F04,,False,True,4,0.2,-48.5298792870296,11,0.0,0.0,154827876.82506862,648
Sim563,Sim563,F04,,False,True,4,0.2,-48.5298792870296,12,0.0,0.0,154827876.82506862,648
Sim563,Sim563,F04,,False,True,4,0.2,-48.5298792870296,13,0.085610575602728,13254903.654342396,154827876.82506862,648
Sim563,Sim563,F04,,False,True,4,0.2,-48.5298792870296,14,0.0023268192807416,360256.4889928621,154827876.82506862,648
Sim563,Sim563,F04,,False,True,4,0.2,-48.5298792870296,15,0.0,0.0,154827876.82506862,648
Sim563,Sim563,F04,,False,True,4,0.2,-48.5298792870296,16,0.0,0.0,154827876.82506862,648
Sim563,Sim563,F04,,False,True,4,0.2,-48.5298792870296,21,0.5103812419804533,79021244.06717516,154827876.82506862,648
Sim563,Sim563,F04,,False,True,4,0.2,-48.5298792870296,22,0.0237251203968564,3673310.018464408,154827876.82506862,648
Sim563,Sim563,F04,,False,True,4,0.2,-48.5298792870296,23,0.0034544517338117,534845.4275407495,154827876.82506862,648
Sim563,Sim563,F04,,False,True,4,0.2,-48.5298792870296,24,0.0006253816401242,96826.51154581188,154827876.82506862,648
Sim563,Sim563,F04,,False,True,4,0.2,-48.5298792870296,25,0.0,0.0,154827876.82506862,648
Sim563,Sim563,F04,,False,True,4,0.2,-48.5298792870296,26,0.0,0.0,154827876.82506862,648
Sim563,Sim563,F04,,False,True,4,0.2,-48.5298792870296,111,0.0118174227383676,1829666.47212575,154827876.82506862,648
Sim563,Sim563,F04,,False,True,4,0.2,-48.5298792870296,121,0.0,0.0,154827876.82506862,648
Sim563,Sim563,F04,,False,True,4,0.2,-48.5298792870296,131,0.0007398984853268,114556.91154923305,154827876.82506862,648
Sim563,Sim563,F04,,False,True,4,0.2,-48.5298792870296,161,0.0,0.0,154827876.82506862,648
Sim563,Sim563,F04,,False,True,4,0.2,-48.5298792870296,231,0.2867535039215722,44397436.18432601,154827876.82506862,648
Sim563,Sim563,F04,,False,True,4,0.2,-48.5298792870296,232,0.0,0.0,154827876.82506862,648
Sim563,Sim563,F04,,False,True,4,0.2,-48.5298792870296,241,0.0745655842200181,11544831.089006249,154827876.82506862,648
Sim563,Sim563,F04,,False,True,5,0.25,-87.46673401188598,11,0.0,0.0,60098067.96553335,648
Sim563,Sim563,F04,,False,True,5,0.25,-87.46673401188598,12,0.0,0.0,60098067.96553335,648
Sim563,Sim563,F04,,False,True,5,0.25,-87.46673401188598,13,0.207594753874252,12476043.627622968,60098067.96553335,648
Sim563,Sim563,F04,,False,True,5,0.25,-87.46673401188598,14,0.0086879148154558,522126.89505802747,60098067.96553335,648
Sim563,Sim563,F04,,False,True,5,0.25,-87.46673401188598,15,0.0,0.0,60098067.96553335,648
Sim563,Sim563,F04,,False,True,5,0.25,-87.46673401188598,16,0.0,0.0,60098067.96553335,648
Sim563,Sim563,F04,,False,True,5,0.25,-87.46673401188598,21,0.0,0.0,60098067.96553335,648
Sim563,Sim563,F04,,False,True,5,0.25,-87.46673401188598,22,0.0,0.0,60098067.96553335,648
Sim563,Sim563,F04,,False,True,5,0.25,-87.46673401188598,23,0.0027976579516128,168133.83772034597,60098067.96553335,648
Sim563,Sim563,F04,,False,True,5,0.25,-87.46673401188598,24,0.027903141481643,1676924.8932156735,60098067.96553335,648
Sim563,Sim563,F04,,False,True,5,0.25,-87.46673401188598,25,0.0,0.0,60098067.96553335,648
Sim563,Sim563,F04,,False,True,5,0.25,-87.46673401188598,26,0.0,0.0,60098067.96553335,648
Sim563,Sim563,F04,,False,True,5,0.25,-87.46673401188598,111,0.0,0.0,60098067.96553335,648
Sim563,Sim563,F04,,False,True,5,0.25,-87.46673401188598,121,0.0,0.0,60098067.96553335,648
Sim563,Sim563,F04,,False,True,5,0.25,-87.46673401188598,131,0.0,0.0,60098067.96553335,648
Sim563,Sim563,F04,,False,True,5,0.25,-87.46673401188598,161,0.0,0.0,60098067.96553335,648
Sim563,Sim563,F04,,False,True,5,0.25,-87.46673401188598,231,0.5903276913217701,35477553.71499213,60098067.96553335,648
Sim563,Sim563,F04,,False,True,5,0.25,-87.46673401188598,232,0.0,0.0,60098067.96553335,648
Sim563,Sim563,F04,,False,True,5,0.25,-87.46673401188598,241,0.1626888405552662,9777284.996924208,60098067.96553335,648
Sim563,Sim563,F04,,False,True,6,0.3,-83.07945041719194,11,0.0,0.0,58150687.0422913,648
Sim563,Sim563,F04,,False,True,6,0.3,-83.07945041719194,12,0.0,0.0,58150687.0422913,648
Sim563,Sim563,F04,,False,True,6,0.3,-83.07945041719194,13,0.2303951547645833,13397636.540775556,58150687.0422913,648
Sim563,Sim563,F04,,False,True,6,0.3,-83.07945041719194,14,0.0908340241382014,5282060.910452484,58150687.0422913,648
Sim563,Sim563,F04,,False,True,6,0.3,-83.07945041719194,15,0.0,0.0,58150687.0422913,648
Sim563,Sim563,F04,,False,True,6,0.3,-83.07945041719194,16,0.0,0.0,58150687.0422913,648
Sim563,Sim563,F04,,False,True,6,0.3,-83.07945041719194,21,0.0020296829955595,118027.46066984144,58150687.0422913,648
Sim563,Sim563,F04,,False,True,6,0.3,-83.07945041719194,22,0.0,0.0,58150687.0422913,648
Sim563,Sim563,F04,,False,True,6,0.3,-83.07945041719194,23,0.1225618383896876,7127055.107526612,58150687.0422913,648
Sim563,Sim563,F04,,False,True,6,0.3,-83.07945041719194,24,0.0,0.0,58150687.0422913,648
Sim563,Sim563,F04,,False,True,6,0.3,-83.07945041719194,25,0.0,0.0,58150687.0422913,648
Sim563,Sim563,F04,,False,True,6,0.3,-83.07945041719194,26,0.0,0.0,58150687.0422913,648
Sim563,Sim563,F04,,False,True,6,0.3,-83.07945041719194,111,0.0,0.0,58150687.0422913,648
Sim563,Sim563,F04,,False,True,6,0.3,-83.07945041719194,121,0.0,0.0,58150687.0422913,648
Sim563,Sim563,F04,,False,True,6,0.3,-83.07945041719194,131,0.0179828057027634,1045712.5065637284,58150687.0422913,648
Sim563,Sim563,F04,,False,True,6,0.3,-83.07945041719194,161,0.0,0.0,58150687.0422913,648
Sim563,Sim563,F04,,False,True,6,0.3,-83.07945041719194,231,0.3765210583274484,21894958.227631763,58150687.0422913,648
Sim563,Sim563,F04,,False,True,6,0.3,-83.07945041719194,232,0.0,0.0,58150687.0422913,648
Sim563,Sim563,F04,,False,True,6,0.3,-83.07945041719194,241,0.159675435681756,9285236.288671304,58150687.0422913,648
Sim563,Sim563,F04,,False,True,7,0.35,-77.49488757085764,11,0.0,0.0,58193847.792570055,648
Sim563,Sim563,F04,,False,True,7,0.35,-77.49488757085764,12,0.0,0.0,58193847.792570055,648
Sim563,Sim563,F04,,False,True,7,0.35,-77.49488757085764,13,0.1081573049763155,6294089.743446286,58193847.792570055,648
Sim563,Sim563,F04,,False,True,7,0.35,-77.49488757085764,14,0.081413943279475,4737790.6233987,58193847.792570055,648
Sim563,Sim563,F04,,False,True,7,0.35,-77.49488757085764,15,0.0,0.0,58193847.792570055,648
Sim563,Sim563,F04,,False,True,7,0.35,-77.49488757085764,16,0.0,0.0,58193847.792570055,648
Sim563,Sim563,F04,,False,True,7,0.35,-77.49488757085764,21,0.0,0.0,58193847.792570055,648
Sim563,Sim563,F04,,False,True,7,0.35,-77.49488757085764,22,0.0,0.0,58193847.792570055,648
Sim563,Sim563,F04,,False,True,7,0.35,-77.49488757085764,23,0.048474835079675,2820937.174396544,58193847.792570055,648
Sim563,Sim563,F04,,False,True,7,0.35,-77.49488757085764,24,0.3788270801776441,22045405.443561558,58193847.792570055,648
Sim563,Sim563,F04,,False,True,7,0.35,-77.49488757085764,25,0.0,0.0,58193847.792570055,648
Sim563,Sim563,F04,,False,True,7,0.35,-77.49488757085764,26,0.0179895258451577,1046879.7288936144,58193847.792570055,648
Sim563,Sim563,F04,,False,True,7,0.35,-77.49488757085764,111,0.0,0.0,58193847.792570055,648
Sim563,Sim563,F04,,False,True,7,0.35,-77.49488757085764,121,0.0,0.0,58193847.792570055,648
Sim563,Sim563,F04,,False,True,7,0.35,-77.49488757085764,131,0.0,0.0,58193847.792570055,648
Sim563,Sim563,F04,,False,True,7,0.35,-77.49488757085764,161,0.0667117817697452,3882215.2742797015,58193847.792570055,648
Sim563,Sim563,F04,,False,True,7,0.35,-77.49488757085764,231,0.103046830985247,5996691.597862156,58193847.792570055,648
Sim563,Sim563,F04,,False,True,7,0.35,-77.49488757085764,232,0.0,0.0,58193847.792570055,648
Sim563,Sim563,F04,,False,True,7,0.35,-77.49488757085764,241,0.1953786978867404,11369838.206731502,58193847.792570055,648
Sim563,Sim563,F04,,False,True,8,0.4,-71.59056105776709,11,0.0,0.0,58196574.03757411,648
Sim563,Sim563,F04,,False,True,8,0.4,-71.59056105776709,12,0.0,0.0,58196574.03757411,648
Sim563,Sim563,F04,,False,True,8,0.4,-71.59056105776709,13,0.1204720185722352,7011058.74829509,58196574.03757411,648
Sim563,Sim563,F04,,False,True,8,0.4,-71.59056105776709,14,0.153187481365627,8914986.600924218,58196574.03757411,648
Sim563,Sim563,F04,,False,True,8,0.4,-71.59056105776709,15,0.0,0.0,58196574.03757411,648
Sim563,Sim563,F04,,False,True,8,0.4,-71.59056105776709,16,0.0,0.0,58196574.03757411,648
Sim563,Sim563,F04,,False,True,8,0.4,-71.59056105776709,21,0.0,0.0,58196574.03757411,648
Sim563,Sim563,F04,,False,True,8,0.4,-71.59056105776709,22,0.0,0.0,58196574.03757411,648
Sim563,Sim563,F04,,False,True,8,0.4,-71.59056105776709,23,0.0,0.0,58196574.03757411,648
Sim563,Sim563,F04,,False,True,8,0.4,-71.59056105776709,24,0.0,0.0,58196574.03757411,648
Sim563,Sim563,F04,,False,True,8,0.4,-71.59056105776709,25,0.0,0.0,58196574.03757411,648
Sim563,Sim563,F04,,False,True,8,0.4,-71.59056105776709,26,0.0,0.0,58196574.03757411,648
Sim563,Sim563,F04,,False,True,8,0.4,-71.59056105776709,111,0.0,0.0,58196574.03757411,648
Sim563,Sim563,F04,,False,True,8,0.4,-71.59056105776709,121,0.0,0.0,58196574.03757411,648
Sim563,Sim563,F04,,False,True,8,0.4,-71.59056105776709,131,0.1654041847459307,9625956.883691143,58196574.03757411,648
Sim563,Sim563,F04,,False,True,8,0.4,-71.59056105776709,161,0.0,0.0,58196574.03757411,648
Sim563,Sim563,F04,,False,True,8,0.4,-71.59056105776709,231,0.0100183273923718,583032.3318228223,58196574.03757411,648
Sim563,Sim563,F04,,False,True,8,0.4,-71.59056105776709,232,0.0,0.0,58196574.03757411,648
Sim563,Sim563,F04,,False,True,8,0.4,-71.59056105776709,241,0.5509179879238353,32061539.47284084,58196574.03757411,648
Sim563,Sim563,F04,,False,True,9,0.45,-65.59965563919371,11,0.0,0.0,58290332.8982776,648
Sim563,Sim563,F04,,False,True,9,0.45,-65.59965563919371,12,0.0,0.0,58290332.8982776,648
Sim563,Sim563,F04,,False,True,9,0.45,-65.59965563919371,13,0.1669434912139227,9731191.67806024,58290332.8982776,648
Sim563,Sim563,F04,,False,True,9,0.45,-65.59965563919371,14,0.1760531686213817,10262197.80673694,58290332.8982776,648
Sim563,Sim563,F04,,False,True,9,0.45,-65.59965563919371,15,0.0,0.0,58290332.8982776,648
Sim563,Sim563,F04,,False,True,9,0.45,-65.59965563919371,16,0.0,0.0,58290332.8982776,648
Sim563,Sim563,F04,,False,True,9,0.45,-65.59965563919371,21,0.0,0.0,58290332.8982776,648
Sim563,Sim563,F04,,False,True,9,0.45,-65.59965563919371,22,0.0,0.0,58290332.8982776,648
Sim563,Sim563,F04,,False,True,9,0.45,-65.59965563919371,23,0.0109017878448599,635468.8426632821,58290332.8982776,648
Sim563,Sim563,F04,,False,True,9,0.45,-65.59965563919371,24,0.0,0.0,58290332.8982776,648
Sim563,Sim563,F04,,False,True,9,0.45,-65.59965563919371,25,0.0,0.0,58290332.8982776,648
Sim563,Sim563,F04,,False,True,9,0.45,-65.59965563919371,26,0.0,0.0,58290332.8982776,648
Sim563,Sim563,F04,,False,True,9,0.45,-65.59965563919371,111,0.0,0.0,58290332.8982776,648
Sim563,Sim563,F04,,False,True,9,0.45,-65.59965563919371,121,0.0,0.0,58290332.8982776,648
Sim563,Sim563,F04,,False,True,9,0.45,-65.59965563919371,131,0.0056909631570703,331728.1369374641,58290332.8982776,648
Sim563,Sim563,F04,,False,True,9,0.45,-65.59965563919371,161,0.0086461233449429,503985.4080562955,58290332.8982776,648
Sim563,Sim563,F04,,False,True,9,0.45,-65.59965563919371,231,0.1975596655586747,11515818.672687538,58290332.8982776,648
Sim563,Sim563,F04,,False,True,9,0.45,-65.59965563919371,232,0.0,0.0,58290332.8982776,648
Sim563,Sim563,F04,,False,True,9,0.45,-65.59965563919371,241,0.4342048002591475,25309942.353135835,58290332.8982776,648
Sim563,Sim563,F04,,False,True,10,0.5,-59.651896164129184,11,0.0,0.0,58314035.87544292,648
Sim563,Sim563,F04,,False,True,10,0.5,-59.651896164129184,12,0.0,0.0,58314035.87544292,648
Sim563,Sim563,F04,,False,True,10,0.5,-59.651896164129184,13,0.2129930761870938,12420485.885995137,58314035.87544292,648
Sim563,Sim563,F04,,False,True,10,0.5,-59.651896164129184,14,0.0979092615080983,5709484.188121368,58314035.87544292,648
Sim563,Sim563,F04,,False,True,10,0.5,-59.651896164129184,15,0.0,0.0,58314035.87544292,648
Sim563,Sim563,F04,,False,True,10,0.5,-59.651896164129184,16,0.0,0.0,58314035.87544292,648
Sim563,Sim563,F04,,False,True,10,0.5,-59.651896164129184,21,0.0,0.0,58314035.87544292,648
Sim563,Sim563,F04,,False,True,10,0.5,-59.651896164129184,22,0.0,0.0,58314035.87544292,648
Sim563,Sim563,F04,,False,True,10,0.5,-59.651896164129184,23,0.0,0.0,58314035.87544292,648
Sim563,Sim563,F04,,False,True,10,0.5,-59.651896164129184,24,0.0,0.0,58314035.87544292,648
Sim563,Sim563,F04,,False,True,10,0.5,-59.651896164129184,25,0.0,0.0,58314035.87544292,648
Sim563,Sim563,F04,,False,True,10,0.5,-59.651896164129184,26,0.0,0.0,58314035.87544292,648
Sim563,Sim563,F04,,False,True,10,0.5,-59.651896164129184,111,0.0,0.0,58314035.87544292,648
Sim563,Sim563,F04,,False,True,10,0.5,-59.651896164129184,121,0.0,0.0,58314035.87544292,648
Sim563,Sim563,F04,,False,True,10,0.5,-59.651896164129184,131,0.1330991285739159,7761547.358649523,58314035.87544292,648
Sim563,Sim563,F04,,False,True,10,0.5,-59.651896164129184,161,0.0,0.0,58314035.87544292,648
Sim563,Sim563,F04,,False,True,10,0.5,-59.651896164129184,231,0.0998125079577821,5820470.169868041,58314035.87544292,648
Sim563,Sim563,F04,,False,True,10,0.5,-59.651896164129184,232,0.0,0.0,58314035.87544292,648
Sim563,Sim563,F04,,False,True,10,0.5,-59.651896164129184,241,0.4561860257731097,26602048.27280885,58314035.87544292,648
Sim563,Sim563,F04,,False,True,11,0.55,-53.90365893176172,11,0.0,0.0,58328594.58201802,648
Sim563,Sim563,F04,,False,True,11,0.55,-53.90365893176172,12,0.0,0.0,58328594.58201802,648
Sim563,Sim563,F04,,False,True,11,0.55,-53.90365893176172,13,0.2575692793989117,15023654.074841648,58328594.58201802,648
Sim563,Sim563,F04,,False,True,11,0.55,-53.90365893176172,14,0.0162603077600945,948440.899117398,58328594.58201802,648
Sim563,Sim563,F04,,False,True,11,0.55,-53.90365893176172,15,0.0,0.0,58328594.58201802,648
Sim563,Sim563,F04,,False,True,11,0.55,-53.90365893176172,16,0.0,0.0,58328594.58201802,648
Sim563,Sim563,F04,,False,True,11,0.55,-53.90365893176172,21,0.0,0.0,58328594.58201802,648
Sim563,Sim563,F04,,False,True,11,0.55,-53.90365893176172,22,0.0,0.0,58328594.58201802,648
Sim563,Sim563,F04,,False,True,11,0.55,-53.90365893176172,23,0.0254758265268526,1485969.157126607,58328594.58201802,648
Sim563,Sim563,F04,,False,True,11,0.55,-53.90365893176172,24,0.0,0.0,58328594.58201802,648
Sim563,Sim563,F04,,False,True,11,0.55,-53.90365893176172,25,0.0,0.0,58328594.58201802,648
Sim563,Sim563,F04,,False,True,11,0.55,-53.90365893176172,26,0.0,0.0,58328594.58201802,648
Sim563,Sim563,F04,,False,True,11,0.55,-53.90365893176172,111,0.0,0.0,58328594.58201802,648
Sim563,Sim563,F04,,False,True,11,0.55,-53.90365893176172,121,0.0,0.0,58328594.58201802,648
Sim563,Sim563,F04,,False,True,11,0.55,-53.90365893176172,131,0.0366663875898504,2138698.856515523,58328594.58201802,648
Sim563,Sim563,F04,,False,True,11,0.55,-53.90365893176172,161,0.0,0.0,58328594.58201802,648
Sim563,Sim563,F04,,False,True,11,0.55,-53.90365893176172,231,0.1945005200397207,11344941.97938854,58328594.58201802,648
Sim563,Sim563,F04,,False,True,11,0.55,-53.90365893176172,232,0.0,0.0,58328594.58201802,648
Sim563,Sim563,F04,,False,True,11,0.55,-53.90365893176172,241,0.4695276786845699,27386889.6150283,58328594.58201802,648
Sim563,Sim563,F04,,False,True,12,0.6,-48.33360526857555,11,0.0,0.0,58291809.275063336,648
Sim563,Sim563,F04,,False,True,12,0.6,-48.33360526857555,12,0.0,0.0,58291809.275063336,648
Sim563,Sim563,F04,,False,True,12,0.6,-48.33360526857555,13,0.2263233429160457,13192797.139756896,58291809.275063336,648
Sim563,Sim563,F04,,False,True,12,0.6,-48.33360526857555,14,0.0549097251873126,3200787.227964973,58291809.275063336,648
Sim563,Sim563,F04,,False,True,12,0.6,-48.33360526857555,15,0.0,0.0,58291809.275063336,648
Sim563,Sim563,F04,,False,True,12,0.6,-48.33360526857555,16,0.0,0.0,58291809.275063336,648
Sim563,Sim563,F04,,False,True,12,0.6,-48.33360526857555,21,0.0,0.0,58291809.275063336,648
Sim563,Sim563,F04,,False,True,12,0.6,-48.33360526857555,22,0.0,0.0,58291809.275063336,648
Sim563,Sim563,F04,,False,True,12,0.6,-48.33360526857555,23,0.0133853345199755,780255.366921339,58291809.275063336,648
Sim563,Sim563,F04,,False,True,12,0.6,-48.33360526857555,24,0.0,0.0,58291809.275063336,648
Sim563,Sim563,F04,,False,True,12,0.6,-48.33360526857555,25,0.0,0.0,58291809.275063336,648
Sim563,Sim563,F04,,False,True,12,0.6,-48.33360526857555,26,0.0,0.0,58291809.275063336,648
Sim563,Sim563,F04,,False,True,12,0.6,-48.33360526857555,111,0.0,0.0,58291809.275063336,648
Sim563,Sim563,F04,,False,True,12,0.6,-48.33360526857555,121,0.0,0.0,58291809.275063336,648
Sim563,Sim563,F04,,False,True,12,0.6,-48.33360526857555,131,0.0031950609068171,186245.8810023933,58291809.275063336,648
Sim563,Sim563,F04,,False,True,12,0.6,-48.33360526857555,161,0.0079222634182926,461803.0682059243,58291809.275063336,648
Sim563,Sim563,F04,,False,True,12,0.6,-48.33360526857555,231,0.1615562907216378,9417408.4859324,58291809.275063336,648
Sim563,Sim563,F04,,False,True,12,0.6,-48.33360526857555,232,0.0,0.0,58291809.275063336,648
Sim563,Sim563,F04,,False,True,12,0.6,-48.33360526857555,241,0.5327079823299185,31052512.105279416,58291809.275063336,648
Sim563,Sim563,F04,,False,True,13,0.65,-42.02029607473706,11,0.0,0.0,62100671.24856194,621
Sim563,Sim563,F04,,False,True,13,0.65,-42.02029607473706,12,0.0,0.0,62100671.24856194,621
Sim563,Sim563,F04,,False,True,13,0.65,-42.02029607473706,13,0.1350063747800296,8383986.496674766,62100671.24856194,621
Sim563,Sim563,F04,,False,True,13,0.65,-42.02029607473706,14,0.0,0.0,62100671.24856194,621
Sim563,Sim563,F04,,False,True,13,0.65,-42.02029607473706,15,0.0,0.0,62100671.24856194,621
Sim563,Sim563,F04,,False,True,13,0.65,-42.02029607473706,16,0.0,0.0,62100671.24856194,621
Sim563,Sim563,F04,,False,True,13,0.65,-42.02029607473706,21,0.0015578444805895,96743.1879454754,62100671.24856194,621
Sim563,Sim563,F04,,False,True,13,0.65,-42.02029607473706,22,0.0298252083827573,1852165.460697466,62100671.24856194,621
Sim563,Sim563,F04,,False,True,13,0.65,-42.02029607473706,23,0.0,0.0,62100671.24856194,621
Sim563,Sim563,F04,,False,True,13,0.65,-42.02029607473706,24,0.0,0.0,62100671.24856194,621
Sim563,Sim563,F04,,False,True,13,0.65,-42.02029607473706,25,0.0,0.0,62100671.24856194,621
Sim563,Sim563,F04,,False,True,13,0.65,-42.02029607473706,26,0.0,0.0,62100671.24856194,621
Sim563,Sim563,F04,,False,True,13,0.65,-42.02029607473706,111,0.3463111388252662,21506154.18190296,62100671.24856194,621
Sim563,Sim563,F04,,False,True,13,0.65,-42.02029607473706,121,0.0042233824718304,262274.8864400814,62100671.24856194,621
Sim563,Sim563,F04,,False,True,13,0.65,-42.02029607473706,131,0.0159139063293916,988264.2652419604,62100671.24856194,621
Sim563,Sim563,F04,,False,True,13,0.65,-42.02029607473706,161,0.0,0.0,62100671.24856194,621
Sim563,Sim563,F04,,False,True,13,0.65,-42.02029607473706,231,0.1177888253422362,7314765.119332491,62100671.24856194,621
Sim563,Sim563,F04,,False,True,13,0.65,-42.02029607473706,232,0.0742542228130322,4611237.079729581,62100671.24856194,621
Sim563,Sim563,F04,,False,True,13,0.65,-42.02029607473706,241,0.2751190965748668,17085080.570597168,62100671.24856194,621
Sim563,Sim563,F04,,False,True,14,0.7,-38.904446125693696,11,0.0,0.0,57534336.52162169,643
Sim563,Sim563,F04,,False,True,14,0.7,-38.904446125693696,12,0.0,0.0,57534336.52162169,643
Sim563,Sim563,F04,,False,True,14,0.7,-38.904446125693696,13,0.5509864646044574,31700640.67341145,57534336.52162169,643
Sim563,Sim563,F04,,False,True,14,0.7,-38.904446125693696,14,0.0,0.0,57534336.52162169,643
Sim563,Sim563,F04,,False,True,14,0.7,-38.904446125693696,15,0.0,0.0,57534336.52162169,643
Sim563,Sim563,F04,,False,True,14,0.7,-38.904446125693696,16,0.0,0.0,57534336.52162169,643
Sim563,Sim563,F04,,False,True,14,0.7,-38.904446125693696,21,0.0,0.0,57534336.52162169,643
Sim563,Sim563,F04,,False,True,14,0.7,-38.904446125693696,22,0.0,0.0,57534336.52162169,643
Sim563,Sim563,F04,,False,True,14,0.7,-38.904446125693696,23,0.0402515411255295,2315845.712630114,57534336.52162169,643
Sim563,Sim563,F04,,False,True,14,0.7,-38.904446125693696,24,0.0,0.0,57534336.52162169,643
Sim563,Sim563,F04,,False,True,14,0.7,-38.904446125693696,25,0.0,0.0,57534336.52162169,643
Sim563,Sim563,F04,,False,True,14,0.7,-38.904446125693696,26,0.0,0.0,57534336.52162169,643
Sim563,Sim563,F04,,False,True,14,0.7,-38.904446125693696,111,0.0329817197783935,1897581.3647919225,57534336.52162169,643
Sim563,Sim563,F04,,False,True,14,0.7,-38.904446125693696,121,0.0,0.0,57534336.52162169,643
Sim563,Sim563,F04,,False,True,14,0.7,-38.904446125693696,131,0.0,0.0,57534336.52162169,643
Sim563,Sim563,F04,,False,True,14,0.7,-38.904446125693696,161,0.0,0.0,57534336.52162169,643
Sim563,Sim563,F04,,False,True,14,0.7,-38.904446125693696,231,0.2266598174634597,13040722.213872038,57534336.52162169,643
Sim563,Sim563,F04,,False,True,14,0.7,-38.904446125693696,232,0.0,0.0,57534336.52162169,643
Sim563,Sim563,F04,,False,True,14,0.7,-38.904446125693696,241,0.1491204570281595,8579546.556916159,57534336.52162169,643
Sim563,Sim563,F04,,False,True,15,0.75,-29.226783075998277,11,0.0,0.0,70668070.87960766,605
Sim563,Sim563,F04,,False,True,15,0.75,-29.226783075998277,12,0.0,0.0,70668070.87960766,605
Sim563,Sim563,F04,,False,True,15,0.75,-29.226783075998277,13,0.2680443002104196,18942173.60614477,70668070.87960766,605
Sim563,Sim563,F04,,False,True,15,0.75,-29.226783075998277,14,0.0,0.0,70668070.87960766,605
Sim563,Sim563,F04,,False,True,15,0.75,-29.226783075998277,15,0.0,0.0,70668070.87960766,605
Sim563,Sim563,F04,,False,True,15,0.75,-29.226783075998277,16,0.0,0.0,70668070.87960766,605
Sim563,Sim563,F04,,False,True,15,0.75,-29.226783075998277,21,0.0243245425336982,1718968.4958854166,70668070.87960766,605
Sim563,Sim563,F04,,False,True,15,0.75,-29.226783075998277,22,0.0,0.0,70668070.87960766,605
Sim563,Sim563,F04,,False,True,15,0.75,-29.226783075998277,23,0.0163237641359892,1153568.9209840824,70668070.87960766,605
Sim563,Sim563,F04,,False,True,15,0.75,-29.226783075998277,24,0.0,0.0,70668070.87960766,605
Sim563,Sim563,F04,,False,True,15,0.75,-29.226783075998277,25,0.0,0.0,70668070.87960766,605
Sim563,Sim563,F04,,False,True,15,0.75,-29.226783075998277,26,0.0,0.0,70668070.87960766,605
Sim563,Sim563,F04,,False,True,15,0.75,-29.226783075998277,111,0.3045003557574676,21518452.72353447,70668070.87960766,605
Sim563,Sim563,F04,,False,True,15,0.75,-29.226783075998277,121,0.0,0.0,70668070.87960766,605
Sim563,Sim563,F04,,False,True,15,0.75,-29.226783075998277,131,0.0012647531718573,89377.6667940242,70668070.87960766,605
Sim563,Sim563,F04,,False,True,15,0.75,-29.226783075998277,161,0.0,0.0,70668070.87960766,605
Sim563,Sim563,F04,,False,True,15,0.75,-29.226783075998277,231,0.1359006687856867,9603838.094332997,70668070.87960766,605
Sim563,Sim563,F04,,False,True,15,0.75,-29.226783075998277,232,0.0,0.0,70668070.87960766,605
Sim563,Sim563,F04,,False,True,15,0.75,-29.226783075998277,241,0.2496416154048812,17641691.371931903,70668070.87960766,605
Sim563,Sim563,F04,,False,True,16,0.8,-29.115666562602502,11,0.0,0.0,57845907.41846191,644
Sim563,Sim563,F04,,False,True,16,0.8,-29.115666562602502,12,0.1061534305643951,6140541.516580126,57845907.41846191,644
Sim563,Sim563,F04,,False,True,16,0.8,-29.115666562602502,13,0.2932198399741187,16961567.71639909,57845907.41846191,644
Sim563,Sim563,F04,,False,True,16,0.8,-29.115666562602502,14,0.0,0.0,57845907.41846191,644
Sim563,Sim563,F04,,False,True,16,0.8,-29.115666562602502,15,0.0,0.0,57845907.41846191,644
Sim563,Sim563,F04,,False,True,16,0.8,-29.115666562602502,16,0.0,0.0,57845907.41846191,644
Sim563,Sim563,F04,,False,True,16,0.8,-29.115666562602502,21,0.0,0.0,57845907.41846191,644
Sim563,Sim563,F04,,False,True,16,0.8,-29.115666562602502,22,0.0,0.0,57845907.41846191,644
Sim563,Sim563,F04,,False,True,16,0.8,-29.115666562602502,23,0.3709961494219908,21460608.91207034,57845907.41846191,644
Sim563,Sim563,F04,,False,True,16,0.8,-29.115666562602502,24,0.0,0.0,57845907.41846191,644
Sim563,Sim563,F04,,False,True,16,0.8,-29.115666562602502,25,0.0,0.0,57845907.41846191,644
Sim563,Sim563,F04,,False,True,16,0.8,-29.115666562602502,26,0.0,0.0,57845907.41846191,644
Sim563,Sim563,F04,,False,True,16,0.8,-29.115666562602502,111,0.0,0.0,57845907.41846191,644
Sim563,Sim563,F04,,False,True,16,0.8,-29.115666562602502,121,0.0,0.0,57845907.41846191,644
Sim563,Sim563,F04,,False,True,16,0.8,-29.115666562602502,131,0.0,0.0,57845907.41846191,644
Sim563,Sim563,F04,,False,True,16,0.8,-29.115666562602502,161,0.0,0.0,57845907.41846191,644
Sim563,Sim563,F04,,False,True,16,0.8,-29.115666562602502,231,0.0774348411722846,4479288.653415281,57845907.41846191,644
Sim563,Sim563,F04,,False,True,16,0.8,-29.115666562602502,232,0.0,0.0,57845907.41846191,644
Sim563,Sim563,F04,,False,True,16,0.8,-29.115666562602502,241,0.1521957388672107,8803900.619997075,57845907.41846191,644
Sim563,Sim563,F04,,False,True,17,0.85,-24.302372149378,11,0.1134494578562383,6501150.616600688,57304377.9974591,617
Sim563,Sim563,F04,,False,True,17,0.85,-24.302372149378,12,0.0801584396189753,4593429.523612262,57304377.9974591,617
Sim563,Sim563,F04,,False,True,17,0.85,-24.302372149378,13,0.0765996461020716,4389495.07470471,57304377.9974591,617
Sim563,Sim563,F04,,False,True,17,0.85,-24.302372149378,14,0.0,0.0,57304377.9974591,617
Sim563,Sim563,F04,,False,True,17,0.85,-24.302372149378,15,0.0,0.0,57304377.9974591,617
Sim563,Sim563,F04,,False,True,17,0.85,-24.302372149378,16,0.0,0.0,57304377.9974591,617
Sim563,Sim563,F04,,False,True,17,0.85,-24.302372149378,21,0.0538107104965271,3083589.294604833,57304377.9974591,617
Sim563,Sim563,F04,,False,True,17,0.85,-24.302372149378,22,0.0022628603144658,129671.8028156013,57304377.9974591,617
Sim563,Sim563,F04,,False,True,17,0.85,-24.302372149378,23,0.2324971924257477,13323106.99811303,57304377.9974591,617
Sim563,Sim563,F04,,False,True,17,0.85,-24.302372149378,24,0.0,0.0,57304377.9974591,617
Sim563,Sim563,F04,,False,True,17,0.85,-24.302372149378,25,0.0,0.0,57304377.9974591,617
Sim563,Sim563,F04,,False,True,17,0.85,-24.302372149378,26,0.0,0.0,57304377.9974591,617
Sim563,Sim563,F04,,False,True,17,0.85,-24.302372149378,111,0.0722228114349896,4138683.2865098566,57304377.9974591,617
Sim563,Sim563,F04,,False,True,17,0.85,-24.302372149378,121,0.0,0.0,57304377.9974591,617
Sim563,Sim563,F04,,False,True,17,0.85,-24.302372149378,131,0.0,0.0,57304377.9974591,617
Sim563,Sim563,F04,,False,True,17,0.85,-24.302372149378,161,0.0,0.0,57304377.9974591,617
Sim563,Sim563,F04,,False,True,17,0.85,-24.302372149378,231,0.1995149131723822,11433078.00056042,57304377.9974591,617
Sim563,Sim563,F04,,False,True,17,0.85,-24.302372149378,232,0.0,0.0,57304377.9974591,617
Sim563,Sim563,F04,,False,True,17,0.85,-24.302372149378,241,0.1694839685786019,9712173.39993769,57304377.9974591,617
Sim563,Sim563,F04,,False,True,18,0.9,-18.94599432928506,11,0.0,0.0,58310344.73118055,648
Sim563,Sim563,F04,,False,True,18,0.9,-18.94599432928506,12,0.0786085962859372,4583694.348267197,58310344.73118055,648
Sim563,Sim563,F04,,False,True,18,0.9,-18.94599432928506,13,0.1072930217211864,6256293.083812426,58310344.73118055,648
Sim563,Sim563,F04,,False,True,18,0.9,-18.94599432928506,14,0.0,0.0,58310344.73118055,648
Sim563,Sim563,F04,,False,True,18,0.9,-18.94599432928506,15,0.0,0.0,58310344.73118055,648
Sim563,Sim563,F04,,False,True,18,0.9,-18.94599432928506,16,0.0,0.0,58310344.73118055,648
Sim563,Sim563,F04,,False,True,18,0.9,-18.94599432928506,21,0.0,0.0,58310344.73118055,648
Sim563,Sim563,F04,,False,True,18,0.9,-18.94599432928506,22,0.0,0.0,58310344.73118055,648
Sim563,Sim563,F04,,False,True,18,0.9,-18.94599432928506,23,0.628653880515898,36657024.4894764,58310344.73118055,648
Sim563,Sim563,F04,,False,True,18,0.9,-18.94599432928506,24,0.0,0.0,58310344.73118055,648
Sim563,Sim563,F04,,False,True,18,0.9,-18.94599432928506,25,0.0,0.0,58310344.73118055,648
Sim563,Sim563,F04,,False,True,18,0.9,-18.94599432928506,26,0.0,0.0,58310344.73118055,648
Sim563,Sim563,F04,,False,True,18,0.9,-18.94599432928506,111,0.0,0.0,58310344.73118055,648
Sim563,Sim563,F04,,False,True,18,0.9,-18.94599432928506,121,0.0,0.0,58310344.73118055,648
Sim563,Sim563,F04,,False,True,18,0.9,-18.94599432928506,131,0.0,0.0,58310344.73118055,648
Sim563,Sim563,F04,,False,True,18,0.9,-18.94599432928506,161,0.0,0.0,58310344.73118055,648
Sim563,Sim563,F04,,False,True,18,0.9,-18.94599432928506,231,0.0621124624763298,3621799.099097312,58310344.73118055,648
Sim563,Sim563,F04,,False,True,18,0.9,-18.94599432928506,232,0.0,0.0,58310344.73118055,648
Sim563,Sim563,F04,,False,True,18,0.9,-18.94599432928506,241,0.1233320390006485,7191533.710527221,58310344.73118055,648
Sim563,Sim563,F04,,False,True,19,0.95,-13.7986517303687,11,0.0479737293410781,2776812.9797894056,57881949.51547617,645
Sim563,Sim563,F04,,False,True,19,0.95,-13.7986517303687,12,0.0,0.0,57881949.51547617,645
Sim563,Sim563,F04,,False,True,19,0.95,-13.7986517303687,13,0.0781272528431639,4522157.704850857,57881949.51547617,645
Sim563,Sim563,F04,,False,True,19,0.95,-13.7986517303687,14,0.0,0.0,57881949.51547617,645
Sim563,Sim563,F04,,False,True,19,0.95,-13.7986517303687,15,0.0,0.0,57881949.51547617,645
Sim563,Sim563,F04,,False,True,19,0.95,-13.7986517303687,16,0.0,0.0,57881949.51547617,645
Sim563,Sim563,F04,,False,True,19,0.95,-13.7986517303687,21,0.1146548382662863,6636445.560234273,57881949.51547617,645
Sim563,Sim563,F04,,False,True,19,0.95,-13.7986517303687,22,0.0074394706622387,430611.0652935716,57881949.51547617,645
Sim563,Sim563,F04,,False,True,19,0.95,-13.7986517303687,23,0.1901996568811067,11009126.93745311,57881949.51547617,645
Sim563,Sim563,F04,,False,True,19,0.95,-13.7986517303687,24,0.0,0.0,57881949.51547617,645
Sim563,Sim563,F04,,False,True,19,0.95,-13.7986517303687,25,0.0,0.0,57881949.51547617,645
Sim563,Sim563,F04,,False,True,19,0.95,-13.7986517303687,26,0.0,0.0,57881949.51547617,645
Sim563,Sim563,F04,,False,True,19,0.95,-13.7986517303687,111,0.1155346727000635,6687372.09251214,57881949.51547617,645
Sim563,Sim563,F04,,False,True,19,0.95,-13.7986517303687,121,0.0,0.0,57881949.51547617,645
Sim563,Sim563,F04,,False,True,19,0.95,-13.7986517303687,131,0.0,0.0,57881949.51547617,645
Sim563,Sim563,F04,,False,True,19,0.95,-13.7986517303687,161,0.0,0.0,57881949.51547617,645
Sim563,Sim563,F04,,False,True,19,0.95,-13.7986517303687,231,0.210024474739817,12156626.043904489,57881949.51547617,645
Sim563,Sim563,F04,,False,True,19,0.95,-13.7986517303687,232,0.0618464903182037,3579795.4303076537,57881949.51547617,645
Sim563,Sim563,F04,,False,True,19,0.95,-13.7986517303687,241,0.1741994142480415,10083001.70113066,57881949.51547617,645
Sim563,Sim563,F04,,False,True,20,1.0,-8.497106795930872,11,0.0,0.0,58315501.37723096,648
Sim563,Sim563,F04,,False,True,20,1.0,-8.497106795930872,12,0.0465196887823554,2712818.975255804,58315501.37723096,648
Sim563,Sim563,F04,,False,True,20,1.0,-8.497106795930872,13,0.092663212576761,5403701.700638752,58315501.37723096,648
Sim563,Sim563,F04,,False,True,20,1.0,-8.497106795930872,14,0.0,0.0,58315501.37723096,648
Sim563,Sim563,F04,,False,True,20,1.0,-8.497106795930872,15,0.0,0.0,58315501.37723096,648
Sim563,Sim563,F04,,False,True,20,1.0,-8.497106795930872,16,0.0,0.0,58315501.37723096,648
Sim563,Sim563,F04,,False,True,20,1.0,-8.497106795930872,21,0.0,0.0,58315501.37723096,648
Sim563,Sim563,F04,,False,True,20,1.0,-8.497106795930872,22,0.0,0.0,58315501.37723096,648
Sim563,Sim563,F04,,False,True,20,1.0,-8.497106795930872,23,0.6770137171033968,39480394.352147385,58315501.37723096,648
Sim563,Sim563,F04,,False,True,20,1.0,-8.497106795930872,24,0.006242836106973,364054.11759401386,58315501.37723096,648
Sim563,Sim563,F04,,False,True,20,1.0,-8.497106795930872,25,0.0,0.0,58315501.37723096,648
Sim563,Sim563,F04,,False,True,20,1.0,-8.497106795930872,26,0.0,0.0,58315501.37723096,648
Sim563,Sim563,F04,,False,True,20,1.0,-8.497106795930872,111,0.0,0.0,58315501.37723096,648
Sim563,Sim563,F04,,False,True,20,1.0,-8.497106795930872,121,0.0,0.0,58315501.37723096,648
Sim563,Sim563,F04,,False,True,20,1.0,-8.497106795930872,131,0.0,0.0,58315501.37723096,648
Sim563,Sim563,F04,,False,True,20,1.0,-8.497106795930872,161,0.0,0.0,58315501.37723096,648
Sim563,Sim563,F04,,False,True,20,1.0,-8.497106795930872,231,0.0664867080013006,3877205.7120174025,58315501.37723096,648
Sim563,Sim563,F04,,False,True,20,1.0,-8.497106795930872,232,0.0,0.0,58315501.37723096,648
Sim563,Sim563,F04,,False,True,20,1.0,-8.497106795930872,241,0.1110738374292131,6477326.519577605,58315501.37723096,648
Sim566,Sim566,F02,,False,True,0,0.0,-112.63752990428245,11,0.316927734871891,18654934.50943355,58861792.31670675,648
Sim566,Sim566,F02,,False,True,0,0.0,-112.63752990428245,12,0.5276469323992444,31058244.15143173,58861792.31670675,648
Sim566,Sim566,F02,,False,True,0,0.0,-112.63752990428245,13,0.0,0.0,58861792.31670675,648
Sim566,Sim566,F02,,False,True,0,0.0,-112.63752990428245,14,0.0,0.0,58861792.31670675,648
Sim566,Sim566,F02,,False,True,0,0.0,-112.63752990428245,15,0.0,0.0,58861792.31670675,648
Sim566,Sim566,F02,,False,True,0,0.0,-112.63752990428245,16,0.1554253327288644,9148613.655841464,58861792.31670675,648
Sim566,Sim566,F02,,False,True,0,0.0,-112.63752990428245,21,0.0,0.0,58861792.31670675,648
Sim566,Sim566,F02,,False,True,0,0.0,-112.63752990428245,22,0.0,0.0,58861792.31670675,648
Sim566,Sim566,F02,,False,True,0,0.0,-112.63752990428245,23,0.0,0.0,58861792.31670675,648
Sim566,Sim566,F02,,False,True,0,0.0,-112.63752990428245,24,0.0,0.0,58861792.31670675,648
Sim566,Sim566,F02,,False,True,0,0.0,-112.63752990428245,25,0.0,0.0,58861792.31670675,648
Sim566,Sim566,F02,,False,True,0,0.0,-112.63752990428245,26,0.0,0.0,58861792.31670675,648
Sim566,Sim566,F02,,False,True,0,0.0,-112.63752990428245,111,0.0,0.0,58861792.31670675,648
Sim566,Sim566,F02,,False,True,0,0.0,-112.63752990428245,121,0.0,0.0,58861792.31670675,648
Sim566,Sim566,F02,,False,True,0,0.0,-112.63752990428245,131,0.0,0.0,58861792.31670675,648
Sim566,Sim566,F02,,False,True,0,0.0,-112.63752990428245,161,0.0,0.0,58861792.31670675,648
Sim566,Sim566,F02,,False,True,0,0.0,-112.63752990428245,231,0.0,0.0,58861792.31670675,648
Sim566,Sim566,F02,,False,True,0,0.0,-112.63752990428245,232,0.0,0.0,58861792.31670675,648
Sim566,Sim566,F02,,False,True,0,0.0,-112.63752990428245,241,0.0,0.0,58861792.31670675,648
Sim566,Sim566,F02,,False,True,1,0.05,-89.34201686198224,11,0.0,0.0,87935100.48346746,609
Sim566,Sim566,F02,,False,True,1,0.05,-89.34201686198224,12,0.0364667336604275,3206705.8887335407,87935100.48346746,609
Sim566,Sim566,F02,,False,True,1,0.05,-89.34201686198224,13,0.2070920598394128,18210661.09130702,87935100.48346746,609
Sim566,Sim566,F02,,False,True,1,0.05,-89.34201686198224,14,0.0029950263478374,263367.9428477221,87935100.48346746,609
Sim566,Sim566,F02,,False,True,1,0.05,-89.34201686198224,15,0.0010932106855596,96131.59148428592,87935100.48346746,609
Sim566,Sim566,F02,,False,True,1,0.05,-89.34201686198224,16,0.0020898781497304,183773.64509474672,87935100.48346746,609
Sim566,Sim566,F02,,False,True,1,0.05,-89.34201686198224,21,0.0,0.0,87935100.48346746,609
Sim566,Sim566,F02,,False,True,1,0.05,-89.34201686198224,22,0.0,0.0,87935100.48346746,609
Sim566,Sim566,F02,,False,True,1,0.05,-89.34201686198224,23,0.214233682866329,18838660.429793943,87935100.48346746,609
Sim566,Sim566,F02,,False,True,1,0.05,-89.34201686198224,24,0.0348728295760822,3066545.7729156245,87935100.48346746,609
Sim566,Sim566,F02,,False,True,1,0.05,-89.34201686198224,25,0.029713100234761,2612824.454819055,87935100.48346746,609
Sim566,Sim566,F02,,False,True,1,0.05,-89.34201686198224,26,0.0254186320818005,2235189.9662654228,87935100.48346746,609
Sim566,Sim566,F02,,False,True,1,0.05,-89.34201686198224,111,0.0,0.0,87935100.48346746,609
Sim566,Sim566,F02,,False,True,1,0.05,-89.34201686198224,121,0.0,0.0,87935100.48346746,609
Sim566,Sim566,F02,,False,True,1,0.05,-89.34201686198224,131,0.0019793102532419,174050.8460067908,87935100.48346746,609
Sim566,Sim566,F02,,False,True,1,0.05,-89.34201686198224,161,0.0020220931475237,177812.96411442774,87935100.48346746,609
Sim566,Sim566,F02,,False,True,1,0.05,-89.34201686198224,231,0.4033213110032113,35466100.01019122,87935100.48346746,609
Sim566,Sim566,F02,,False,True,1,0.05,-89.34201686198224,232,0.0,0.0,87935100.48346746,609
Sim566,Sim566,F02,,False,True,1,0.05,-89.34201686198224,241,0.0387021321540822,3403275.879893661,87935100.48346746,609
Sim566,Sim566,F02,,False,True,2,0.1,-99.35629167285072,11,0.0,0.0,166898762.46983528,577
Sim566,Sim566,F02,,False,True,2,0.1,-99.35629167285072,12,0.0006198022471402,103444.22802373212,166898762.46983528,577
Sim566,Sim566,F02,,False,True,2,0.1,-99.35629167285072,13,0.6386238166064385,106585524.67537764,166898762.46983528,577
Sim566,Sim566,F02,,False,True,2,0.1,-99.35629167285072,14,0.0082349778221486,1374407.607483151,166898762.46983528,577
Sim566,Sim566,F02,,False,True,2,0.1,-99.35629167285072,15,0.0,0.0,166898762.46983528,577
Sim566,Sim566,F02,,False,True,2,0.1,-99.35629167285072,16,0.0004334092253217,72335.4633492152,166898762.46983528,577
Sim566,Sim566,F02,,False,True,2,0.1,-99.35629167285072,21,0.0694471249018408,11590639.20320531,166898762.46983528,577
Sim566,Sim566,F02,,False,True,2,0.1,-99.35629167285072,22,0.0,0.0,166898762.46983528,577
Sim566,Sim566,F02,,False,True,2,0.1,-99.35629167285072,23,0.024781688442769,4136033.133011172,166898762.46983528,577
Sim566,Sim566,F02,,False,True,2,0.1,-99.35629167285072,24,0.0023239292097631,387860.9091769784,166898762.46983528,577
Sim566,Sim566,F02,,False,True,2,0.1,-99.35629167285072,25,0.0,0.0,166898762.46983528,577
Sim566,Sim566,F02,,False,True,2,0.1,-99.35629167285072,26,0.0029607846389107,494151.2921738965,166898762.46983528,577
Sim566,Sim566,F02,,False,True,2,0.1,-99.35629167285072,111,0.0153706015005586,2565334.368860239,166898762.46983528,577
Sim566,Sim566,F02,,False,True,2,0.1,-99.35629167285072,121,0.0,0.0,166898762.46983528,577
Sim566,Sim566,F02,,False,True,2,0.1,-99.35629167285072,131,0.0007738661157967,129157.29704382346,166898762.46983528,577
Sim566,Sim566,F02,,False,True,2,0.1,-99.35629167285072,161,0.0005318979558002,88773.11058330009,166898762.46983528,577
Sim566,Sim566,F02,,False,True,2,0.1,-99.35629167285072,231,0.1840000064356844,30709373.36855746,166898762.46983528,577
Sim566,Sim566,F02,,False,True,2,0.1,-99.35629167285072,232,0.0,0.0,166898762.46983528,577
Sim566,Sim566,F02,,False,True,2,0.1,-99.35629167285072,241,0.0518980948978267,8661727.81298936,166898762.46983528,577
Sim566,Sim566,F02,,False,True,3,0.15,-97.99577205995192,11,0.0,0.0,67558278.91261603,644
Sim566,Sim566,F02,,False,True,3,0.15,-97.99577205995192,12,0.0,0.0,67558278.91261603,644
Sim566,Sim566,F02,,False,True,3,0.15,-97.99577205995192,13,0.2208315918986075,14919002.278203122,67558278.91261603,644
Sim566,Sim566,F02,,False,True,3,0.15,-97.99577205995192,14,0.0085327771315587,576459.7373530396,67558278.91261603,644
Sim566,Sim566,F02,,False,True,3,0.15,-97.99577205995192,15,0.0,0.0,67558278.91261603,644
Sim566,Sim566,F02,,False,True,3,0.15,-97.99577205995192,16,0.0,0.0,67558278.91261603,644
Sim566,Sim566,F02,,False,True,3,0.15,-97.99577205995192,21,0.0,0.0,67558278.91261603,644
Sim566,Sim566,F02,,False,True,3,0.15,-97.99577205995192,22,0.0,0.0,67558278.91261603,644
Sim566,Sim566,F02,,False,True,3,0.15,-97.99577205995192,23,0.1019858193540388,6889986.429051828,67558278.91261603,644
Sim566,Sim566,F02,,False,True,3,0.15,-97.99577205995192,24,0.035068600153736,2369174.270261112,67558278.91261603,644
Sim566,Sim566,F02,,False,True,3,0.15,-97.99577205995192,25,0.0,0.0,67558278.91261603,644
Sim566,Sim566,F02,,False,True,3,0.15,-97.99577205995192,26,0.0,0.0,67558278.91261603,644
Sim566,Sim566,F02,,False,True,3,0.15,-97.99577205995192,111,0.0,0.0,67558278.91261603,644
Sim566,Sim566,F02,,False,True,3,0.15,-97.99577205995192,121,0.0,0.0,67558278.91261603,644
Sim566,Sim566,F02,,False,True,3,0.15,-97.99577205995192,131,0.0,0.0,67558278.91261603,644
Sim566,Sim566,F02,,False,True,3,0.15,-97.99577205995192,161,0.0,0.0,67558278.91261603,644
Sim566,Sim566,F02,,False,True,3,0.15,-97.99577205995192,231,0.5102664102398813,34472720.46272525,67558278.91261603,644
Sim566,Sim566,F02,,False,True,3,0.15,-97.99577205995192,232,0.0,0.0,67558278.91261603,644
Sim566,Sim566,F02,,False,True,3,0.15,-97.99577205995192,241,0.1233148012221776,8330935.735021678,67558278.91261603,644
Sim566,Sim566,F02,,False,True,4,0.2,-78.27498365749744,11,0.0,0.0,117630007.8596215,647
Sim566,Sim566,F02,,False,True,4,0.2,-78.27498365749744,12,0.0,0.0,117630007.8596215,647
Sim566,Sim566,F02,,False,True,4,0.2,-78.27498365749744,13,0.1130942708948671,13303279.97424138,117630007.8596215,647
Sim566,Sim566,F02,,False,True,4,0.2,-78.27498365749744,14,0.0060573340024097,712524.2463118171,117630007.8596215,647
Sim566,Sim566,F02,,False,True,4,0.2,-78.27498365749744,15,0.0,0.0,117630007.8596215,647
Sim566,Sim566,F02,,False,True,4,0.2,-78.27498365749744,16,0.0,0.0,117630007.8596215,647
Sim566,Sim566,F02,,False,True,4,0.2,-78.27498365749744,21,0.0041599435427127,489334.1916248806,117630007.8596215,647
Sim566,Sim566,F02,,False,True,4,0.2,-78.27498365749744,22,0.0279747000034457,3290664.181275876,117630007.8596215,647
Sim566,Sim566,F02,,False,True,4,0.2,-78.27498365749744,23,0.0072237538365769,849730.220572521,117630007.8596215,647
Sim566,Sim566,F02,,False,True,4,0.2,-78.27498365749744,24,0.0008221747111538,96712.41773501174,117630007.8596215,647
Sim566,Sim566,F02,,False,True,4,0.2,-78.27498365749744,25,0.0,0.0,117630007.8596215,647
Sim566,Sim566,F02,,False,True,4,0.2,-78.27498365749744,26,0.0,0.0,117630007.8596215,647
Sim566,Sim566,F02,,False,True,4,0.2,-78.27498365749744,111,0.0176537866826777,2076615.0662354643,117630007.8596215,647
Sim566,Sim566,F02,,False,True,4,0.2,-78.27498365749744,121,0.0,0.0,117630007.8596215,647
Sim566,Sim566,F02,,False,True,4,0.2,-78.27498365749744,131,0.0018627373573435,219113.80998472747,117630007.8596215,647
Sim566,Sim566,F02,,False,True,4,0.2,-78.27498365749744,161,0.0,0.0,117630007.8596215,647
Sim566,Sim566,F02,,False,True,4,0.2,-78.27498365749744,231,0.7197961357900389,84669625.11030746,117630007.8596215,647
Sim566,Sim566,F02,,False,True,4,0.2,-78.27498365749744,232,0.0,0.0,117630007.8596215,647
Sim566,Sim566,F02,,False,True,4,0.2,-78.27498365749744,241,0.1013551631787738,11922408.641332392,117630007.8596215,647
Sim566,Sim566,F02,,False,True,5,0.25,-87.44474808834701,11,0.0,0.0,59621957.337288335,648
Sim566,Sim566,F02,,False,True,5,0.25,-87.44474808834701,12,0.0,0.0,59621957.337288335,648
Sim566,Sim566,F02,,False,True,5,0.25,-87.44474808834701,13,0.2118747341718755,12632386.36164487,59621957.337288335,648
Sim566,Sim566,F02,,False,True,5,0.25,-87.44474808834701,14,0.0087599325861692,522284.3269301056,59621957.337288335,648
Sim566,Sim566,F02,,False,True,5,0.25,-87.44474808834701,15,0.0,0.0,59621957.337288335,648
Sim566,Sim566,F02,,False,True,5,0.25,-87.44474808834701,16,0.0,0.0,59621957.337288335,648
Sim566,Sim566,F02,,False,True,5,0.25,-87.44474808834701,21,0.0,0.0,59621957.337288335,648
Sim566,Sim566,F02,,False,True,5,0.25,-87.44474808834701,22,0.0,0.0,59621957.337288335,648
Sim566,Sim566,F02,,False,True,5,0.25,-87.44474808834701,23,0.0245657643950745,1464658.956721013,59621957.337288335,648
Sim566,Sim566,F02,,False,True,5,0.25,-87.44474808834701,24,0.0225374404552189,1343726.3133127426,59621957.337288335,648
Sim566,Sim566,F02,,False,True,5,0.25,-87.44474808834701,25,0.0,0.0,59621957.337288335,648
Sim566,Sim566,F02,,False,True,5,0.25,-87.44474808834701,26,0.0,0.0,59621957.337288335,648
Sim566,Sim566,F02,,False,True,5,0.25,-87.44474808834701,111,0.0,0.0,59621957.337288335,648
Sim566,Sim566,F02,,False,True,5,0.25,-87.44474808834701,121,0.0,0.0,59621957.337288335,648
Sim566,Sim566,F02,,False,True,5,0.25,-87.44474808834701,131,0.0,0.0,59621957.337288335,648
Sim566,Sim566,F02,,False,True,5,0.25,-87.44474808834701,161,0.0,0.0,59621957.337288335,648
Sim566,Sim566,F02,,False,True,5,0.25,-87.44474808834701,231,0.5626407248167419,33545741.291244768,59621957.337288335,648
Sim566,Sim566,F02,,False,True,5,0.25,-87.44474808834701,232,0.0,0.0,59621957.337288335,648
Sim566,Sim566,F02,,False,True,5,0.25,-87.44474808834701,241,0.1696214035749197,10113160.087434834,59621957.337288335,648
Sim566,Sim566,F02,,False,True,6,0.3,-82.87825234225289,11,0.0,0.0,58154087.19649142,648
Sim566,Sim566,F02,,False,True,6,0.3,-82.87825234225289,12,0.0011670073465461,67866.24698999227,58154087.19649142,648
Sim566,Sim566,F02,,False,True,6,0.3,-82.87825234225289,13,0.229517519533297,13347381.84406178,58154087.19649142,648
Sim566,Sim566,F02,,False,True,6,0.3,-82.87825234225289,14,0.0969827783568488,5639944.94912219,58154087.19649142,648
Sim566,Sim566,F02,,False,True,6,0.3,-82.87825234225289,15,0.0,0.0,58154087.19649142,648
Sim566,Sim566,F02,,False,True,6,0.3,-82.87825234225289,16,0.0,0.0,58154087.19649142,648
Sim566,Sim566,F02,,False,True,6,0.3,-82.87825234225289,21,0.0017699104547631,102927.52691627832,58154087.19649142,648
Sim566,Sim566,F02,,False,True,6,0.3,-82.87825234225289,22,0.0,0.0,58154087.19649142,648
Sim566,Sim566,F02,,False,True,6,0.3,-82.87825234225289,23,0.1396351361792344,8120353.885061155,58154087.19649142,648
Sim566,Sim566,F02,,False,True,6,0.3,-82.87825234225289,24,0.0,0.0,58154087.19649142,648
Sim566,Sim566,F02,,False,True,6,0.3,-82.87825234225289,25,0.0,0.0,58154087.19649142,648
Sim566,Sim566,F02,,False,True,6,0.3,-82.87825234225289,26,0.0,0.0,58154087.19649142,648
Sim566,Sim566,F02,,False,True,6,0.3,-82.87825234225289,111,0.0,0.0,58154087.19649142,648
Sim566,Sim566,F02,,False,True,6,0.3,-82.87825234225289,121,0.0,0.0,58154087.19649142,648
Sim566,Sim566,F02,,False,True,6,0.3,-82.87825234225289,131,0.0330200617972379,1920251.552990112,58154087.19649142,648
Sim566,Sim566,F02,,False,True,6,0.3,-82.87825234225289,161,0.0,0.0,58154087.19649142,648
Sim566,Sim566,F02,,False,True,6,0.3,-82.87825234225289,231,0.3428985681206491,19940953.23004029,58154087.19649142,648
Sim566,Sim566,F02,,False,True,6,0.3,-82.87825234225289,232,0.0,0.0,58154087.19649142,648
Sim566,Sim566,F02,,False,True,6,0.3,-82.87825234225289,241,0.1550090182114232,9014407.961309632,58154087.19649142,648
Sim566,Sim566,F02,,False,True,7,0.35,-77.29201872966757,11,0.0,0.0,58231099.881914176,648
Sim566,Sim566,F02,,False,True,7,0.35,-77.29201872966757,12,0.0,0.0,58231099.881914176,648
Sim566,Sim566,F02,,False,True,7,0.35,-77.29201872966757,13,0.1132026238753152,6591913.297778246,58231099.881914176,648
Sim566,Sim566,F02,,False,True,7,0.35,-77.29201872966757,14,0.139613504247537,8129847.910702377,58231099.881914176,648
Sim566,Sim566,F02,,False,True,7,0.35,-77.29201872966757,15,0.0,0.0,58231099.881914176,648
Sim566,Sim566,F02,,False,True,7,0.35,-77.29201872966757,16,0.0,0.0,58231099.881914176,648
Sim566,Sim566,F02,,False,True,7,0.35,-77.29201872966757,21,0.0,0.0,58231099.881914176,648
Sim566,Sim566,F02,,False,True,7,0.35,-77.29201872966757,22,0.0,0.0,58231099.881914176,648
Sim566,Sim566,F02,,False,True,7,0.35,-77.29201872966757,23,0.0567227488502306,3303028.053874515,58231099.881914176,648
Sim566,Sim566,F02,,False,True,7,0.35,-77.29201872966757,24,0.3460280713614265,20149595.185393352,58231099.881914176,648
Sim566,Sim566,F02,,False,True,7,0.35,-77.29201872966757,25,0.0,0.0,58231099.881914176,648
Sim566,Sim566,F02,,False,True,7,0.35,-77.29201872966757,26,0.0188449920123529,1097364.612145202,58231099.881914176,648
Sim566,Sim566,F02,,False,True,7,0.35,-77.29201872966757,111,0.0,0.0,58231099.881914176,648
Sim566,Sim566,F02,,False,True,7,0.35,-77.29201872966757,121,0.0,0.0,58231099.881914176,648
Sim566,Sim566,F02,,False,True,7,0.35,-77.29201872966757,131,0.0,0.0,58231099.881914176,648
Sim566,Sim566,F02,,False,True,7,0.35,-77.29201872966757,161,0.0682897811473018,3976589.066902593,58231099.881914176,648
Sim566,Sim566,F02,,False,True,7,0.35,-77.29201872966757,231,0.0793513049527079,4620713.7644613655,58231099.881914176,648
Sim566,Sim566,F02,,False,True,7,0.35,-77.29201872966757,232,0.0,0.0,58231099.881914176,648
Sim566,Sim566,F02,,False,True,7,0.35,-77.29201872966757,241,0.1779469735531278,10362047.990656525,58231099.881914176,648
Sim566,Sim566,F02,,False,True,8,0.4,-71.21350491792784,11,0.0,0.0,58250319.94225797,648
Sim566,Sim566,F02,,False,True,8,0.4,-71.21350491792784,12,0.0,0.0,58250319.94225797,648
Sim566,Sim566,F02,,False,True,8,0.4,-71.21350491792784,13,0.1127560428879192,6568075.573644258,58250319.94225797,648
Sim566,Sim566,F02,,False,True,8,0.4,-71.21350491792784,14,0.2084335267138162,12141319.61777297,58250319.94225797,648
Sim566,Sim566,F02,,False,True,8,0.4,-71.21350491792784,15,0.0,0.0,58250319.94225797,648
Sim566,Sim566,F02,,False,True,8,0.4,-71.21350491792784,16,0.0,0.0,58250319.94225797,648
Sim566,Sim566,F02,,False,True,8,0.4,-71.21350491792784,21,0.0,0.0,58250319.94225797,648
Sim566,Sim566,F02,,False,True,8,0.4,-71.21350491792784,22,0.0,0.0,58250319.94225797,648
Sim566,Sim566,F02,,False,True,8,0.4,-71.21350491792784,23,0.0,0.0,58250319.94225797,648
Sim566,Sim566,F02,,False,True,8,0.4,-71.21350491792784,24,0.0,0.0,58250319.94225797,648
Sim566,Sim566,F02,,False,True,8,0.4,-71.21350491792784,25,0.0,0.0,58250319.94225797,648
Sim566,Sim566,F02,,False,True,8,0.4,-71.21350491792784,26,0.0,0.0,58250319.94225797,648
Sim566,Sim566,F02,,False,True,8,0.4,-71.21350491792784,111,0.0,0.0,58250319.94225797,648
Sim566,Sim566,F02,,False,True,8,0.4,-71.21350491792784,121,0.0,0.0,58250319.94225797,648
Sim566,Sim566,F02,,False,True,8,0.4,-71.21350491792784,131,0.3295622574964123,19197106.940058824,58250319.94225797,648
Sim566,Sim566,F02,,False,True,8,0.4,-71.21350491792784,161,0.0,0.0,58250319.94225797,648
Sim566,Sim566,F02,,False,True,8,0.4,-71.21350491792784,231,0.0,0.0,58250319.94225797,648
Sim566,Sim566,F02,,False,True,8,0.4,-71.21350491792784,232,0.0,0.0,58250319.94225797,648
Sim566,Sim566,F02,,False,True,8,0.4,-71.21350491792784,241,0.3492481729018523,20343817.81078193,58250319.94225797,648
Sim566,Sim566,F02,,False,True,9,0.45,-65.03643512733619,11,0.0,0.0,58307048.29897852,648
Sim566,Sim566,F02,,False,True,9,0.45,-65.03643512733619,12,0.0,0.0,58307048.29897852,648
Sim566,Sim566,F02,,False,True,9,0.45,-65.03643512733619,13,0.1773694239133443,10341887.566877363,58307048.29897852,648
Sim566,Sim566,F02,,False,True,9,0.45,-65.03643512733619,14,0.2653781815131685,15473418.446983406,58307048.29897852,648
Sim566,Sim566,F02,,False,True,9,0.45,-65.03643512733619,15,0.0,0.0,58307048.29897852,648
Sim566,Sim566,F02,,False,True,9,0.45,-65.03643512733619,16,0.0,0.0,58307048.29897852,648
Sim566,Sim566,F02,,False,True,9,0.45,-65.03643512733619,21,0.0,0.0,58307048.29897852,648
Sim566,Sim566,F02,,False,True,9,0.45,-65.03643512733619,22,0.0,0.0,58307048.29897852,648
Sim566,Sim566,F02,,False,True,9,0.45,-65.03643512733619,23,0.0109028344733713,635712.0962346301,58307048.29897852,648
Sim566,Sim566,F02,,False,True,9,0.45,-65.03643512733619,24,0.0,0.0,58307048.29897852,648
Sim566,Sim566,F02,,False,True,9,0.45,-65.03643512733619,25,0.0,0.0,58307048.29897852,648
Sim566,Sim566,F02,,False,True,9,0.45,-65.03643512733619,26,0.0,0.0,58307048.29897852,648
Sim566,Sim566,F02,,False,True,9,0.45,-65.03643512733619,111,0.0,0.0,58307048.29897852,648
Sim566,Sim566,F02,,False,True,9,0.45,-65.03643512733619,121,0.0,0.0,58307048.29897852,648
Sim566,Sim566,F02,,False,True,9,0.45,-65.03643512733619,131,0.0118383676825653,690260.276248404,58307048.29897852,648
Sim566,Sim566,F02,,False,True,9,0.45,-65.03643512733619,161,0.0039814654044835,232147.4956399368,58307048.29897852,648
Sim566,Sim566,F02,,False,True,9,0.45,-65.03643512733619,231,0.1480623499967067,8633078.59251824,58307048.29897852,648
Sim566,Sim566,F02,,False,True,9,0.45,-65.03643512733619,232,0.0,0.0,58307048.29897852,648
Sim566,Sim566,F02,,False,True,9,0.45,-65.03643512733619,241,0.3824673770163602,22300543.82447654,58307048.29897852,648
Sim566,Sim566,F02,,False,True,10,0.5,-58.93145319990453,11,0.0,0.0,58326797.009968325,648
Sim566,Sim566,F02,,False,True,10,0.5,-58.93145319990453,12,0.0,0.0,58326797.009968325,648
Sim566,Sim566,F02,,False,True,10,0.5,-58.93145319990453,13,0.1993890703519851,11629725.83242653,58326797.009968325,648
Sim566,Sim566,F02,,False,True,10,0.5,-58.93145319990453,14,0.1301454446315738,7590966.93079788,58326797.009968325,648
Sim566,Sim566,F02,,False,True,10,0.5,-58.93145319990453,15,0.0,0.0,58326797.009968325,648
Sim566,Sim566,F02,,False,True,10,0.5,-58.93145319990453,16,0.0,0.0,58326797.009968325,648
Sim566,Sim566,F02,,False,True,10,0.5,-58.93145319990453,21,0.0,0.0,58326797.009968325,648
Sim566,Sim566,F02,,False,True,10,0.5,-58.93145319990453,22,0.0,0.0,58326797.009968325,648
Sim566,Sim566,F02,,False,True,10,0.5,-58.93145319990453,23,0.0,0.0,58326797.009968325,648
Sim566,Sim566,F02,,False,True,10,0.5,-58.93145319990453,24,0.0,0.0,58326797.009968325,648
Sim566,Sim566,F02,,False,True,10,0.5,-58.93145319990453,25,0.0,0.0,58326797.009968325,648
Sim566,Sim566,F02,,False,True,10,0.5,-58.93145319990453,26,0.0,0.0,58326797.009968325,648
Sim566,Sim566,F02,,False,True,10,0.5,-58.93145319990453,111,0.0,0.0,58326797.009968325,648
Sim566,Sim566,F02,,False,True,10,0.5,-58.93145319990453,121,0.0,0.0,58326797.009968325,648
Sim566,Sim566,F02,,False,True,10,0.5,-58.93145319990453,131,0.2367239418373683,13807349.302947732,58326797.009968325,648
Sim566,Sim566,F02,,False,True,10,0.5,-58.93145319990453,161,0.0,0.0,58326797.009968325,648
Sim566,Sim566,F02,,False,True,10,0.5,-58.93145319990453,231,0.0739705751746256,4314466.722920993,58326797.009968325,648
Sim566,Sim566,F02,,False,True,10,0.5,-58.93145319990453,232,0.0,0.0,58326797.009968325,648
Sim566,Sim566,F02,,False,True,10,0.5,-58.93145319990453,241,0.3597709680044471,20984288.2208752,58326797.009968325,648
Sim566,Sim566,F02,,False,True,11,0.55,-53.095782206211545,11,0.0,0.0,58334654.38918419,648
Sim566,Sim566,F02,,False,True,11,0.55,-53.095782206211545,12,0.0,0.0,58334654.38918419,648
Sim566,Sim566,F02,,False,True,11,0.55,-53.095782206211545,13,0.2650535312731285,15461806.141450774,58334654.38918419,648
Sim566,Sim566,F02,,False,True,11,0.55,-53.095782206211545,14,0.0180324257474775,1051915.3237777278,58334654.38918419,648
Sim566,Sim566,F02,,False,True,11,0.55,-53.095782206211545,15,0.0,0.0,58334654.38918419,648
Sim566,Sim566,F02,,False,True,11,0.55,-53.095782206211545,16,0.0,0.0,58334654.38918419,648
Sim566,Sim566,F02,,False,True,11,0.55,-53.095782206211545,21,0.0,0.0,58334654.38918419,648
Sim566,Sim566,F02,,False,True,11,0.55,-53.095782206211545,22,0.0,0.0,58334654.38918419,648
Sim566,Sim566,F02,,False,True,11,0.55,-53.095782206211545,23,0.0254218137848274,1482972.72108411,58334654.38918419,648
Sim566,Sim566,F02,,False,True,11,0.55,-53.095782206211545,24,0.0,0.0,58334654.38918419,648
Sim566,Sim566,F02,,False,True,11,0.55,-53.095782206211545,25,0.0,0.0,58334654.38918419,648
Sim566,Sim566,F02,,False,True,11,0.55,-53.095782206211545,26,0.0,0.0,58334654.38918419,648
Sim566,Sim566,F02,,False,True,11,0.55,-53.095782206211545,111,0.0,0.0,58334654.38918419,648
Sim566,Sim566,F02,,False,True,11,0.55,-53.095782206211545,121,0.0,0.0,58334654.38918419,648
Sim566,Sim566,F02,,False,True,11,0.55,-53.095782206211545,131,0.0399836807901681,2332434.200101919,58334654.38918419,648
Sim566,Sim566,F02,,False,True,11,0.55,-53.095782206211545,161,0.0,0.0,58334654.38918419,648
Sim566,Sim566,F02,,False,True,11,0.55,-53.095782206211545,231,0.162113035049109,9456807.871571478,58334654.38918419,648
Sim566,Sim566,F02,,False,True,11,0.55,-53.095782206211545,232,0.0,0.0,58334654.38918419,648
Sim566,Sim566,F02,,False,True,11,0.55,-53.095782206211545,241,0.4893955133552893,28548718.131198183,58334654.38918419,648
Sim566,Sim566,F02,,False,True,12,0.6,-47.502740264868905,11,0.0,0.0,58298138.06490061,648
Sim566,Sim566,F02,,False,True,12,0.6,-47.502740264868905,12,0.0,0.0,58298138.06490061,648
Sim566,Sim566,F02,,False,True,12,0.6,-47.502740264868905,13,0.2308599113501128,13458702.985539597,58298138.06490061,648
Sim566,Sim566,F02,,False,True,12,0.6,-47.502740264868905,14,0.0630645631716426,3676546.6107830713,58298138.06490061,648
Sim566,Sim566,F02,,False,True,12,0.6,-47.502740264868905,15,0.0,0.0,58298138.06490061,648
Sim566,Sim566,F02,,False,True,12,0.6,-47.502740264868905,16,0.0,0.0,58298138.06490061,648
Sim566,Sim566,F02,,False,True,12,0.6,-47.502740264868905,21,0.0,0.0,58298138.06490061,648
Sim566,Sim566,F02,,False,True,12,0.6,-47.502740264868905,22,0.0,0.0,58298138.06490061,648
Sim566,Sim566,F02,,False,True,12,0.6,-47.502740264868905,23,0.0149279835299907,870273.6448619603,58298138.06490061,648
Sim566,Sim566,F02,,False,True,12,0.6,-47.502740264868905,24,0.0,0.0,58298138.06490061,648
Sim566,Sim566,F02,,False,True,12,0.6,-47.502740264868905,25,0.0,0.0,58298138.06490061,648
Sim566,Sim566,F02,,False,True,12,0.6,-47.502740264868905,26,0.0,0.0,58298138.06490061,648
Sim566,Sim566,F02,,False,True,12,0.6,-47.502740264868905,111,0.0,0.0,58298138.06490061,648
Sim566,Sim566,F02,,False,True,12,0.6,-47.502740264868905,121,0.0,0.0,58298138.06490061,648
Sim566,Sim566,F02,,False,True,12,0.6,-47.502740264868905,131,0.0041732855889144,243294.77944679704,58298138.06490061,648
Sim566,Sim566,F02,,False,True,12,0.6,-47.502740264868905,161,0.0061607206980102,359158.54583189107,58298138.06490061,648
Sim566,Sim566,F02,,False,True,12,0.6,-47.502740264868905,231,0.1290316004740245,7522302.059169779,58298138.06490061,648
Sim566,Sim566,F02,,False,True,12,0.6,-47.502740264868905,232,0.0,0.0,58298138.06490061,648
Sim566,Sim566,F02,,False,True,12,0.6,-47.502740264868905,241,0.5517819351873046,32167859.439267524,58298138.06490061,648
Sim566,Sim566,F02,,False,True,13,0.65,-34.86349757820526,11,0.0,0.0,87184972.87670878,623
Sim566,Sim566,F02,,False,True,13,0.65,-34.86349757820526,12,0.0,0.0,87184972.87670878,623
Sim566,Sim566,F02,,False,True,13,0.65,-34.86349757820526,13,0.1006059690852745,8771328.685934661,87184972.87670878,623
Sim566,Sim566,F02,,False,True,13,0.65,-34.86349757820526,14,0.0,0.0,87184972.87670878,623
Sim566,Sim566,F02,,False,True,13,0.65,-34.86349757820526,15,0.0,0.0,87184972.87670878,623
Sim566,Sim566,F02,,False,True,13,0.65,-34.86349757820526,16,0.0,0.0,87184972.87670878,623
Sim566,Sim566,F02,,False,True,13,0.65,-34.86349757820526,21,0.0007202140349201,62791.84109993622,87184972.87670878,623
Sim566,Sim566,F02,,False,True,13,0.65,-34.86349757820526,22,0.041314380676772,3601993.158722389,87184972.87670878,623
Sim566,Sim566,F02,,False,True,13,0.65,-34.86349757820526,23,0.0,0.0,87184972.87670878,623
Sim566,Sim566,F02,,False,True,13,0.65,-34.86349757820526,24,0.0,0.0,87184972.87670878,623
Sim566,Sim566,F02,,False,True,13,0.65,-34.86349757820526,25,0.0,0.0,87184972.87670878,623
Sim566,Sim566,F02,,False,True,13,0.65,-34.86349757820526,26,0.0,0.0,87184972.87670878,623
Sim566,Sim566,F02,,False,True,13,0.65,-34.86349757820526,111,0.5094136944697016,44413219.13536495,87184972.87670878,623
Sim566,Sim566,F02,,False,True,13,0.65,-34.86349757820526,121,0.0043342484921464,377881.33722870494,87184972.87670878,623
Sim566,Sim566,F02,,False,True,13,0.65,-34.86349757820526,131,0.0124660472765886,1086851.993689154,87184972.87670878,623
Sim566,Sim566,F02,,False,True,13,0.65,-34.86349757820526,161,0.0,0.0,87184972.87670878,623
Sim566,Sim566,F02,,False,True,13,0.65,-34.86349757820526,231,0.0661558823836667,5767798.811254725,87184972.87670878,623
Sim566,Sim566,F02,,False,True,13,0.65,-34.86349757820526,232,0.0767397543060382,6690553.397737243,87184972.87670878,623
Sim566,Sim566,F02,,False,True,13,0.65,-34.86349757820526,241,0.1882498092748916,16412554.515677026,87184972.87670878,623
Sim566,Sim566,F02,,False,True,14,0.7,-37.781426771907256,11,0.0,0.0,58295687.63290577,641
Sim566,Sim566,F02,,False,True,14,0.7,-37.781426771907256,12,0.0030804010282031,179574.0961242108,58295687.63290577,641
Sim566,Sim566,F02,,False,True,14,0.7,-37.781426771907256,13,0.5529736762687018,32235980.70097979,58295687.63290577,641
Sim566,Sim566,F02,,False,True,14,0.7,-37.781426771907256,14,0.0,0.0,58295687.63290577,641
Sim566,Sim566,F02,,False,True,14,0.7,-37.781426771907256,15,0.0,0.0,58295687.63290577,641
Sim566,Sim566,F02,,False,True,14,0.7,-37.781426771907256,16,0.0,0.0,58295687.63290577,641
Sim566,Sim566,F02,,False,True,14,0.7,-37.781426771907256,21,0.0,0.0,58295687.63290577,641
Sim566,Sim566,F02,,False,True,14,0.7,-37.781426771907256,22,0.0,0.0,58295687.63290577,641
Sim566,Sim566,F02,,False,True,14,0.7,-37.781426771907256,23,0.0516266575952914,3009611.50470609,58295687.63290577,641
Sim566,Sim566,F02,,False,True,14,0.7,-37.781426771907256,24,0.0,0.0,58295687.63290577,641
Sim566,Sim566,F02,,False,True,14,0.7,-37.781426771907256,25,0.0,0.0,58295687.63290577,641
Sim566,Sim566,F02,,False,True,14,0.7,-37.781426771907256,26,0.0,0.0,58295687.63290577,641
Sim566,Sim566,F02,,False,True,14,0.7,-37.781426771907256,111,0.04455397794292,2597304.780963841,58295687.63290577,641
Sim566,Sim566,F02,,False,True,14,0.7,-37.781426771907256,121,0.0,0.0,58295687.63290577,641
Sim566,Sim566,F02,,False,True,14,0.7,-37.781426771907256,131,0.0,0.0,58295687.63290577,641
Sim566,Sim566,F02,,False,True,14,0.7,-37.781426771907256,161,0.0,0.0,58295687.63290577,641
Sim566,Sim566,F02,,False,True,14,0.7,-37.781426771907256,231,0.1969988821498203,11484185.297837544,58295687.63290577,641
Sim566,Sim566,F02,,False,True,14,0.7,-37.781426771907256,232,0.0,0.0,58295687.63290577,641
Sim566,Sim566,F02,,False,True,14,0.7,-37.781426771907256,241,0.1507664050150633,8789031.252294287,58295687.63290577,641
Sim566,Sim566,F02,,False,True,15,0.75,-33.82008325663386,11,0.0,0.0,56600374.37927844,609
Sim566,Sim566,F02,,False,True,15,0.75,-33.82008325663386,12,0.0,0.0,56600374.37927844,609
Sim566,Sim566,F02,,False,True,15,0.75,-33.82008325663386,13,0.3416402935885957,19336968.52016112,56600374.37927844,609
Sim566,Sim566,F02,,False,True,15,0.75,-33.82008325663386,14,0.0,0.0,56600374.37927844,609
Sim566,Sim566,F02,,False,True,15,0.75,-33.82008325663386,15,0.0,0.0,56600374.37927844,609
Sim566,Sim566,F02,,False,True,15,0.75,-33.82008325663386,16,0.0,0.0,56600374.37927844,609
Sim566,Sim566,F02,,False,True,15,0.75,-33.82008325663386,21,0.0117451165980532,664777.9965780918,56600374.37927844,609
Sim566,Sim566,F02,,False,True,15,0.75,-33.82008325663386,22,0.0,0.0,56600374.37927844,609
Sim566,Sim566,F02,,False,True,15,0.75,-33.82008325663386,23,0.0216513069119921,1225472.0770194142,56600374.37927844,609
Sim566,Sim566,F02,,False,True,15,0.75,-33.82008325663386,24,0.0,0.0,56600374.37927844,609
Sim566,Sim566,F02,,False,True,15,0.75,-33.82008325663386,25,0.0,0.0,56600374.37927844,609
Sim566,Sim566,F02,,False,True,15,0.75,-33.82008325663386,26,0.0,0.0,56600374.37927844,609
Sim566,Sim566,F02,,False,True,15,0.75,-33.82008325663386,111,0.142054418185187,8040333.251512163,56600374.37927844,609
Sim566,Sim566,F02,,False,True,15,0.75,-33.82008325663386,121,0.0,0.0,56600374.37927844,609
Sim566,Sim566,F02,,False,True,15,0.75,-33.82008325663386,131,0.0016687836698929,94453.78047396516,56600374.37927844,609
Sim566,Sim566,F02,,False,True,15,0.75,-33.82008325663386,161,0.0,0.0,56600374.37927844,609
Sim566,Sim566,F02,,False,True,15,0.75,-33.82008325663386,231,0.1601587720939044,9065046.46064052,56600374.37927844,609
Sim566,Sim566,F02,,False,True,15,0.75,-33.82008325663386,232,0.0,0.0,56600374.37927844,609
Sim566,Sim566,F02,,False,True,15,0.75,-33.82008325663386,241,0.3210813089523745,18173322.292893164,56600374.37927844,609
Sim566,Sim566,F02,,False,True,16,0.8,-28.492681237142097,11,0.0,0.0,57938823.24961437,645
Sim566,Sim566,F02,,False,True,16,0.8,-28.492681237142097,12,0.123214752779025,7138917.783008862,57938823.24961437,645
Sim566,Sim566,F02,,False,True,16,0.8,-28.492681237142097,13,0.2783984647419913,16130079.441650238,57938823.24961437,645
Sim566,Sim566,F02,,False,True,16,0.8,-28.492681237142097,14,0.0,0.0,57938823.24961437,645
Sim566,Sim566,F02,,False,True,16,0.8,-28.492681237142097,15,0.0,0.0,57938823.24961437,645
Sim566,Sim566,F02,,False,True,16,0.8,-28.492681237142097,16,0.0,0.0,57938823.24961437,645
Sim566,Sim566,F02,,False,True,16,0.8,-28.492681237142097,21,0.0,0.0,57938823.24961437,645
Sim566,Sim566,F02,,False,True,16,0.8,-28.492681237142097,22,0.0,0.0,57938823.24961437,645
Sim566,Sim566,F02,,False,True,16,0.8,-28.492681237142097,23,0.3943579631365617,22848636.323247187,57938823.24961437,645
Sim566,Sim566,F02,,False,True,16,0.8,-28.492681237142097,24,0.0,0.0,57938823.24961437,645
Sim566,Sim566,F02,,False,True,16,0.8,-28.492681237142097,25,0.0,0.0,57938823.24961437,645
Sim566,Sim566,F02,,False,True,16,0.8,-28.492681237142097,26,0.0,0.0,57938823.24961437,645
Sim566,Sim566,F02,,False,True,16,0.8,-28.492681237142097,111,0.0,0.0,57938823.24961437,645
Sim566,Sim566,F02,,False,True,16,0.8,-28.492681237142097,121,0.0,0.0,57938823.24961437,645
Sim566,Sim566,F02,,False,True,16,0.8,-28.492681237142097,131,0.0,0.0,57938823.24961437,645
Sim566,Sim566,F02,,False,True,16,0.8,-28.492681237142097,161,0.0,0.0,57938823.24961437,645
Sim566,Sim566,F02,,False,True,16,0.8,-28.492681237142097,231,0.0458189920880419,2654698.4840645413,57938823.24961437,645
Sim566,Sim566,F02,,False,True,16,0.8,-28.492681237142097,232,0.0,0.0,57938823.24961437,645
Sim566,Sim566,F02,,False,True,16,0.8,-28.492681237142097,241,0.1582098272543801,9166491.217643555,57938823.24961437,645
Sim566,Sim566,F02,,False,True,17,0.85,-24.091755321282733,11,0.1172482177798803,6623467.707007833,56490988.37001183,619
Sim566,Sim566,F02,,False,True,17,0.85,-24.091755321282733,12,0.0966379886363928,5459175.492159802,56490988.37001183,619
Sim566,Sim566,F02,,False,True,17,0.85,-24.091755321282733,13,0.0775168698414583,4379004.592693546,56490988.37001183,619
Sim566,Sim566,F02,,False,True,17,0.85,-24.091755321282733,14,0.0,0.0,56490988.37001183,619
Sim566,Sim566,F02,,False,True,17,0.85,-24.091755321282733,15,0.0,0.0,56490988.37001183,619
Sim566,Sim566,F02,,False,True,17,0.85,-24.091755321282733,16,0.0,0.0,56490988.37001183,619
Sim566,Sim566,F02,,False,True,17,0.85,-24.091755321282733,21,0.0369321615118439,2086334.3064449728,56490988.37001183,619
Sim566,Sim566,F02,,False,True,17,0.85,-24.091755321282733,22,0.0005763836045533,32560.47950149032,56490988.37001183,619
Sim566,Sim566,F02,,False,True,17,0.85,-24.091755321282733,23,0.249226087270802,14079027.99751843,56490988.37001183,619
Sim566,Sim566,F02,,False,True,17,0.85,-24.091755321282733,24,0.0,0.0,56490988.37001183,619
Sim566,Sim566,F02,,False,True,17,0.85,-24.091755321282733,25,0.0,0.0,56490988.37001183,619
Sim566,Sim566,F02,,False,True,17,0.85,-24.091755321282733,26,0.0,0.0,56490988.37001183,619
Sim566,Sim566,F02,,False,True,17,0.85,-24.091755321282733,111,0.068088086708542,3846363.314388607,56490988.37001183,619
Sim566,Sim566,F02,,False,True,17,0.85,-24.091755321282733,121,0.0,0.0,56490988.37001183,619
Sim566,Sim566,F02,,False,True,17,0.85,-24.091755321282733,131,0.0,0.0,56490988.37001183,619
Sim566,Sim566,F02,,False,True,17,0.85,-24.091755321282733,161,0.0,0.0,56490988.37001183,619
Sim566,Sim566,F02,,False,True,17,0.85,-24.091755321282733,231,0.1656742621720037,9359102.817568954,56490988.37001183,619
Sim566,Sim566,F02,,False,True,17,0.85,-24.091755321282733,232,0.0015277205112667,86302.4416345974,56490988.37001183,619
Sim566,Sim566,F02,,False,True,17,0.85,-24.091755321282733,241,0.1865722219632567,10539649.2210936,56490988.37001183,619
Sim566,Sim566,F02,,False,True,18,0.9,-18.622854217894496,11,0.0,0.0,58316439.29443234,648
Sim566,Sim566,F02,,False,True,18,0.9,-18.622854217894496,12,0.0970836485646172,5661572.698000504,58316439.29443234,648
Sim566,Sim566,F02,,False,True,18,0.9,-18.622854217894496,13,0.0965031294773002,5627718.891885723,58316439.29443234,648
Sim566,Sim566,F02,,False,True,18,0.9,-18.622854217894496,14,0.0,0.0,58316439.29443234,648
Sim566,Sim566,F02,,False,True,18,0.9,-18.622854217894496,15,0.0,0.0,58316439.29443234,648
Sim566,Sim566,F02,,False,True,18,0.9,-18.622854217894496,16,0.0,0.0,58316439.29443234,648
Sim566,Sim566,F02,,False,True,18,0.9,-18.622854217894496,21,0.0,0.0,58316439.29443234,648
Sim566,Sim566,F02,,False,True,18,0.9,-18.622854217894496,22,0.0,0.0,58316439.29443234,648
Sim566,Sim566,F02,,False,True,18,0.9,-18.622854217894496,23,0.6594939627793379,38459339.64546588,58316439.29443234,648
Sim566,Sim566,F02,,False,True,18,0.9,-18.622854217894496,24,0.0,0.0,58316439.29443234,648
Sim566,Sim566,F02,,False,True,18,0.9,-18.622854217894496,25,0.0,0.0,58316439.29443234,648
Sim566,Sim566,F02,,False,True,18,0.9,-18.622854217894496,26,0.0,0.0,58316439.29443234,648
Sim566,Sim566,F02,,False,True,18,0.9,-18.622854217894496,111,0.0,0.0,58316439.29443234,648
Sim566,Sim566,F02,,False,True,18,0.9,-18.622854217894496,121,0.0,0.0,58316439.29443234,648
Sim566,Sim566,F02,,False,True,18,0.9,-18.622854217894496,131,0.0,0.0,58316439.29443234,648
Sim566,Sim566,F02,,False,True,18,0.9,-18.622854217894496,161,0.0,0.0,58316439.29443234,648
Sim566,Sim566,F02,,False,True,18,0.9,-18.622854217894496,231,0.0312344442395547,1821481.5713913268,58316439.29443234,648
Sim566,Sim566,F02,,False,True,18,0.9,-18.622854217894496,232,0.0,0.0,58316439.29443234,648
Sim566,Sim566,F02,,False,True,18,0.9,-18.622854217894496,241,0.1156848149391898,6746326.487688906,58316439.29443234,648
Sim566,Sim566,F02,,False,True,19,0.95,-12.603370340805125,11,0.0611905091212445,3848547.233875936,62894512.386721954,646
Sim566,Sim566,F02,,False,True,19,0.95,-12.603370340805125,12,0.0014376516412941,90420.3989611638,62894512.386721954,646
Sim566,Sim566,F02,,False,True,19,0.95,-12.603370340805125,13,0.0733944525752686,4616108.306611908,62894512.386721954,646
Sim566,Sim566,F02,,False,True,19,0.95,-12.603370340805125,14,0.0,0.0,62894512.386721954,646
Sim566,Sim566,F02,,False,True,19,0.95,-12.603370340805125,15,0.0,0.0,62894512.386721954,646
Sim566,Sim566,F02,,False,True,19,0.95,-12.603370340805125,16,0.0,0.0,62894512.386721954,646
Sim566,Sim566,F02,,False,True,19,0.95,-12.603370340805125,21,0.1692358393658045,10644005.59526988,62894512.386721954,646
Sim566,Sim566,F02,,False,True,19,0.95,-12.603370340805125,22,0.0013415984876351,84379.18269857892,62894512.386721954,646
Sim566,Sim566,F02,,False,True,19,0.95,-12.603370340805125,23,0.2025262030654161,12737786.787333582,62894512.386721954,646
Sim566,Sim566,F02,,False,True,19,0.95,-12.603370340805125,24,0.0,0.0,62894512.386721954,646
Sim566,Sim566,F02,,False,True,19,0.95,-12.603370340805125,25,0.0,0.0,62894512.386721954,646
Sim566,Sim566,F02,,False,True,19,0.95,-12.603370340805125,26,0.0,0.0,62894512.386721954,646
Sim566,Sim566,F02,,False,True,19,0.95,-12.603370340805125,111,0.1021519150534776,6424794.88665832,62894512.386721954,646
Sim566,Sim566,F02,,False,True,19,0.95,-12.603370340805125,121,0.0,0.0,62894512.386721954,646
Sim566,Sim566,F02,,False,True,19,0.95,-12.603370340805125,131,0.0,0.0,62894512.386721954,646
Sim566,Sim566,F02,,False,True,19,0.95,-12.603370340805125,161,0.0,0.0,62894512.386721954,646
Sim566,Sim566,F02,,False,True,19,0.95,-12.603370340805125,231,0.1501001558787413,9440476.113164391,62894512.386721954,646
Sim566,Sim566,F02,,False,True,19,0.95,-12.603370340805125,232,0.0853995767462395,5371164.737487177,62894512.386721954,646
Sim566,Sim566,F02,,False,True,19,0.95,-12.603370340805125,241,0.1532220980648783,9636829.144661017,62894512.386721954,646
Sim566,Sim566,F02,,False,True,20,1.0,-8.456256165979699,11,0.0,0.0,58318507.05044937,648
Sim566,Sim566,F02,,False,True,20,1.0,-8.456256165979699,12,0.0573642730715211,3345398.763565412,58318507.05044937,648
Sim566,Sim566,F02,,False,True,20,1.0,-8.456256165979699,13,0.0895872215703412,5224593.012780117,58318507.05044937,648
Sim566,Sim566,F02,,False,True,20,1.0,-8.456256165979699,14,0.0,0.0,58318507.05044937,648
Sim566,Sim566,F02,,False,True,20,1.0,-8.456256165979699,15,0.0,0.0,58318507.05044937,648
Sim566,Sim566,F02,,False,True,20,1.0,-8.456256165979699,16,0.0,0.0,58318507.05044937,648
Sim566,Sim566,F02,,False,True,20,1.0,-8.456256165979699,21,0.0,0.0,58318507.05044937,648
Sim566,Sim566,F02,,False,True,20,1.0,-8.456256165979699,22,0.0,0.0,58318507.05044937,648
Sim566,Sim566,F02,,False,True,20,1.0,-8.456256165979699,23,0.6987768590826055,40751623.18309979,58318507.05044937,648
Sim566,Sim566,F02,,False,True,20,1.0,-8.456256165979699,24,0.0047009538687203,274152.61133680417,58318507.05044937,648
Sim566,Sim566,F02,,False,True,20,1.0,-8.456256165979699,25,0.0,0.0,58318507.05044937,648
Sim566,Sim566,F02,,False,True,20,1.0,-8.456256165979699,26,0.0,0.0,58318507.05044937,648
Sim566,Sim566,F02,,False,True,20,1.0,-8.456256165979699,111,0.0,0.0,58318507.05044937,648
Sim566,Sim566,F02,,False,True,20,1.0,-8.456256165979699,121,0.0,0.0,58318507.05044937,648
Sim566,Sim566,F02,,False,True,20,1.0,-8.456256165979699,131,0.0,0.0,58318507.05044937,648
Sim566,Sim566,F02,,False,True,20,1.0,-8.456256165979699,161,0.0,0.0,58318507.05044937,648
Sim566,Sim566,F02,,False,True,20,1.0,-8.456256165979699,231,0.0370386096887178,2160036.420270334,58318507.05044937,648
Sim566,Sim566,F02,,False,True,20,1.0,-8.456256165979699,232,0.0,0.0,58318507.05044937,648
Sim566,Sim566,F02,,False,True,20,1.0,-8.456256165979699,241,0.112532082718094,6562703.059396917,58318507.05044937,648
Sim575,Sim575,F01,,False,True,0,0.0,-115.18683375964778,11,0.3180284966727206,18649173.72824177,58639945.55001597,648
Sim575,Sim575,F01,,False,True,0,0.0,-115.18683375964778,12,0.5259731526516213,30843037.032261312,58639945.55001597,648
Sim575,Sim575,F01,,False,True,0,0.0,-115.18683375964778,13,0.0,0.0,58639945.55001597,648
Sim575,Sim575,F01,,False,True,0,0.0,-115.18683375964778,14,0.0,0.0,58639945.55001597,648
Sim575,Sim575,F01,,False,True,0,0.0,-115.18683375964778,15,0.0,0.0,58639945.55001597,648
Sim575,Sim575,F01,,False,True,0,0.0,-115.18683375964778,16,0.1559983506756581,9147734.789512891,58639945.55001597,648
Sim575,Sim575,F01,,False,True,0,0.0,-115.18683375964778,21,0.0,0.0,58639945.55001597,648
Sim575,Sim575,F01,,False,True,0,0.0,-115.18683375964778,22,0.0,0.0,58639945.55001597,648
Sim575,Sim575,F01,,False,True,0,0.0,-115.18683375964778,23,0.0,0.0,58639945.55001597,648
Sim575,Sim575,F01,,False,True,0,0.0,-115.18683375964778,24,0.0,0.0,58639945.55001597,648
Sim575,Sim575,F01,,False,True,0,0.0,-115.18683375964778,25,0.0,0.0,58639945.55001597,648
Sim575,Sim575,F01,,False,True,0,0.0,-115.18683375964778,26,0.0,0.0,58639945.55001597,648
Sim575,Sim575,F01,,False,True,0,0.0,-115.18683375964778,111,0.0,0.0,58639945.55001597,648
Sim575,Sim575,F01,,False,True,0,0.0,-115.18683375964778,121,0.0,0.0,58639945.55001597,648
Sim575,Sim575,F01,,False,True,0,0.0,-115.18683375964778,131,0.0,0.0,58639945.55001597,648
Sim575,Sim575,F01,,False,True,0,0.0,-115.18683375964778,161,0.0,0.0,58639945.55001597,648
Sim575,Sim575,F01,,False,True,0,0.0,-115.18683375964778,231,0.0,0.0,58639945.55001597,648
Sim575,Sim575,F01,,False,True,0,0.0,-115.18683375964778,232,0.0,0.0,58639945.55001597,648
Sim575,Sim575,F01,,False,True,0,0.0,-115.18683375964778,241,0.0,0.0,58639945.55001597,648
Sim575,Sim575,F01,,False,True,1,0.05,-40.53913626729794,11,0.0,0.0,571206463.5110407,611
Sim575,Sim575,F01,,False,True,1,0.05,-40.53913626729794,12,0.0049871870583546,2848713.482470775,571206463.5110407,611
Sim575,Sim575,F01,,False,True,1,0.05,-40.53913626729794,13,0.0335981598246484,19191486.05391616,571206463.5110407,611
Sim575,Sim575,F01,,False,True,1,0.05,-40.53913626729794,14,0.0006151665433411,351387.1056922298,571206463.5110407,611
Sim575,Sim575,F01,,False,True,1,0.05,-40.53913626729794,15,0.0001680489314678,95990.6358405735,571206463.5110407,611
Sim575,Sim575,F01,,False,True,1,0.05,-40.53913626729794,16,0.0,0.0,571206463.5110407,611
Sim575,Sim575,F01,,False,True,1,0.05,-40.53913626729794,21,0.0,0.0,571206463.5110407,611
Sim575,Sim575,F01,,False,True,1,0.05,-40.53913626729794,22,0.0,0.0,571206463.5110407,611
Sim575,Sim575,F01,,False,True,1,0.05,-40.53913626729794,23,0.0304337386891208,17383948.248031862,571206463.5110407,611
Sim575,Sim575,F01,,False,True,1,0.05,-40.53913626729794,24,0.0054028377008814,3086135.816044615,571206463.5110407,611
Sim575,Sim575,F01,,False,True,1,0.05,-40.53913626729794,25,0.0043980815149559,2512212.58839128,571206463.5110407,611
Sim575,Sim575,F01,,False,True,1,0.05,-40.53913626729794,26,0.0033582527581936,1918255.681583972,571206463.5110407,611
Sim575,Sim575,F01,,False,True,1,0.05,-40.53913626729794,111,0.0,0.0,571206463.5110407,611
Sim575,Sim575,F01,,False,True,1,0.05,-40.53913626729794,121,0.0,0.0,571206463.5110407,611
Sim575,Sim575,F01,,False,True,1,0.05,-40.53913626729794,131,0.0002417319993224,138078.88045043408,571206463.5110407,611
Sim575,Sim575,F01,,False,True,1,0.05,-40.53913626729794,161,0.0004806850069398,274570.3828768946,571206463.5110407,611
Sim575,Sim575,F01,,False,True,1,0.05,-40.53913626729794,231,0.9099342689589168,519760335.799527,571206463.5110407,611
Sim575,Sim575,F01,,False,True,1,0.05,-40.53913626729794,232,0.0,0.0,571206463.5110407,611
Sim575,Sim575,F01,,False,True,1,0.05,-40.53913626729794,241,0.0063818410138569,3645348.8362149424,571206463.5110407,611
Sim575,Sim575,F01,,False,True,2,0.1,-98.30478802315784,11,0.0,0.0,78254206.81758378,579
Sim575,Sim575,F01,,False,True,2,0.1,-98.30478802315784,12,0.0011660725192946,91250.08008918766,78254206.81758378,579
Sim575,Sim575,F01,,False,True,2,0.1,-98.30478802315784,13,0.2856741864080453,22355206.86562017,78254206.81758378,579
Sim575,Sim575,F01,,False,True,2,0.1,-98.30478802315784,14,0.010736694792048,840191.5347942004,78254206.81758378,579
Sim575,Sim575,F01,,False,True,2,0.1,-98.30478802315784,15,0.0,0.0,78254206.81758378,579
Sim575,Sim575,F01,,False,True,2,0.1,-98.30478802315784,16,0.0,0.0,78254206.81758378,579
Sim575,Sim575,F01,,False,True,2,0.1,-98.30478802315784,21,0.1246542881343455,9754722.444363754,78254206.81758378,579
Sim575,Sim575,F01,,False,True,2,0.1,-98.30478802315784,22,0.0,0.0,78254206.81758378,579
Sim575,Sim575,F01,,False,True,2,0.1,-98.30478802315784,23,0.0418446457468519,3274519.5624826765,78254206.81758378,579
Sim575,Sim575,F01,,False,True,2,0.1,-98.30478802315784,24,0.0064110977933175,501695.3726460291,78254206.81758378,579
Sim575,Sim575,F01,,False,True,2,0.1,-98.30478802315784,25,0.0,0.0,78254206.81758378,579
Sim575,Sim575,F01,,False,True,2,0.1,-98.30478802315784,26,0.0047044869197502,368145.892388756,78254206.81758378,579
Sim575,Sim575,F01,,False,True,2,0.1,-98.30478802315784,111,0.101417728848449,7936363.928276164,78254206.81758378,579
Sim575,Sim575,F01,,False,True,2,0.1,-98.30478802315784,121,0.0,0.0,78254206.81758378,579
Sim575,Sim575,F01,,False,True,2,0.1,-98.30478802315784,131,0.0,0.0,78254206.81758378,579
Sim575,Sim575,F01,,False,True,2,0.1,-98.30478802315784,161,0.0021019420717489,164485.80960122595,78254206.81758378,579
Sim575,Sim575,F01,,False,True,2,0.1,-98.30478802315784,231,0.3027174886451814,23688916.9637396,78254206.81758378,579
Sim575,Sim575,F01,,False,True,2,0.1,-98.30478802315784,232,0.0,0.0,78254206.81758378,579
Sim575,Sim575,F01,,False,True,2,0.1,-98.30478802315784,241,0.1185713681209671,9278708.363582026,78254206.81758378,579
Sim575,Sim575,F01,,False,True,3,0.15,-99.75513958961844,11,0.0,0.0,61711603.93609422,645
Sim575,Sim575,F01,,False,True,3,0.15,-99.75513958961844,12,0.0,0.0,61711603.93609422,645
Sim575,Sim575,F01,,False,True,3,0.15,-99.75513958961844,13,0.263111446101154,16237029.35284742,61711603.93609422,645
Sim575,Sim575,F01,,False,True,3,0.15,-99.75513958961844,14,0.0094319321512629,582059.6612708534,61711603.93609422,645
Sim575,Sim575,F01,,False,True,3,0.15,-99.75513958961844,15,0.0,0.0,61711603.93609422,645
Sim575,Sim575,F01,,False,True,3,0.15,-99.75513958961844,16,0.0,0.0,61711603.93609422,645
Sim575,Sim575,F01,,False,True,3,0.15,-99.75513958961844,21,0.0,0.0,61711603.93609422,645
Sim575,Sim575,F01,,False,True,3,0.15,-99.75513958961844,22,0.0,0.0,61711603.93609422,645
Sim575,Sim575,F01,,False,True,3,0.15,-99.75513958961844,23,0.085350755694537,5267132.031067607,61711603.93609422,645
Sim575,Sim575,F01,,False,True,3,0.15,-99.75513958961844,24,0.0363813107819705,2245149.041652919,61711603.93609422,645
Sim575,Sim575,F01,,False,True,3,0.15,-99.75513958961844,25,0.0,0.0,61711603.93609422,645
Sim575,Sim575,F01,,False,True,3,0.15,-99.75513958961844,26,0.0,0.0,61711603.93609422,645
Sim575,Sim575,F01,,False,True,3,0.15,-99.75513958961844,111,0.0,0.0,61711603.93609422,645
Sim575,Sim575,F01,,False,True,3,0.15,-99.75513958961844,121,0.0,0.0,61711603.93609422,645
Sim575,Sim575,F01,,False,True,3,0.15,-99.75513958961844,131,0.0,0.0,61711603.93609422,645
Sim575,Sim575,F01,,False,True,3,0.15,-99.75513958961844,161,0.0,0.0,61711603.93609422,645
Sim575,Sim575,F01,,False,True,3,0.15,-99.75513958961844,231,0.4690632346158076,28946644.55559396,61711603.93609422,645
Sim575,Sim575,F01,,False,True,3,0.15,-99.75513958961844,232,0.0,0.0,61711603.93609422,645
Sim575,Sim575,F01,,False,True,3,0.15,-99.75513958961844,241,0.1366613206552678,8433589.293661458,61711603.93609422,645
Sim575,Sim575,F01,,False,True,4,0.2,-45.95674507691722,11,0.0,0.0,150658207.79416054,648
Sim575,Sim575,F01,,False,True,4,0.2,-45.95674507691722,12,0.0,0.0,150658207.79416054,648
Sim575,Sim575,F01,,False,True,4,0.2,-45.95674507691722,13,0.0911728764003703,13735942.15791832,150658207.79416054,648
Sim575,Sim575,F01,,False,True,4,0.2,-45.95674507691722,14,0.0029929851111693,450917.772803386,150658207.79416054,648
Sim575,Sim575,F01,,False,True,4,0.2,-45.95674507691722,15,0.0,0.0,150658207.79416054,648
Sim575,Sim575,F01,,False,True,4,0.2,-45.95674507691722,16,0.0,0.0,150658207.79416054,648
Sim575,Sim575,F01,,False,True,4,0.2,-45.95674507691722,21,0.5786597011011159,87179833.49059875,150658207.79416054,648
Sim575,Sim575,F01,,False,True,4,0.2,-45.95674507691722,22,0.0229646100966745,3459806.9998566774,150658207.79416054,648
Sim575,Sim575,F01,,False,True,4,0.2,-45.95674507691722,23,0.0048416239813701,729430.3918464532,150658207.79416054,648
Sim575,Sim575,F01,,False,True,4,0.2,-45.95674507691722,24,0.0,0.0,150658207.79416054,648
Sim575,Sim575,F01,,False,True,4,0.2,-45.95674507691722,25,0.0,0.0,150658207.79416054,648
Sim575,Sim575,F01,,False,True,4,0.2,-45.95674507691722,26,0.0,0.0,150658207.79416054,648
Sim575,Sim575,F01,,False,True,4,0.2,-45.95674507691722,111,0.0127984519569137,1928191.8343682864,150658207.79416054,648
Sim575,Sim575,F01,,False,True,4,0.2,-45.95674507691722,121,0.0,0.0,150658207.79416054,648
Sim575,Sim575,F01,,False,True,4,0.2,-45.95674507691722,131,0.0007483591087345,112746.4421083849,150658207.79416054,648
Sim575,Sim575,F01,,False,True,4,0.2,-45.95674507691722,161,0.0,0.0,150658207.79416054,648
Sim575,Sim575,F01,,False,True,4,0.2,-45.95674507691722,231,0.2031133274628629,30600689.89466338,150658207.79416054,648
Sim575,Sim575,F01,,False,True,4,0.2,-45.95674507691722,232,0.0,0.0,150658207.79416054,648
Sim575,Sim575,F01,,False,True,4,0.2,-45.95674507691722,241,0.0827080647807881,12460648.80999687,150658207.79416054,648
Sim575,Sim575,F01,,False,True,5,0.25,-89.28952993297672,11,0.0,0.0,58692366.418489054,648
Sim575,Sim575,F01,,False,True,5,0.25,-89.28952993297672,12,0.0,0.0,58692366.418489054,648
Sim575,Sim575,F01,,False,True,5,0.25,-89.28952993297672,13,0.2211923269588258,12982301.10282564,58692366.418489054,648
Sim575,Sim575,F01,,False,True,5,0.25,-89.28952993297672,14,0.0089210822457209,523599.4280153299,58692366.418489054,648
Sim575,Sim575,F01,,False,True,5,0.25,-89.28952993297672,15,0.0,0.0,58692366.418489054,648
Sim575,Sim575,F01,,False,True,5,0.25,-89.28952993297672,16,0.0,0.0,58692366.418489054,648
Sim575,Sim575,F01,,False,True,5,0.25,-89.28952993297672,21,0.0,0.0,58692366.418489054,648
Sim575,Sim575,F01,,False,True,5,0.25,-89.28952993297672,22,0.0,0.0,58692366.418489054,648
Sim575,Sim575,F01,,False,True,5,0.25,-89.28952993297672,23,0.0099159784166572,581992.2386282734,58692366.418489054,648
Sim575,Sim575,F01,,False,True,5,0.25,-89.28952993297672,24,0.0128522513713143,754329.0467877118,58692366.418489054,648
Sim575,Sim575,F01,,False,True,5,0.25,-89.28952993297672,25,0.0,0.0,58692366.418489054,648
Sim575,Sim575,F01,,False,True,5,0.25,-89.28952993297672,26,0.0,0.0,58692366.418489054,648
Sim575,Sim575,F01,,False,True,5,0.25,-89.28952993297672,111,0.0,0.0,58692366.418489054,648
Sim575,Sim575,F01,,False,True,5,0.25,-89.28952993297672,121,0.0,0.0,58692366.418489054,648
Sim575,Sim575,F01,,False,True,5,0.25,-89.28952993297672,131,0.0,0.0,58692366.418489054,648
Sim575,Sim575,F01,,False,True,5,0.25,-89.28952993297672,161,0.0,0.0,58692366.418489054,648
Sim575,Sim575,F01,,False,True,5,0.25,-89.28952993297672,231,0.5615319163700578,32957636.991267785,58692366.418489054,648
Sim575,Sim575,F01,,False,True,5,0.25,-89.28952993297672,232,0.0,0.0,58692366.418489054,648
Sim575,Sim575,F01,,False,True,5,0.25,-89.28952993297672,241,0.1855864446374237,10892507.61096431,58692366.418489054,648
Sim575,Sim575,F01,,False,True,6,0.3,-84.23558399274883,11,0.0,0.0,58148786.25321388,648
Sim575,Sim575,F01,,False,True,6,0.3,-84.23558399274883,12,0.0,0.0,58148786.25321388,648
Sim575,Sim575,F01,,False,True,6,0.3,-84.23558399274883,13,0.2295615869497927,13348727.65149207,58148786.25321388,648
Sim575,Sim575,F01,,False,True,6,0.3,-84.23558399274883,14,0.0797860134390005,4639459.841460494,58148786.25321388,648
Sim575,Sim575,F01,,False,True,6,0.3,-84.23558399274883,15,0.0,0.0,58148786.25321388,648
Sim575,Sim575,F01,,False,True,6,0.3,-84.23558399274883,16,0.0,0.0,58148786.25321388,648
Sim575,Sim575,F01,,False,True,6,0.3,-84.23558399274883,21,0.0017729462851947,103094.67457621968,58148786.25321388,648
Sim575,Sim575,F01,,False,True,6,0.3,-84.23558399274883,22,0.0,0.0,58148786.25321388,648
Sim575,Sim575,F01,,False,True,6,0.3,-84.23558399274883,23,0.1257694054491162,7313338.27465445,58148786.25321388,648
Sim575,Sim575,F01,,False,True,6,0.3,-84.23558399274883,24,0.0,0.0,58148786.25321388,648
Sim575,Sim575,F01,,False,True,6,0.3,-84.23558399274883,25,0.0,0.0,58148786.25321388,648
Sim575,Sim575,F01,,False,True,6,0.3,-84.23558399274883,26,0.0,0.0,58148786.25321388,648
Sim575,Sim575,F01,,False,True,6,0.3,-84.23558399274883,111,0.0,0.0,58148786.25321388,648
Sim575,Sim575,F01,,False,True,6,0.3,-84.23558399274883,121,0.0,0.0,58148786.25321388,648
Sim575,Sim575,F01,,False,True,6,0.3,-84.23558399274883,131,0.0234247220218615,1362119.1538901797,58148786.25321388,648
Sim575,Sim575,F01,,False,True,6,0.3,-84.23558399274883,161,0.0,0.0,58148786.25321388,648
Sim575,Sim575,F01,,False,True,6,0.3,-84.23558399274883,231,0.3596554151506982,20913525.86040885,58148786.25321388,648
Sim575,Sim575,F01,,False,True,6,0.3,-84.23558399274883,232,0.0,0.0,58148786.25321388,648
Sim575,Sim575,F01,,False,True,6,0.3,-84.23558399274883,241,0.1800299107043358,10468520.796731604,58148786.25321388,648
Sim575,Sim575,F01,,False,True,7,0.35,-78.49772091321374,11,0.0,0.0,58221445.74337295,648
Sim575,Sim575,F01,,False,True,7,0.35,-78.49772091321374,12,0.0,0.0,58221445.74337295,648
Sim575,Sim575,F01,,False,True,7,0.35,-78.49772091321374,13,0.1129019354232203,6573313.90756482,58221445.74337295,648
Sim575,Sim575,F01,,False,True,7,0.35,-78.49772091321374,14,0.0738409269075357,4299125.519587457,58221445.74337295,648
Sim575,Sim575,F01,,False,True,7,0.35,-78.49772091321374,15,0.0,0.0,58221445.74337295,648
Sim575,Sim575,F01,,False,True,7,0.35,-78.49772091321374,16,0.0,0.0,58221445.74337295,648
Sim575,Sim575,F01,,False,True,7,0.35,-78.49772091321374,21,0.0,0.0,58221445.74337295,648
Sim575,Sim575,F01,,False,True,7,0.35,-78.49772091321374,22,0.0,0.0,58221445.74337295,648
Sim575,Sim575,F01,,False,True,7,0.35,-78.49772091321374,23,0.0483760913111677,2816525.9755496085,58221445.74337295,648
Sim575,Sim575,F01,,False,True,7,0.35,-78.49772091321374,24,0.361066066033137,21021788.373321403,58221445.74337295,648
Sim575,Sim575,F01,,False,True,7,0.35,-78.49772091321374,25,0.0,0.0,58221445.74337295,648
Sim575,Sim575,F01,,False,True,7,0.35,-78.49772091321374,26,0.0153556876358632,894030.3345435923,58221445.74337295,648
Sim575,Sim575,F01,,False,True,7,0.35,-78.49772091321374,111,0.0,0.0,58221445.74337295,648
Sim575,Sim575,F01,,False,True,7,0.35,-78.49772091321374,121,0.0,0.0,58221445.74337295,648
Sim575,Sim575,F01,,False,True,7,0.35,-78.49772091321374,131,0.0,0.0,58221445.74337295,648
Sim575,Sim575,F01,,False,True,7,0.35,-78.49772091321374,161,0.0679675161497861,3957167.053826601,58221445.74337295,648
Sim575,Sim575,F01,,False,True,7,0.35,-78.49772091321374,231,0.095892968647035,5583027.271254313,58221445.74337295,648
Sim575,Sim575,F01,,False,True,7,0.35,-78.49772091321374,232,0.0,0.0,58221445.74337295,648
Sim575,Sim575,F01,,False,True,7,0.35,-78.49772091321374,241,0.2245988078922547,13076467.307725152,58221445.74337295,648
Sim575,Sim575,F01,,False,True,8,0.4,-72.38926353927666,11,0.0,0.0,58235887.72142165,648
Sim575,Sim575,F01,,False,True,8,0.4,-72.38926353927666,12,0.0,0.0,58235887.72142165,648
Sim575,Sim575,F01,,False,True,8,0.4,-72.38926353927666,13,0.115564572030844,6730005.441362378,58235887.72142165,648
Sim575,Sim575,F01,,False,True,8,0.4,-72.38926353927666,14,0.1038596626489447,6048359.652808675,58235887.72142165,648
Sim575,Sim575,F01,,False,True,8,0.4,-72.38926353927666,15,0.0,0.0,58235887.72142165,648
Sim575,Sim575,F01,,False,True,8,0.4,-72.38926353927666,16,0.0,0.0,58235887.72142165,648
Sim575,Sim575,F01,,False,True,8,0.4,-72.38926353927666,21,0.0,0.0,58235887.72142165,648
Sim575,Sim575,F01,,False,True,8,0.4,-72.38926353927666,22,0.0,0.0,58235887.72142165,648
Sim575,Sim575,F01,,False,True,8,0.4,-72.38926353927666,23,0.0,0.0,58235887.72142165,648
Sim575,Sim575,F01,,False,True,8,0.4,-72.38926353927666,24,0.0,0.0,58235887.72142165,648
Sim575,Sim575,F01,,False,True,8,0.4,-72.38926353927666,25,0.0,0.0,58235887.72142165,648
Sim575,Sim575,F01,,False,True,8,0.4,-72.38926353927666,26,0.0,0.0,58235887.72142165,648
Sim575,Sim575,F01,,False,True,8,0.4,-72.38926353927666,111,0.0,0.0,58235887.72142165,648
Sim575,Sim575,F01,,False,True,8,0.4,-72.38926353927666,121,0.0,0.0,58235887.72142165,648
Sim575,Sim575,F01,,False,True,8,0.4,-72.38926353927666,131,0.1706526897374604,9938110.87890935,58235887.72142165,648
Sim575,Sim575,F01,,False,True,8,0.4,-72.38926353927666,161,0.0,0.0,58235887.72142165,648
Sim575,Sim575,F01,,False,True,8,0.4,-72.38926353927666,231,0.0028069124344386,163463.03737583297,58235887.72142165,648
Sim575,Sim575,F01,,False,True,8,0.4,-72.38926353927666,232,0.0,0.0,58235887.72142165,648
Sim575,Sim575,F01,,False,True,8,0.4,-72.38926353927666,241,0.6071161631483122,35355948.71096541,58235887.72142165,648
Sim575,Sim575,F01,,False,True,9,0.45,-66.19390255036917,11,0.0,0.0,58295715.44162317,648
Sim575,Sim575,F01,,False,True,9,0.45,-66.19390255036917,12,0.0,0.0,58295715.44162317,648
Sim575,Sim575,F01,,False,True,9,0.45,-66.19390255036917,13,0.1774910539572888,10346967.974927893,58295715.44162317,648
Sim575,Sim575,F01,,False,True,9,0.45,-66.19390255036917,14,0.1437598262165801,8380581.921058953,58295715.44162317,648
Sim575,Sim575,F01,,False,True,9,0.45,-66.19390255036917,15,0.0,0.0,58295715.44162317,648
Sim575,Sim575,F01,,False,True,9,0.45,-66.19390255036917,16,0.0,0.0,58295715.44162317,648
Sim575,Sim575,F01,,False,True,9,0.45,-66.19390255036917,21,0.0,0.0,58295715.44162317,648
Sim575,Sim575,F01,,False,True,9,0.45,-66.19390255036917,22,0.0,0.0,58295715.44162317,648
Sim575,Sim575,F01,,False,True,9,0.45,-66.19390255036917,23,0.0108431297567198,632108.0067943376,58295715.44162317,648
Sim575,Sim575,F01,,False,True,9,0.45,-66.19390255036917,24,0.0,0.0,58295715.44162317,648
Sim575,Sim575,F01,,False,True,9,0.45,-66.19390255036917,25,0.0,0.0,58295715.44162317,648
Sim575,Sim575,F01,,False,True,9,0.45,-66.19390255036917,26,0.0,0.0,58295715.44162317,648
Sim575,Sim575,F01,,False,True,9,0.45,-66.19390255036917,111,0.0,0.0,58295715.44162317,648
Sim575,Sim575,F01,,False,True,9,0.45,-66.19390255036917,121,0.0,0.0,58295715.44162317,648
Sim575,Sim575,F01,,False,True,9,0.45,-66.19390255036917,131,0.0076851257512034,448009.9039252446,58295715.44162317,648
Sim575,Sim575,F01,,False,True,9,0.45,-66.19390255036917,161,0.0058927953185267,343524.71904456575,58295715.44162317,648
Sim575,Sim575,F01,,False,True,9,0.45,-66.19390255036917,231,0.1634718286473963,9529707.2055504,58295715.44162317,648
Sim575,Sim575,F01,,False,True,9,0.45,-66.19390255036917,232,0.0,0.0,58295715.44162317,648
Sim575,Sim575,F01,,False,True,9,0.45,-66.19390255036917,241,0.4908562403522846,28614815.710321777,58295715.44162317,648
Sim575,Sim575,F01,,False,True,10,0.5,-60.04656156304739,11,0.0,0.0,58316538.32353488,648
Sim575,Sim575,F01,,False,True,10,0.5,-60.04656156304739,12,0.0,0.0,58316538.32353488,648
Sim575,Sim575,F01,,False,True,10,0.5,-60.04656156304739,13,0.2098327455410757,12236719.346878683,58316538.32353488,648
Sim575,Sim575,F01,,False,True,10,0.5,-60.04656156304739,14,0.0572116462611222,3336385.1617392586,58316538.32353488,648
Sim575,Sim575,F01,,False,True,10,0.5,-60.04656156304739,15,0.0,0.0,58316538.32353488,648
Sim575,Sim575,F01,,False,True,10,0.5,-60.04656156304739,16,0.0,0.0,58316538.32353488,648
Sim575,Sim575,F01,,False,True,10,0.5,-60.04656156304739,21,0.0,0.0,58316538.32353488,648
Sim575,Sim575,F01,,False,True,10,0.5,-60.04656156304739,22,0.0,0.0,58316538.32353488,648
Sim575,Sim575,F01,,False,True,10,0.5,-60.04656156304739,23,0.0,0.0,58316538.32353488,648
Sim575,Sim575,F01,,False,True,10,0.5,-60.04656156304739,24,0.0,0.0,58316538.32353488,648
Sim575,Sim575,F01,,False,True,10,0.5,-60.04656156304739,25,0.0,0.0,58316538.32353488,648
Sim575,Sim575,F01,,False,True,10,0.5,-60.04656156304739,26,0.0,0.0,58316538.32353488,648
Sim575,Sim575,F01,,False,True,10,0.5,-60.04656156304739,111,0.0,0.0,58316538.32353488,648
Sim575,Sim575,F01,,False,True,10,0.5,-60.04656156304739,121,0.0,0.0,58316538.32353488,648
Sim575,Sim575,F01,,False,True,10,0.5,-60.04656156304739,131,0.1493251836117437,8708127.792763136,58316538.32353488,648
Sim575,Sim575,F01,,False,True,10,0.5,-60.04656156304739,161,0.0,0.0,58316538.32353488,648
Sim575,Sim575,F01,,False,True,10,0.5,-60.04656156304739,231,0.0819632392639425,4779812.383656764,58316538.32353488,648
Sim575,Sim575,F01,,False,True,10,0.5,-60.04656156304739,232,0.0,0.0,58316538.32353488,648
Sim575,Sim575,F01,,False,True,10,0.5,-60.04656156304739,241,0.5016671853221156,29255493.63849703,58316538.32353488,648
Sim575,Sim575,F01,,False,True,11,0.55,-54.10996476572316,11,0.0,0.0,58334610.78628272,648
Sim575,Sim575,F01,,False,True,11,0.55,-54.10996476572316,12,0.0,0.0,58334610.78628272,648
Sim575,Sim575,F01,,False,True,11,0.55,-54.10996476572316,13,0.2658450382981359,15507966.83858618,58334610.78628272,648
Sim575,Sim575,F01,,False,True,11,0.55,-54.10996476572316,14,0.0052605206366248,306870.42387071875,58334610.78628272,648
Sim575,Sim575,F01,,False,True,11,0.55,-54.10996476572316,15,0.0,0.0,58334610.78628272,648
Sim575,Sim575,F01,,False,True,11,0.55,-54.10996476572316,16,0.0,0.0,58334610.78628272,648
Sim575,Sim575,F01,,False,True,11,0.55,-54.10996476572316,21,0.0,0.0,58334610.78628272,648
Sim575,Sim575,F01,,False,True,11,0.55,-54.10996476572316,22,0.0,0.0,58334610.78628272,648
Sim575,Sim575,F01,,False,True,11,0.55,-54.10996476572316,23,0.025793792097838,1504670.8227296777,58334610.78628272,648
Sim575,Sim575,F01,,False,True,11,0.55,-54.10996476572316,24,0.0,0.0,58334610.78628272,648
Sim575,Sim575,F01,,False,True,11,0.55,-54.10996476572316,25,0.0,0.0,58334610.78628272,648
Sim575,Sim575,F01,,False,True,11,0.55,-54.10996476572316,26,0.0,0.0,58334610.78628272,648
Sim575,Sim575,F01,,False,True,11,0.55,-54.10996476572316,111,0.0,0.0,58334610.78628272,648
Sim575,Sim575,F01,,False,True,11,0.55,-54.10996476572316,121,0.0,0.0,58334610.78628272,648
Sim575,Sim575,F01,,False,True,11,0.55,-54.10996476572316,131,0.044682814817929,2606554.611239437,58334610.78628272,648
Sim575,Sim575,F01,,False,True,11,0.55,-54.10996476572316,161,0.0,0.0,58334610.78628272,648
Sim575,Sim575,F01,,False,True,11,0.55,-54.10996476572316,231,0.1630663900054174,9512414.393290209,58334610.78628272,648
Sim575,Sim575,F01,,False,True,11,0.55,-54.10996476572316,232,0.0,0.0,58334610.78628272,648
Sim575,Sim575,F01,,False,True,11,0.55,-54.10996476572316,241,0.4953514441440547,28896133.696566496,58334610.78628272,648
Sim575,Sim575,F01,,False,True,12,0.6,-48.34012029818935,11,0.0,0.0,58293081.519459546,648
Sim575,Sim575,F01,,False,True,12,0.6,-48.34012029818935,12,0.0,0.0,58293081.519459546,648
Sim575,Sim575,F01,,False,True,12,0.6,-48.34012029818935,13,0.2343305321117437,13659848.81088821,58293081.519459546,648
Sim575,Sim575,F01,,False,True,12,0.6,-48.34012029818935,14,0.0483702732563311,2819652.282049848,58293081.519459546,648
Sim575,Sim575,F01,,False,True,12,0.6,-48.34012029818935,15,0.0,0.0,58293081.519459546,648
Sim575,Sim575,F01,,False,True,12,0.6,-48.34012029818935,16,0.0,0.0,58293081.519459546,648
Sim575,Sim575,F01,,False,True,12,0.6,-48.34012029818935,21,0.0,0.0,58293081.519459546,648
Sim575,Sim575,F01,,False,True,12,0.6,-48.34012029818935,22,0.0,0.0,58293081.519459546,648
Sim575,Sim575,F01,,False,True,12,0.6,-48.34012029818935,23,0.0133603221680195,778814.3492666039,58293081.519459546,648
Sim575,Sim575,F01,,False,True,12,0.6,-48.34012029818935,24,0.0,0.0,58293081.519459546,648
Sim575,Sim575,F01,,False,True,12,0.6,-48.34012029818935,25,0.0,0.0,58293081.519459546,648
Sim575,Sim575,F01,,False,True,12,0.6,-48.34012029818935,26,0.0,0.0,58293081.519459546,648
Sim575,Sim575,F01,,False,True,12,0.6,-48.34012029818935,111,0.0,0.0,58293081.519459546,648
Sim575,Sim575,F01,,False,True,12,0.6,-48.34012029818935,121,0.0,0.0,58293081.519459546,648
Sim575,Sim575,F01,,False,True,12,0.6,-48.34012029818935,131,0.0062145476377758,362265.1320554329,58293081.519459546,648
Sim575,Sim575,F01,,False,True,12,0.6,-48.34012029818935,161,0.0045827550987313,267142.9165540629,58293081.519459546,648
Sim575,Sim575,F01,,False,True,12,0.6,-48.34012029818935,231,0.1398459840722668,8152053.34969369,58293081.519459546,648
Sim575,Sim575,F01,,False,True,12,0.6,-48.34012029818935,232,0.0,0.0,58293081.519459546,648
Sim575,Sim575,F01,,False,True,12,0.6,-48.34012029818935,241,0.5532955856551315,32253304.678951688,58293081.519459546,648
Sim575,Sim575,F01,,False,True,13,0.65,-38.019522950866666,11,0.0,0.0,71866198.2599158,623
Sim575,Sim575,F01,,False,True,13,0.65,-38.019522950866666,12,0.0,0.0,71866198.2599158,623
Sim575,Sim575,F01,,False,True,13,0.65,-38.019522950866666,13,0.1107476840139932,7959015.016176145,71866198.2599158,623
Sim575,Sim575,F01,,False,True,13,0.65,-38.019522950866666,14,0.0,0.0,71866198.2599158,623
Sim575,Sim575,F01,,False,True,13,0.65,-38.019522950866666,15,0.0,0.0,71866198.2599158,623
Sim575,Sim575,F01,,False,True,13,0.65,-38.019522950866666,16,0.0,0.0,71866198.2599158,623
Sim575,Sim575,F01,,False,True,13,0.65,-38.019522950866666,21,0.0017583537386852,126366.1983954166,71866198.2599158,623
Sim575,Sim575,F01,,False,True,13,0.65,-38.019522950866666,22,0.026285232810361,1889019.752457451,71866198.2599158,623
Sim575,Sim575,F01,,False,True,13,0.65,-38.019522950866666,23,0.0,0.0,71866198.2599158,623
Sim575,Sim575,F01,,False,True,13,0.65,-38.019522950866666,24,0.0,0.0,71866198.2599158,623
Sim575,Sim575,F01,,False,True,13,0.65,-38.019522950866666,25,0.0,0.0,71866198.2599158,623
Sim575,Sim575,F01,,False,True,13,0.65,-38.019522950866666,26,0.0,0.0,71866198.2599158,623
Sim575,Sim575,F01,,False,True,13,0.65,-38.019522950866666,111,0.4411780742247074,31705790.95016067,71866198.2599158,623
Sim575,Sim575,F01,,False,True,13,0.65,-38.019522950866666,121,0.0048715588866988,350100.41678635665,71866198.2599158,623
Sim575,Sim575,F01,,False,True,13,0.65,-38.019522950866666,131,0.0088217174602824,633983.2959936222,71866198.2599158,623
Sim575,Sim575,F01,,False,True,13,0.65,-38.019522950866666,161,0.0,0.0,71866198.2599158,623
Sim575,Sim575,F01,,False,True,13,0.65,-38.019522950866666,231,0.0906309526670875,6513302.012857961,71866198.2599158,623
Sim575,Sim575,F01,,False,True,13,0.65,-38.019522950866666,232,0.096043491744426,6902280.619279508,71866198.2599158,623
Sim575,Sim575,F01,,False,True,13,0.65,-38.019522950866666,241,0.2196629344537581,15786339.99780867,71866198.2599158,623
Sim575,Sim575,F01,,False,True,14,0.7,-38.63018885681466,11,0.0,0.0,57589295.83156709,643
Sim575,Sim575,F01,,False,True,14,0.7,-38.63018885681466,12,0.0,0.0,57589295.83156709,643
Sim575,Sim575,F01,,False,True,14,0.7,-38.63018885681466,13,0.6096323439669554,35108297.40520466,57589295.83156709,643
Sim575,Sim575,F01,,False,True,14,0.7,-38.63018885681466,14,0.0,0.0,57589295.83156709,643
Sim575,Sim575,F01,,False,True,14,0.7,-38.63018885681466,15,0.0,0.0,57589295.83156709,643
Sim575,Sim575,F01,,False,True,14,0.7,-38.63018885681466,16,0.0,0.0,57589295.83156709,643
Sim575,Sim575,F01,,False,True,14,0.7,-38.63018885681466,21,0.0,0.0,57589295.83156709,643
Sim575,Sim575,F01,,False,True,14,0.7,-38.63018885681466,22,0.0,0.0,57589295.83156709,643
Sim575,Sim575,F01,,False,True,14,0.7,-38.63018885681466,23,0.0384858587416959,2216373.5044074287,57589295.83156709,643
Sim575,Sim575,F01,,False,True,14,0.7,-38.63018885681466,24,0.0,0.0,57589295.83156709,643
Sim575,Sim575,F01,,False,True,14,0.7,-38.63018885681466,25,0.0,0.0,57589295.83156709,643
Sim575,Sim575,F01,,False,True,14,0.7,-38.63018885681466,26,0.0,0.0,57589295.83156709,643
Sim575,Sim575,F01,,False,True,14,0.7,-38.63018885681466,111,0.0337230947086585,1942089.2775328893,57589295.83156709,643
Sim575,Sim575,F01,,False,True,14,0.7,-38.63018885681466,121,0.0,0.0,57589295.83156709,643
Sim575,Sim575,F01,,False,True,14,0.7,-38.63018885681466,131,0.0,0.0,57589295.83156709,643
Sim575,Sim575,F01,,False,True,14,0.7,-38.63018885681466,161,0.0,0.0,57589295.83156709,643
Sim575,Sim575,F01,,False,True,14,0.7,-38.63018885681466,231,0.173934291693179,10016753.379572572,57589295.83156709,643
Sim575,Sim575,F01,,False,True,14,0.7,-38.63018885681466,232,0.0,0.0,57589295.83156709,643
Sim575,Sim575,F01,,False,True,14,0.7,-38.63018885681466,241,0.1442244108895113,8305782.264849553,57589295.83156709,643
Sim575,Sim575,F01,,False,True,15,0.75,-33.91448647532376,11,0.0,0.0,57218656.50560737,608
Sim575,Sim575,F01,,False,True,15,0.75,-33.91448647532376,12,0.0,0.0,57218656.50560737,608
Sim575,Sim575,F01,,False,True,15,0.75,-33.91448647532376,13,0.3441486902962068,19691725.69691331,57218656.50560737,608
Sim575,Sim575,F01,,False,True,15,0.75,-33.91448647532376,14,0.0,0.0,57218656.50560737,608
Sim575,Sim575,F01,,False,True,15,0.75,-33.91448647532376,15,0.0,0.0,57218656.50560737,608
Sim575,Sim575,F01,,False,True,15,0.75,-33.91448647532376,16,0.0,0.0,57218656.50560737,608
Sim575,Sim575,F01,,False,True,15,0.75,-33.91448647532376,21,0.0166479860856996,952575.397347778,57218656.50560737,608
Sim575,Sim575,F01,,False,True,15,0.75,-33.91448647532376,22,0.0020774594462378,118869.43845861348,57218656.50560737,608
Sim575,Sim575,F01,,False,True,15,0.75,-33.91448647532376,23,0.0202649684222115,1159534.2672475006,57218656.50560737,608
Sim575,Sim575,F01,,False,True,15,0.75,-33.91448647532376,24,0.0,0.0,57218656.50560737,608
Sim575,Sim575,F01,,False,True,15,0.75,-33.91448647532376,25,0.0,0.0,57218656.50560737,608
Sim575,Sim575,F01,,False,True,15,0.75,-33.91448647532376,26,0.0,0.0,57218656.50560737,608
Sim575,Sim575,F01,,False,True,15,0.75,-33.91448647532376,111,0.1516907283594695,8679539.68108588,57218656.50560737,608
Sim575,Sim575,F01,,False,True,15,0.75,-33.91448647532376,121,0.0,0.0,57218656.50560737,608
Sim575,Sim575,F01,,False,True,15,0.75,-33.91448647532376,131,0.0015835272255999,90607.30038887866,57218656.50560737,608
Sim575,Sim575,F01,,False,True,15,0.75,-33.91448647532376,161,0.0,0.0,57218656.50560737,608
Sim575,Sim575,F01,,False,True,15,0.75,-33.91448647532376,231,0.1634775699342133,9353966.92043716,57218656.50560737,608
Sim575,Sim575,F01,,False,True,15,0.75,-33.91448647532376,232,0.0,0.0,57218656.50560737,608
Sim575,Sim575,F01,,False,True,15,0.75,-33.91448647532376,241,0.3001090702303614,17171837.803728245,57218656.50560737,608
Sim575,Sim575,F01,,False,True,16,0.8,-28.71853603273529,11,0.0,0.0,57842670.07663588,644
Sim575,Sim575,F01,,False,True,16,0.8,-28.71853603273529,12,0.1158904744355841,6703414.477802299,57842670.07663588,644
Sim575,Sim575,F01,,False,True,16,0.8,-28.71853603273529,13,0.2945427479959514,17037138.995795522,57842670.07663588,644
Sim575,Sim575,F01,,False,True,16,0.8,-28.71853603273529,14,0.0,0.0,57842670.07663588,644
Sim575,Sim575,F01,,False,True,16,0.8,-28.71853603273529,15,0.0,0.0,57842670.07663588,644
Sim575,Sim575,F01,,False,True,16,0.8,-28.71853603273529,16,0.0,0.0,57842670.07663588,644
Sim575,Sim575,F01,,False,True,16,0.8,-28.71853603273529,21,0.0,0.0,57842670.07663588,644
Sim575,Sim575,F01,,False,True,16,0.8,-28.71853603273529,22,0.0,0.0,57842670.07663588,644
Sim575,Sim575,F01,,False,True,16,0.8,-28.71853603273529,23,0.4160507864702983,24065488.376926348,57842670.07663588,644
Sim575,Sim575,F01,,False,True,16,0.8,-28.71853603273529,24,0.0,0.0,57842670.07663588,644
Sim575,Sim575,F01,,False,True,16,0.8,-28.71853603273529,25,0.0,0.0,57842670.07663588,644
Sim575,Sim575,F01,,False,True,16,0.8,-28.71853603273529,26,0.0,0.0,57842670.07663588,644
Sim575,Sim575,F01,,False,True,16,0.8,-28.71853603273529,111,0.0,0.0,57842670.07663588,644
Sim575,Sim575,F01,,False,True,16,0.8,-28.71853603273529,121,0.0,0.0,57842670.07663588,644
Sim575,Sim575,F01,,False,True,16,0.8,-28.71853603273529,131,0.0,0.0,57842670.07663588,644
Sim575,Sim575,F01,,False,True,16,0.8,-28.71853603273529,161,0.0,0.0,57842670.07663588,644
Sim575,Sim575,F01,,False,True,16,0.8,-28.71853603273529,231,0.0288492390429897,1668717.0159256584,57842670.07663588,644
Sim575,Sim575,F01,,False,True,16,0.8,-28.71853603273529,232,0.0,0.0,57842670.07663588,644
Sim575,Sim575,F01,,False,True,16,0.8,-28.71853603273529,241,0.1446667520551764,8367911.210186057,57842670.07663588,644
Sim575,Sim575,F01,,False,True,17,0.85,-24.15603548828719,11,0.1136658660890606,6395568.583366009,56266395.56289385,619
Sim575,Sim575,F01,,False,True,17,0.85,-24.15603548828719,12,0.0754571569078242,4245702.238626986,56266395.56289385,619
Sim575,Sim575,F01,,False,True,17,0.85,-24.15603548828719,13,0.0877616703294773,4938032.858018655,56266395.56289385,619
Sim575,Sim575,F01,,False,True,17,0.85,-24.15603548828719,14,0.0,0.0,56266395.56289385,619
Sim575,Sim575,F01,,False,True,17,0.85,-24.15603548828719,15,0.0,0.0,56266395.56289385,619
Sim575,Sim575,F01,,False,True,17,0.85,-24.15603548828719,16,0.0,0.0,56266395.56289385,619
Sim575,Sim575,F01,,False,True,17,0.85,-24.15603548828719,21,0.0429458163564401,2416406.2908828566,56266395.56289385,619
Sim575,Sim575,F01,,False,True,17,0.85,-24.15603548828719,22,0.0006976186087688,39252.48459302609,56266395.56289385,619
Sim575,Sim575,F01,,False,True,17,0.85,-24.15603548828719,23,0.2551530269868169,14356541.145509971,56266395.56289385,619
Sim575,Sim575,F01,,False,True,17,0.85,-24.15603548828719,24,0.0,0.0,56266395.56289385,619
Sim575,Sim575,F01,,False,True,17,0.85,-24.15603548828719,25,0.0,0.0,56266395.56289385,619
Sim575,Sim575,F01,,False,True,17,0.85,-24.15603548828719,26,0.0,0.0,56266395.56289385,619
Sim575,Sim575,F01,,False,True,17,0.85,-24.15603548828719,111,0.073917368429799,4159063.891039237,56266395.56289385,619
Sim575,Sim575,F01,,False,True,17,0.85,-24.15603548828719,121,0.0,0.0,56266395.56289385,619
Sim575,Sim575,F01,,False,True,17,0.85,-24.15603548828719,131,0.0,0.0,56266395.56289385,619
Sim575,Sim575,F01,,False,True,17,0.85,-24.15603548828719,161,0.0,0.0,56266395.56289385,619
Sim575,Sim575,F01,,False,True,17,0.85,-24.15603548828719,231,0.1890961726383813,10639760.049100429,56266395.56289385,619
Sim575,Sim575,F01,,False,True,17,0.85,-24.15603548828719,232,0.0251486056960228,1415021.395947668,56266395.56289385,619
Sim575,Sim575,F01,,False,True,17,0.85,-24.15603548828719,241,0.1361566979574086,7661046.625809016,56266395.56289385,619
Sim575,Sim575,F01,,False,True,18,0.9,-18.436288107273487,11,0.0,0.0,58318910.690973,648
Sim575,Sim575,F01,,False,True,18,0.9,-18.436288107273487,12,0.1019411471046349,5945096.653730549,58318910.690973,648
Sim575,Sim575,F01,,False,True,18,0.9,-18.436288107273487,13,0.0993834169875355,5795932.619459813,58318910.690973,648
Sim575,Sim575,F01,,False,True,18,0.9,-18.436288107273487,14,0.0,0.0,58318910.690973,648
Sim575,Sim575,F01,,False,True,18,0.9,-18.436288107273487,15,0.0,0.0,58318910.690973,648
Sim575,Sim575,F01,,False,True,18,0.9,-18.436288107273487,16,0.0,0.0,58318910.690973,648
Sim575,Sim575,F01,,False,True,18,0.9,-18.436288107273487,21,0.0,0.0,58318910.690973,648
Sim575,Sim575,F01,,False,True,18,0.9,-18.436288107273487,22,0.0,0.0,58318910.690973,648
Sim575,Sim575,F01,,False,True,18,0.9,-18.436288107273487,23,0.7384888475001542,43067865.14364107,58318910.690973,648
Sim575,Sim575,F01,,False,True,18,0.9,-18.436288107273487,24,0.0,0.0,58318910.690973,648
Sim575,Sim575,F01,,False,True,18,0.9,-18.436288107273487,25,0.0,0.0,58318910.690973,648
Sim575,Sim575,F01,,False,True,18,0.9,-18.436288107273487,26,0.0,0.0,58318910.690973,648
Sim575,Sim575,F01,,False,True,18,0.9,-18.436288107273487,111,0.0,0.0,58318910.690973,648
Sim575,Sim575,F01,,False,True,18,0.9,-18.436288107273487,121,0.0,0.0,58318910.690973,648
Sim575,Sim575,F01,,False,True,18,0.9,-18.436288107273487,131,0.0,0.0,58318910.690973,648
Sim575,Sim575,F01,,False,True,18,0.9,-18.436288107273487,161,0.0,0.0,58318910.690973,648
Sim575,Sim575,F01,,False,True,18,0.9,-18.436288107273487,231,0.0063566492758637,370712.8614129333,58318910.690973,648
Sim575,Sim575,F01,,False,True,18,0.9,-18.436288107273487,232,0.0,0.0,58318910.690973,648
Sim575,Sim575,F01,,False,True,18,0.9,-18.436288107273487,241,0.0538299391318114,3139303.412728625,58318910.690973,648
Sim575,Sim575,F01,,False,True,19,0.95,-13.221503261681368,11,0.0492730275191262,2851934.309147408,57880232.91323794,645
Sim575,Sim575,F01,,False,True,19,0.95,-13.221503261681368,12,0.0,0.0,57880232.91323794,645
Sim575,Sim575,F01,,False,True,19,0.95,-13.221503261681368,13,0.0874176265968116,5059752.588145923,57880232.91323794,645
Sim575,Sim575,F01,,False,True,19,0.95,-13.221503261681368,14,0.0,0.0,57880232.91323794,645
Sim575,Sim575,F01,,False,True,19,0.95,-13.221503261681368,15,0.0,0.0,57880232.91323794,645
Sim575,Sim575,F01,,False,True,19,0.95,-13.221503261681368,16,0.0,0.0,57880232.91323794,645
Sim575,Sim575,F01,,False,True,19,0.95,-13.221503261681368,21,0.1223349715844599,7080776.648742884,57880232.91323794,645
Sim575,Sim575,F01,,False,True,19,0.95,-13.221503261681368,22,0.0014403515536542,83367.88340245208,57880232.91323794,645
Sim575,Sim575,F01,,False,True,19,0.95,-13.221503261681368,23,0.1886681050971322,10920153.86632127,57880232.91323794,645
Sim575,Sim575,F01,,False,True,19,0.95,-13.221503261681368,24,0.0,0.0,57880232.91323794,645
Sim575,Sim575,F01,,False,True,19,0.95,-13.221503261681368,25,0.0,0.0,57880232.91323794,645
Sim575,Sim575,F01,,False,True,19,0.95,-13.221503261681368,26,0.0,0.0,57880232.91323794,645
Sim575,Sim575,F01,,False,True,19,0.95,-13.221503261681368,111,0.1202669500330683,6961079.079678742,57880232.91323794,645
Sim575,Sim575,F01,,False,True,19,0.95,-13.221503261681368,121,0.0,0.0,57880232.91323794,645
Sim575,Sim575,F01,,False,True,19,0.95,-13.221503261681368,131,0.0,0.0,57880232.91323794,645
Sim575,Sim575,F01,,False,True,19,0.95,-13.221503261681368,161,0.0,0.0,57880232.91323794,645
Sim575,Sim575,F01,,False,True,19,0.95,-13.221503261681368,231,0.2035959028786658,11784178.27879815,57880232.91323794,645
Sim575,Sim575,F01,,False,True,19,0.95,-13.221503261681368,232,0.2128871741489177,12321959.223980404,57880232.91323794,645
Sim575,Sim575,F01,,False,True,19,0.95,-13.221503261681368,241,0.0141158905881638,817031.0350207047,57880232.91323794,645
Sim575,Sim575,F01,,False,True,20,1.0,-7.894762645895429,11,0.0,0.0,58319929.35005842,648
Sim575,Sim575,F01,,False,True,20,1.0,-7.894762645895429,12,0.0513284841929838,2993473.5717804083,58319929.35005842,648
Sim575,Sim575,F01,,False,True,20,1.0,-7.894762645895429,13,0.1003462440772875,5852185.8651311295,58319929.35005842,648
Sim575,Sim575,F01,,False,True,20,1.0,-7.894762645895429,14,0.0,0.0,58319929.35005842,648
Sim575,Sim575,F01,,False,True,20,1.0,-7.894762645895429,15,0.0,0.0,58319929.35005842,648
Sim575,Sim575,F01,,False,True,20,1.0,-7.894762645895429,16,0.0,0.0,58319929.35005842,648
Sim575,Sim575,F01,,False,True,20,1.0,-7.894762645895429,21,0.0,0.0,58319929.35005842,648
Sim575,Sim575,F01,,False,True,20,1.0,-7.894762645895429,22,0.0,0.0,58319929.35005842,648
Sim575,Sim575,F01,,False,True,20,1.0,-7.894762645895429,23,0.8080534345655445,47125619.21493461,58319929.35005842,648
Sim575,Sim575,F01,,False,True,20,1.0,-7.894762645895429,24,0.0015695604246256,91536.65307481364,58319929.35005842,648
Sim575,Sim575,F01,,False,True,20,1.0,-7.894762645895429,25,0.0,0.0,58319929.35005842,648
Sim575,Sim575,F01,,False,True,20,1.0,-7.894762645895429,26,0.0,0.0,58319929.35005842,648
Sim575,Sim575,F01,,False,True,20,1.0,-7.894762645895429,111,0.0,0.0,58319929.35005842,648
Sim575,Sim575,F01,,False,True,20,1.0,-7.894762645895429,121,0.0,0.0,58319929.35005842,648
Sim575,Sim575,F01,,False,True,20,1.0,-7.894762645895429,131,0.0,0.0,58319929.35005842,648
Sim575,Sim575,F01,,False,True,20,1.0,-7.894762645895429,161,0.0,0.0,58319929.35005842,648
Sim575,Sim575,F01,,False,True,20,1.0,-7.894762645895429,231,0.0185447054319354,1081525.9106081224,58319929.35005842,648
Sim575,Sim575,F01,,False,True,20,1.0,-7.894762645895429,232,0.0,0.0,58319929.35005842,648
Sim575,Sim575,F01,,False,True,20,1.0,-7.894762645895429,241,0.0201575713076228,1175588.1345293298,58319929.35005842,648
Sim590,Sim590,F04,,False,True,0,0.0,-116.25867066297988,11,0.3182888064497489,18646184.69239482,58582596.41731592,648
Sim590,Sim590,F04,,False,True,0,0.0,-116.25867066297988,12,0.5255718546193799,30789363.84746737,58582596.41731592,648
Sim590,Sim590,F04,,False,True,0,0.0,-116.25867066297988,13,0.0,0.0,58582596.41731592,648
Sim590,Sim590,F04,,False,True,0,0.0,-116.25867066297988,14,0.0,0.0,58582596.41731592,648
Sim590,Sim590,F04,,False,True,0,0.0,-116.25867066297988,15,0.0,0.0,58582596.41731592,648
Sim590,Sim590,F04,,False,True,0,0.0,-116.25867066297988,16,0.1561393389308712,9147047.877453731,58582596.41731592,648
Sim590,Sim590,F04,,False,True,0,0.0,-116.25867066297988,21,0.0,0.0,58582596.41731592,648
Sim590,Sim590,F04,,False,True,0,0.0,-116.25867066297988,22,0.0,0.0,58582596.41731592,648
Sim590,Sim590,F04,,False,True,0,0.0,-116.25867066297988,23,0.0,0.0,58582596.41731592,648
Sim590,Sim590,F04,,False,True,0,0.0,-116.25867066297988,24,0.0,0.0,58582596.41731592,648
Sim590,Sim590,F04,,False,True,0,0.0,-116.25867066297988,25,0.0,0.0,58582596.41731592,648
Sim590,Sim590,F04,,False,True,0,0.0,-116.25867066297988,26,0.0,0.0,58582596.41731592,648
Sim590,Sim590,F04,,False,True,0,0.0,-116.25867066297988,111,0.0,0.0,58582596.41731592,648
Sim590,Sim590,F04,,False,True,0,0.0,-116.25867066297988,121,0.0,0.0,58582596.41731592,648
Sim590,Sim590,F04,,False,True,0,0.0,-116.25867066297988,131,0.0,0.0,58582596.41731592,648
Sim590,Sim590,F04,,False,True,0,0.0,-116.25867066297988,161,0.0,0.0,58582596.41731592,648
Sim590,Sim590,F04,,False,True,0,0.0,-116.25867066297988,231,0.0,0.0,58582596.41731592,648
Sim590,Sim590,F04,,False,True,0,0.0,-116.25867066297988,232,0.0,0.0,58582596.41731592,648
Sim590,Sim590,F04,,False,True,0,0.0,-116.25867066297988,241,0.0,0.0,58582596.41731592,648
Sim590,Sim590,F04,,False,True,1,0.05,-82.98738051401465,11,0.0,0.0,148146810.20378786,617
Sim590,Sim590,F04,,False,True,1,0.05,-82.98738051401465,12,0.0184888586838361,2739065.438318924,148146810.20378786,617
Sim590,Sim590,F04,,False,True,1,0.05,-82.98738051401465,13,0.2115276338907186,31337144.230864614,148146810.20378786,617
Sim590,Sim590,F04,,False,True,1,0.05,-82.98738051401465,14,0.0018099853727539,268143.5594890175,148146810.20378786,617
Sim590,Sim590,F04,,False,True,1,0.05,-82.98738051401465,15,0.0006482727697718,96039.54298367102,148146810.20378786,617
Sim590,Sim590,F04,,False,True,1,0.05,-82.98738051401465,16,0.0,0.0,148146810.20378786,617
Sim590,Sim590,F04,,False,True,1,0.05,-82.98738051401465,21,0.0,0.0,148146810.20378786,617
Sim590,Sim590,F04,,False,True,1,0.05,-82.98738051401465,22,0.0,0.0,148146810.20378786,617
Sim590,Sim590,F04,,False,True,1,0.05,-82.98738051401465,23,0.0983123232218243,14564657.089037051,148146810.20378786,617
Sim590,Sim590,F04,,False,True,1,0.05,-82.98738051401465,24,0.0261763384839967,3877941.0492187743,148146810.20378786,617
Sim590,Sim590,F04,,False,True,1,0.05,-82.98738051401465,25,0.017636545342253,2612797.9354692623,148146810.20378786,617
Sim590,Sim590,F04,,False,True,1,0.05,-82.98738051401465,26,0.0115737669105422,1714616.6498389784,148146810.20378786,617
Sim590,Sim590,F04,,False,True,1,0.05,-82.98738051401465,111,0.0,0.0,148146810.20378786,617
Sim590,Sim590,F04,,False,True,1,0.05,-82.98738051401465,121,0.0,0.0,148146810.20378786,617
Sim590,Sim590,F04,,False,True,1,0.05,-82.98738051401465,131,0.0008799896893883,130367.66549511049,148146810.20378786,617
Sim590,Sim590,F04,,False,True,1,0.05,-82.98738051401465,161,0.0012662127772502,187585.38398890104,148146810.20378786,617
Sim590,Sim590,F04,,False,True,1,0.05,-82.98738051401465,231,0.5912834498864702,87596757.02697182,148146810.20378786,617
Sim590,Sim590,F04,,False,True,1,0.05,-82.98738051401465,232,0.0,0.0,148146810.20378786,617
Sim590,Sim590,F04,,False,True,1,0.05,-82.98738051401465,241,0.0203966229711939,3021694.6321116937,148146810.20378786,617
Sim590,Sim590,F04,,False,True,2,0.1,-101.06774911531728,11,0.0,0.0,71322874.61863323,579
Sim590,Sim590,F04,,False,True,2,0.1,-101.06774911531728,12,0.0012835923792502,91549.49832669612,71322874.61863323,579
Sim590,Sim590,F04,,False,True,2,0.1,-101.06774911531728,13,0.265466933120286,18933864.78633125,71322874.61863323,579
Sim590,Sim590,F04,,False,True,2,0.1,-101.06774911531728,14,0.0117830556780776,840401.4027519096,71322874.61863323,579
Sim590,Sim590,F04,,False,True,2,0.1,-101.06774911531728,15,0.0,0.0,71322874.61863323,579
Sim590,Sim590,F04,,False,True,2,0.1,-101.06774911531728,16,0.0,0.0,71322874.61863323,579
Sim590,Sim590,F04,,False,True,2,0.1,-101.06774911531728,21,0.120839689703213,8618634.037656808,71322874.61863323,579
Sim590,Sim590,F04,,False,True,2,0.1,-101.06774911531728,22,0.00022015187389,15701.86449851984,71322874.61863323,579
Sim590,Sim590,F04,,False,True,2,0.1,-101.06774911531728,23,0.0253823656173886,1810343.2804533169,71322874.61863323,579
Sim590,Sim590,F04,,False,True,2,0.1,-101.06774911531728,24,0.0095623877268381,682016.980896036,71322874.61863323,579
Sim590,Sim590,F04,,False,True,2,0.1,-101.06774911531728,25,0.0,0.0,71322874.61863323,579
Sim590,Sim590,F04,,False,True,2,0.1,-101.06774911531728,26,0.0020714256359968,147740.03091802765,71322874.61863323,579
Sim590,Sim590,F04,,False,True,2,0.1,-101.06774911531728,111,0.0743952227350834,5306081.143359652,71322874.61863323,579
Sim590,Sim590,F04,,False,True,2,0.1,-101.06774911531728,121,0.0,0.0,71322874.61863323,579
Sim590,Sim590,F04,,False,True,2,0.1,-101.06774911531728,131,0.0,0.0,71322874.61863323,579
Sim590,Sim590,F04,,False,True,2,0.1,-101.06774911531728,161,0.0023143982047847,165069.53297745364,71322874.61863323,579
Sim590,Sim590,F04,,False,True,2,0.1,-101.06774911531728,231,0.3586948009116742,25583144.311778948,71322874.61863323,579
Sim590,Sim590,F04,,False,True,2,0.1,-101.06774911531728,232,0.0,0.0,71322874.61863323,579
Sim590,Sim590,F04,,False,True,2,0.1,-101.06774911531728,241,0.1279859764135168,9128327.74868461,71322874.61863323,579
Sim590,Sim590,F04,,False,True,3,0.15,-84.77708793920368,11,0.0,0.0,1315102656.5194137,647
Sim590,Sim590,F04,,False,True,3,0.15,-84.77708793920368,12,0.0,0.0,1315102656.5194137,647
Sim590,Sim590,F04,,False,True,3,0.15,-84.77708793920368,13,0.0119102090206779,15663147.52279501,1315102656.5194137,647
Sim590,Sim590,F04,,False,True,3,0.15,-84.77708793920368,14,0.0004437773921633,583612.8273373176,1315102656.5194137,647
Sim590,Sim590,F04,,False,True,3,0.15,-84.77708793920368,15,0.0,0.0,1315102656.5194137,647
Sim590,Sim590,F04,,False,True,3,0.15,-84.77708793920368,16,0.0,0.0,1315102656.5194137,647
Sim590,Sim590,F04,,False,True,3,0.15,-84.77708793920368,21,0.0,0.0,1315102656.5194137,647
Sim590,Sim590,F04,,False,True,3,0.15,-84.77708793920368,22,0.0,0.0,1315102656.5194137,647
Sim590,Sim590,F04,,False,True,3,0.15,-84.77708793920368,23,0.0028207146898544,3709529.381910958,1315102656.5194137,647
Sim590,Sim590,F04,,False,True,3,0.15,-84.77708793920368,24,0.0018241875256246,2398993.8609385006,1315102656.5194137,647
Sim590,Sim590,F04,,False,True,3,0.15,-84.77708793920368,25,0.0,0.0,1315102656.5194137,647
Sim590,Sim590,F04,,False,True,3,0.15,-84.77708793920368,26,0.0,0.0,1315102656.5194137,647
Sim590,Sim590,F04,,False,True,3,0.15,-84.77708793920368,111,0.0,0.0,1315102656.5194137,647
Sim590,Sim590,F04,,False,True,3,0.15,-84.77708793920368,121,0.0,0.0,1315102656.5194137,647
Sim590,Sim590,F04,,False,True,3,0.15,-84.77708793920368,131,0.0,0.0,1315102656.5194137,647
Sim590,Sim590,F04,,False,True,3,0.15,-84.77708793920368,161,0.0,0.0,1315102656.5194137,647
Sim590,Sim590,F04,,False,True,3,0.15,-84.77708793920368,231,0.9767093892521712,1284473112.4529843,1315102656.5194137,647
Sim590,Sim590,F04,,False,True,3,0.15,-84.77708793920368,232,0.0,0.0,1315102656.5194137,647
Sim590,Sim590,F04,,False,True,3,0.15,-84.77708793920368,241,0.0062917221195082,8274260.473447314,1315102656.5194137,647
Sim590,Sim590,F04,,False,True,4,0.2,-60.91035643402551,11,0.0,0.0,104574911.23394015,648
Sim590,Sim590,F04,,False,True,4,0.2,-60.91035643402551,12,0.0,0.0,104574911.23394015,648
Sim590,Sim590,F04,,False,True,4,0.2,-60.91035643402551,13,0.1253792064751781,13111519.38772361,104574911.23394015,648
Sim590,Sim590,F04,,False,True,4,0.2,-60.91035643402551,14,0.0043038919438184,450079.1179852852,104574911.23394015,648
Sim590,Sim590,F04,,False,True,4,0.2,-60.91035643402551,15,0.0,0.0,104574911.23394015,648
Sim590,Sim590,F04,,False,True,4,0.2,-60.91035643402551,16,0.0,0.0,104574911.23394015,648
Sim590,Sim590,F04,,False,True,4,0.2,-60.91035643402551,21,0.4007643352749218,41909894.78710397,104574911.23394015,648
Sim590,Sim590,F04,,False,True,4,0.2,-60.91035643402551,22,0.0346565188750389,3624202.3850345737,104574911.23394015,648
Sim590,Sim590,F04,,False,True,4,0.2,-60.91035643402551,23,0.0041875440488609,437912.0471978434,104574911.23394015,648
Sim590,Sim590,F04,,False,True,4,0.2,-60.91035643402551,24,0.0009212012541056,96334.539376692,104574911.23394015,648
Sim590,Sim590,F04,,False,True,4,0.2,-60.91035643402551,25,0.0,0.0,104574911.23394015,648
Sim590,Sim590,F04,,False,True,4,0.2,-60.91035643402551,26,0.0,0.0,104574911.23394015,648
Sim590,Sim590,F04,,False,True,4,0.2,-60.91035643402551,111,0.0175682861158713,1837201.961099714,104574911.23394015,648
Sim590,Sim590,F04,,False,True,4,0.2,-60.91035643402551,121,0.0,0.0,104574911.23394015,648
Sim590,Sim590,F04,,False,True,4,0.2,-60.91035643402551,131,0.0,0.0,104574911.23394015,648
Sim590,Sim590,F04,,False,True,4,0.2,-60.91035643402551,161,0.0,0.0,104574911.23394015,648
Sim590,Sim590,F04,,False,True,4,0.2,-60.91035643402551,231,0.2991890736724278,31287670.821458925,104574911.23394015,648
Sim590,Sim590,F04,,False,True,4,0.2,-60.91035643402551,232,0.0,0.0,104574911.23394015,648
Sim590,Sim590,F04,,False,True,4,0.2,-60.91035643402551,241,0.1130299423397767,11820096.186959527,104574911.23394015,648
Sim590,Sim590,F04,,False,True,5,0.25,-90.03387305284357,11,0.0,0.0,58632305.80992855,648
Sim590,Sim590,F04,,False,True,5,0.25,-90.03387305284357,12,0.0,0.0,58632305.80992855,648
Sim590,Sim590,F04,,False,True,5,0.25,-90.03387305284357,13,0.2151750437537884,12616208.96803688,58632305.80992855,648
Sim590,Sim590,F04,,False,True,5,0.25,-90.03387305284357,14,0.0089314533590291,523671.7046737107,58632305.80992855,648
Sim590,Sim590,F04,,False,True,5,0.25,-90.03387305284357,15,0.0,0.0,58632305.80992855,648
Sim590,Sim590,F04,,False,True,5,0.25,-90.03387305284357,16,0.0,0.0,58632305.80992855,648
Sim590,Sim590,F04,,False,True,5,0.25,-90.03387305284357,21,0.0,0.0,58632305.80992855,648
Sim590,Sim590,F04,,False,True,5,0.25,-90.03387305284357,22,0.0,0.0,58632305.80992855,648
Sim590,Sim590,F04,,False,True,5,0.25,-90.03387305284357,23,0.0,0.0,58632305.80992855,648
Sim590,Sim590,F04,,False,True,5,0.25,-90.03387305284357,24,0.0236286384500958,1385401.5554782543,58632305.80992855,648
Sim590,Sim590,F04,,False,True,5,0.25,-90.03387305284357,25,0.0,0.0,58632305.80992855,648
Sim590,Sim590,F04,,False,True,5,0.25,-90.03387305284357,26,0.0,0.0,58632305.80992855,648
Sim590,Sim590,F04,,False,True,5,0.25,-90.03387305284357,111,0.0,0.0,58632305.80992855,648
Sim590,Sim590,F04,,False,True,5,0.25,-90.03387305284357,121,0.0,0.0,58632305.80992855,648
Sim590,Sim590,F04,,False,True,5,0.25,-90.03387305284357,131,0.0,0.0,58632305.80992855,648
Sim590,Sim590,F04,,False,True,5,0.25,-90.03387305284357,161,0.0,0.0,58632305.80992855,648
Sim590,Sim590,F04,,False,True,5,0.25,-90.03387305284357,231,0.5850577554760952,34303285.235544816,58632305.80992855,648
Sim590,Sim590,F04,,False,True,5,0.25,-90.03387305284357,232,0.0,0.0,58632305.80992855,648
Sim590,Sim590,F04,,False,True,5,0.25,-90.03387305284357,241,0.1672071089609914,9803738.346194897,58632305.80992855,648
Sim590,Sim590,F04,,False,True,6,0.3,-84.89615053817018,11,0.0,0.0,58143419.71877721,648
Sim590,Sim590,F04,,False,True,6,0.3,-84.89615053817018,12,0.0,0.0,58143419.71877721,648
Sim590,Sim590,F04,,False,True,6,0.3,-84.89615053817018,13,0.2268428399146274,13189418.451355573,58143419.71877721,648
Sim590,Sim590,F04,,False,True,6,0.3,-84.89615053817018,14,0.084385975655018,4906489.20088823,58143419.71877721,648
Sim590,Sim590,F04,,False,True,6,0.3,-84.89615053817018,15,0.0,0.0,58143419.71877721,648
Sim590,Sim590,F04,,False,True,6,0.3,-84.89615053817018,16,0.0,0.0,58143419.71877721,648
Sim590,Sim590,F04,,False,True,6,0.3,-84.89615053817018,21,0.0046632797949696,271139.0343850127,58143419.71877721,648
Sim590,Sim590,F04,,False,True,6,0.3,-84.89615053817018,22,0.0,0.0,58143419.71877721,648
Sim590,Sim590,F04,,False,True,6,0.3,-84.89615053817018,23,0.1116167140977127,6489777.45541407,58143419.71877721,648
Sim590,Sim590,F04,,False,True,6,0.3,-84.89615053817018,24,0.0,0.0,58143419.71877721,648
Sim590,Sim590,F04,,False,True,6,0.3,-84.89615053817018,25,0.0,0.0,58143419.71877721,648
Sim590,Sim590,F04,,False,True,6,0.3,-84.89615053817018,26,0.0,0.0,58143419.71877721,648
Sim590,Sim590,F04,,False,True,6,0.3,-84.89615053817018,111,0.0,0.0,58143419.71877721,648
Sim590,Sim590,F04,,False,True,6,0.3,-84.89615053817018,121,0.0,0.0,58143419.71877721,648
Sim590,Sim590,F04,,False,True,6,0.3,-84.89615053817018,131,0.0190503111344041,1107650.2360609537,58143419.71877721,648
Sim590,Sim590,F04,,False,True,6,0.3,-84.89615053817018,161,0.0,0.0,58143419.71877721,648
Sim590,Sim590,F04,,False,True,6,0.3,-84.89615053817018,231,0.3886470871645111,22597270.71148636,58143419.71877721,648
Sim590,Sim590,F04,,False,True,6,0.3,-84.89615053817018,232,0.0,0.0,58143419.71877721,648
Sim590,Sim590,F04,,False,True,6,0.3,-84.89615053817018,241,0.1647937922387569,9581674.629187012,58143419.71877721,648
Sim590,Sim590,F04,,False,True,7,0.35,-79.05196907182584,11,0.0,0.0,58231214.22010927,648
Sim590,Sim590,F04,,False,True,7,0.35,-79.05196907182584,12,0.0,0.0,58231214.22010927,648
Sim590,Sim590,F04,,False,True,7,0.35,-79.05196907182584,13,0.1083676021155287,6310377.053308923,58231214.22010927,648
Sim590,Sim590,F04,,False,True,7,0.35,-79.05196907182584,14,0.0855101978878607,4979362.651211955,58231214.22010927,648
Sim590,Sim590,F04,,False,True,7,0.35,-79.05196907182584,15,0.0,0.0,58231214.22010927,648
Sim590,Sim590,F04,,False,True,7,0.35,-79.05196907182584,16,0.0,0.0,58231214.22010927,648
Sim590,Sim590,F04,,False,True,7,0.35,-79.05196907182584,21,0.0,0.0,58231214.22010927,648
Sim590,Sim590,F04,,False,True,7,0.35,-79.05196907182584,22,0.0,0.0,58231214.22010927,648
Sim590,Sim590,F04,,False,True,7,0.35,-79.05196907182584,23,0.0405406398779462,2360730.685352993,58231214.22010927,648
Sim590,Sim590,F04,,False,True,7,0.35,-79.05196907182584,24,0.3654478201588548,21280470.301942244,58231214.22010927,648
Sim590,Sim590,F04,,False,True,7,0.35,-79.05196907182584,25,0.0,0.0,58231214.22010927,648
Sim590,Sim590,F04,,False,True,7,0.35,-79.05196907182584,26,0.0135726619053482,790352.582947453,58231214.22010927,648
Sim590,Sim590,F04,,False,True,7,0.35,-79.05196907182584,111,0.0,0.0,58231214.22010927,648
Sim590,Sim590,F04,,False,True,7,0.35,-79.05196907182584,121,0.0,0.0,58231214.22010927,648
Sim590,Sim590,F04,,False,True,7,0.35,-79.05196907182584,131,0.0,0.0,58231214.22010927,648
Sim590,Sim590,F04,,False,True,7,0.35,-79.05196907182584,161,0.0648800351461211,3778043.2252019984,58231214.22010927,648
Sim590,Sim590,F04,,False,True,7,0.35,-79.05196907182584,231,0.1220389455570725,7106475.981930141,58231214.22010927,648
Sim590,Sim590,F04,,False,True,7,0.35,-79.05196907182584,232,0.0,0.0,58231214.22010927,648
Sim590,Sim590,F04,,False,True,7,0.35,-79.05196907182584,241,0.1996420973512674,11625401.738213563,58231214.22010927,648
Sim590,Sim590,F04,,False,True,8,0.4,-72.83446312108681,11,0.0,0.0,58236011.2493951,648
Sim590,Sim590,F04,,False,True,8,0.4,-72.83446312108681,12,0.0,0.0,58236011.2493951,648
Sim590,Sim590,F04,,False,True,8,0.4,-72.83446312108681,13,0.1205120928254006,7018143.593468176,58236011.2493951,648
Sim590,Sim590,F04,,False,True,8,0.4,-72.83446312108681,14,0.1339375551947105,7799988.97103564,58236011.2493951,648
Sim590,Sim590,F04,,False,True,8,0.4,-72.83446312108681,15,0.0,0.0,58236011.2493951,648
Sim590,Sim590,F04,,False,True,8,0.4,-72.83446312108681,16,0.0,0.0,58236011.2493951,648
Sim590,Sim590,F04,,False,True,8,0.4,-72.83446312108681,21,0.0,0.0,58236011.2493951,648
Sim590,Sim590,F04,,False,True,8,0.4,-72.83446312108681,22,0.0,0.0,58236011.2493951,648
Sim590,Sim590,F04,,False,True,8,0.4,-72.83446312108681,23,0.0,0.0,58236011.2493951,648
Sim590,Sim590,F04,,False,True,8,0.4,-72.83446312108681,24,0.0,0.0,58236011.2493951,648
Sim590,Sim590,F04,,False,True,8,0.4,-72.83446312108681,25,0.0,0.0,58236011.2493951,648
Sim590,Sim590,F04,,False,True,8,0.4,-72.83446312108681,26,0.0,0.0,58236011.2493951,648
Sim590,Sim590,F04,,False,True,8,0.4,-72.83446312108681,111,0.0,0.0,58236011.2493951,648
Sim590,Sim590,F04,,False,True,8,0.4,-72.83446312108681,121,0.0,0.0,58236011.2493951,648
Sim590,Sim590,F04,,False,True,8,0.4,-72.83446312108681,131,0.1770823559439648,10312570.072822122,58236011.2493951,648
Sim590,Sim590,F04,,False,True,8,0.4,-72.83446312108681,161,0.0,0.0,58236011.2493951,648
Sim590,Sim590,F04,,False,True,8,0.4,-72.83446312108681,231,0.0071027670505771,413636.8218592463,58236011.2493951,648
Sim590,Sim590,F04,,False,True,8,0.4,-72.83446312108681,232,0.0,0.0,58236011.2493951,648
Sim590,Sim590,F04,,False,True,8,0.4,-72.83446312108681,241,0.5613652289853469,32691671.79020992,58236011.2493951,648
Sim590,Sim590,F04,,False,True,9,0.45,-66.52507981240348,11,0.0,0.0,58299650.54847783,648
Sim590,Sim590,F04,,False,True,9,0.45,-66.52507981240348,12,0.0,0.0,58299650.54847783,648
Sim590,Sim590,F04,,False,True,9,0.45,-66.52507981240348,13,0.1725351298959199,10058737.78026836,58299650.54847783,648
Sim590,Sim590,F04,,False,True,9,0.45,-66.52507981240348,14,0.1507953800388512,8791317.960589938,58299650.54847783,648
Sim590,Sim590,F04,,False,True,9,0.45,-66.52507981240348,15,0.0,0.0,58299650.54847783,648
Sim590,Sim590,F04,,False,True,9,0.45,-66.52507981240348,16,0.0,0.0,58299650.54847783,648
Sim590,Sim590,F04,,False,True,9,0.45,-66.52507981240348,21,0.0,0.0,58299650.54847783,648
Sim590,Sim590,F04,,False,True,9,0.45,-66.52507981240348,22,0.0,0.0,58299650.54847783,648
Sim590,Sim590,F04,,False,True,9,0.45,-66.52507981240348,23,0.0079910342540656,465874.5045329424,58299650.54847783,648
Sim590,Sim590,F04,,False,True,9,0.45,-66.52507981240348,24,0.0,0.0,58299650.54847783,648
Sim590,Sim590,F04,,False,True,9,0.45,-66.52507981240348,25,0.0,0.0,58299650.54847783,648
Sim590,Sim590,F04,,False,True,9,0.45,-66.52507981240348,26,0.0,0.0,58299650.54847783,648
Sim590,Sim590,F04,,False,True,9,0.45,-66.52507981240348,111,0.0,0.0,58299650.54847783,648
Sim590,Sim590,F04,,False,True,9,0.45,-66.52507981240348,121,0.0,0.0,58299650.54847783,648
Sim590,Sim590,F04,,False,True,9,0.45,-66.52507981240348,131,0.007864222601161,458481.4294831292,58299650.54847783,648
Sim590,Sim590,F04,,False,True,9,0.45,-66.52507981240348,161,0.0012188751767706,71059.99686794211,58299650.54847783,648
Sim590,Sim590,F04,,False,True,9,0.45,-66.52507981240348,231,0.201705445352336,11759356.977766285,58299650.54847783,648
Sim590,Sim590,F04,,False,True,9,0.45,-66.52507981240348,232,0.0,0.0,58299650.54847783,648
Sim590,Sim590,F04,,False,True,9,0.45,-66.52507981240348,241,0.4578899126808954,26694821.89896923,58299650.54847783,648
Sim590,Sim590,F04,,False,True,10,0.5,-60.27752282993541,11,0.0,0.0,58317787.07569789,648
Sim590,Sim590,F04,,False,True,10,0.5,-60.27752282993541,12,0.0,0.0,58317787.07569789,648
Sim590,Sim590,F04,,False,True,10,0.5,-60.27752282993541,13,0.214351004709104,12500476.252087442,58317787.07569789,648
Sim590,Sim590,F04,,False,True,10,0.5,-60.27752282993541,14,0.0678224617556783,3955255.88361731,58317787.07569789,648
Sim590,Sim590,F04,,False,True,10,0.5,-60.27752282993541,15,0.0,0.0,58317787.07569789,648
Sim590,Sim590,F04,,False,True,10,0.5,-60.27752282993541,16,0.0,0.0,58317787.07569789,648
Sim590,Sim590,F04,,False,True,10,0.5,-60.27752282993541,21,0.0,0.0,58317787.07569789,648
Sim590,Sim590,F04,,False,True,10,0.5,-60.27752282993541,22,0.0,0.0,58317787.07569789,648
Sim590,Sim590,F04,,False,True,10,0.5,-60.27752282993541,23,0.0,0.0,58317787.07569789,648
Sim590,Sim590,F04,,False,True,10,0.5,-60.27752282993541,24,0.0,0.0,58317787.07569789,648
Sim590,Sim590,F04,,False,True,10,0.5,-60.27752282993541,25,0.0,0.0,58317787.07569789,648
Sim590,Sim590,F04,,False,True,10,0.5,-60.27752282993541,26,0.0,0.0,58317787.07569789,648
Sim590,Sim590,F04,,False,True,10,0.5,-60.27752282993541,111,0.0,0.0,58317787.07569789,648
Sim590,Sim590,F04,,False,True,10,0.5,-60.27752282993541,121,0.0,0.0,58317787.07569789,648
Sim590,Sim590,F04,,False,True,10,0.5,-60.27752282993541,131,0.1232728547242551,7189000.094022552,58317787.07569789,648
Sim590,Sim590,F04,,False,True,10,0.5,-60.27752282993541,161,0.0,0.0,58317787.07569789,648
Sim590,Sim590,F04,,False,True,10,0.5,-60.27752282993541,231,0.1004062309175852,5855469.195725088,58317787.07569789,648
Sim590,Sim590,F04,,False,True,10,0.5,-60.27752282993541,232,0.0,0.0,58317787.07569789,648
Sim590,Sim590,F04,,False,True,10,0.5,-60.27752282993541,241,0.4941474478933773,28817585.65024549,58317787.07569789,648
Sim590,Sim590,F04,,False,True,11,0.55,-54.26789931584545,11,0.0,0.0,58341478.32574407,648
Sim590,Sim590,F04,,False,True,11,0.55,-54.26789931584545,12,0.0,0.0,58341478.32574407,648
Sim590,Sim590,F04,,False,True,11,0.55,-54.26789931584545,13,0.2616752995375099,15266523.81635022,58341478.32574407,648
Sim590,Sim590,F04,,False,True,11,0.55,-54.26789931584545,14,0.0051963861730112,303164.8512849323,58341478.32574407,648
Sim590,Sim590,F04,,False,True,11,0.55,-54.26789931584545,15,0.0,0.0,58341478.32574407,648
Sim590,Sim590,F04,,False,True,11,0.55,-54.26789931584545,16,0.0,0.0,58341478.32574407,648
Sim590,Sim590,F04,,False,True,11,0.55,-54.26789931584545,21,0.0,0.0,58341478.32574407,648
Sim590,Sim590,F04,,False,True,11,0.55,-54.26789931584545,22,0.0,0.0,58341478.32574407,648
Sim590,Sim590,F04,,False,True,11,0.55,-54.26789931584545,23,0.0260503661753554,1519816.8735971951,58341478.32574407,648
Sim590,Sim590,F04,,False,True,11,0.55,-54.26789931584545,24,0.0,0.0,58341478.32574407,648
Sim590,Sim590,F04,,False,True,11,0.55,-54.26789931584545,25,0.0,0.0,58341478.32574407,648
Sim590,Sim590,F04,,False,True,11,0.55,-54.26789931584545,26,0.0,0.0,58341478.32574407,648
Sim590,Sim590,F04,,False,True,11,0.55,-54.26789931584545,111,0.0,0.0,58341478.32574407,648
Sim590,Sim590,F04,,False,True,11,0.55,-54.26789931584545,121,0.0,0.0,58341478.32574407,648
Sim590,Sim590,F04,,False,True,11,0.55,-54.26789931584545,131,0.0409984232686508,2391908.622517674,58341478.32574407,648
Sim590,Sim590,F04,,False,True,11,0.55,-54.26789931584545,161,0.0,0.0,58341478.32574407,648
Sim590,Sim590,F04,,False,True,11,0.55,-54.26789931584545,231,0.1948371316409829,11367086.292682547,58341478.32574407,648
Sim590,Sim590,F04,,False,True,11,0.55,-54.26789931584545,232,0.0,0.0,58341478.32574407,648
Sim590,Sim590,F04,,False,True,11,0.55,-54.26789931584545,241,0.4712423932044897,27492977.869311504,58341478.32574407,648
Sim590,Sim590,F04,,False,True,12,0.6,-48.45907972122023,11,0.0,0.0,58298711.29098456,648
Sim590,Sim590,F04,,False,True,12,0.6,-48.45907972122023,12,0.0,0.0,58298711.29098456,648
Sim590,Sim590,F04,,False,True,12,0.6,-48.45907972122023,13,0.2296200950697014,13386555.62907695,58298711.29098456,648
Sim590,Sim590,F04,,False,True,12,0.6,-48.45907972122023,14,0.0464742186189142,2709387.053738184,58298711.29098456,648
Sim590,Sim590,F04,,False,True,12,0.6,-48.45907972122023,15,0.0,0.0,58298711.29098456,648
Sim590,Sim590,F04,,False,True,12,0.6,-48.45907972122023,16,0.0,0.0,58298711.29098456,648
Sim590,Sim590,F04,,False,True,12,0.6,-48.45907972122023,21,0.0,0.0,58298711.29098456,648
Sim590,Sim590,F04,,False,True,12,0.6,-48.45907972122023,22,0.0,0.0,58298711.29098456,648
Sim590,Sim590,F04,,False,True,12,0.6,-48.45907972122023,23,0.0134349633351139,783241.0486787736,58298711.29098456,648
Sim590,Sim590,F04,,False,True,12,0.6,-48.45907972122023,24,0.0,0.0,58298711.29098456,648
Sim590,Sim590,F04,,False,True,12,0.6,-48.45907972122023,25,0.0,0.0,58298711.29098456,648
Sim590,Sim590,F04,,False,True,12,0.6,-48.45907972122023,26,0.0,0.0,58298711.29098456,648
Sim590,Sim590,F04,,False,True,12,0.6,-48.45907972122023,111,0.0,0.0,58298711.29098456,648
Sim590,Sim590,F04,,False,True,12,0.6,-48.45907972122023,121,0.0,0.0,58298711.29098456,648
Sim590,Sim590,F04,,False,True,12,0.6,-48.45907972122023,131,0.0098547828487525,574521.1401347693,58298711.29098456,648
Sim590,Sim590,F04,,False,True,12,0.6,-48.45907972122023,161,0.0014685754502316,85616.05618208498,58298711.29098456,648
Sim590,Sim590,F04,,False,True,12,0.6,-48.45907972122023,231,0.1602534785505606,9342571.279395118,58298711.29098456,648
Sim590,Sim590,F04,,False,True,12,0.6,-48.45907972122023,232,0.0,0.0,58298711.29098456,648
Sim590,Sim590,F04,,False,True,12,0.6,-48.45907972122023,241,0.5388938861267255,31416819.08377868,58298711.29098456,648
Sim590,Sim590,F04,,False,True,13,0.65,-42.65565510224253,11,0.0,0.0,60023986.97906175,621
Sim590,Sim590,F04,,False,True,13,0.65,-42.65565510224253,12,0.0,0.0,60023986.97906175,621
Sim590,Sim590,F04,,False,True,13,0.65,-42.65565510224253,13,0.124494137912696,7472634.513041185,60023986.97906175,621
Sim590,Sim590,F04,,False,True,13,0.65,-42.65565510224253,14,0.0,0.0,60023986.97906175,621
Sim590,Sim590,F04,,False,True,13,0.65,-42.65565510224253,15,0.0,0.0,60023986.97906175,621
Sim590,Sim590,F04,,False,True,13,0.65,-42.65565510224253,16,0.0,0.0,60023986.97906175,621
Sim590,Sim590,F04,,False,True,13,0.65,-42.65565510224253,21,0.0012569713726631,75448.43330578417,60023986.97906175,621
Sim590,Sim590,F04,,False,True,13,0.65,-42.65565510224253,22,0.0449188887867637,2696210.795650631,60023986.97906175,621
Sim590,Sim590,F04,,False,True,13,0.65,-42.65565510224253,23,0.0,0.0,60023986.97906175,621
Sim590,Sim590,F04,,False,True,13,0.65,-42.65565510224253,24,0.0,0.0,60023986.97906175,621
Sim590,Sim590,F04,,False,True,13,0.65,-42.65565510224253,25,0.0,0.0,60023986.97906175,621
Sim590,Sim590,F04,,False,True,13,0.65,-42.65565510224253,26,0.0,0.0,60023986.97906175,621
Sim590,Sim590,F04,,False,True,13,0.65,-42.65565510224253,111,0.3381787414804934,20298836.375220627,60023986.97906175,621
Sim590,Sim590,F04,,False,True,13,0.65,-42.65565510224253,121,0.0029738862035377,178504.50675836226,60023986.97906175,621
Sim590,Sim590,F04,,False,True,13,0.65,-42.65565510224253,131,0.0105467834754845,633059.994003471,60023986.97906175,621
Sim590,Sim590,F04,,False,True,13,0.65,-42.65565510224253,161,0.0,0.0,60023986.97906175,621
Sim590,Sim590,F04,,False,True,13,0.65,-42.65565510224253,231,0.1175371182356175,7055046.454531152,60023986.97906175,621
Sim590,Sim590,F04,,False,True,13,0.65,-42.65565510224253,232,0.1059565219500324,6359932.893875419,60023986.97906175,621
Sim590,Sim590,F04,,False,True,13,0.65,-42.65565510224253,241,0.2541369505827113,15254313.01267512,60023986.97906175,621
Sim590,Sim590,F04,,False,True,14,0.7,-38.63352730068063,11,0.0,0.0,57790296.70108527,643
Sim590,Sim590,F04,,False,True,14,0.7,-38.63352730068063,12,0.0,0.0,57790296.70108527,643
Sim590,Sim590,F04,,False,True,14,0.7,-38.63352730068063,13,0.5951130414465303,34391759.23588024,57790296.70108527,643
Sim590,Sim590,F04,,False,True,14,0.7,-38.63352730068063,14,0.0,0.0,57790296.70108527,643
Sim590,Sim590,F04,,False,True,14,0.7,-38.63352730068063,15,0.0,0.0,57790296.70108527,643
Sim590,Sim590,F04,,False,True,14,0.7,-38.63352730068063,16,0.0,0.0,57790296.70108527,643
Sim590,Sim590,F04,,False,True,14,0.7,-38.63352730068063,21,0.0,0.0,57790296.70108527,643
Sim590,Sim590,F04,,False,True,14,0.7,-38.63352730068063,22,0.0,0.0,57790296.70108527,643
Sim590,Sim590,F04,,False,True,14,0.7,-38.63352730068063,23,0.0366235513901902,2116485.901086537,57790296.70108527,643
Sim590,Sim590,F04,,False,True,14,0.7,-38.63352730068063,24,0.0,0.0,57790296.70108527,643
Sim590,Sim590,F04,,False,True,14,0.7,-38.63352730068063,25,0.0,0.0,57790296.70108527,643
Sim590,Sim590,F04,,False,True,14,0.7,-38.63352730068063,26,0.0,0.0,57790296.70108527,643
Sim590,Sim590,F04,,False,True,14,0.7,-38.63352730068063,111,0.0378073378547965,2184897.2721068654,57790296.70108527,643
Sim590,Sim590,F04,,False,True,14,0.7,-38.63352730068063,121,0.0,0.0,57790296.70108527,643
Sim590,Sim590,F04,,False,True,14,0.7,-38.63352730068063,131,0.0,0.0,57790296.70108527,643
Sim590,Sim590,F04,,False,True,14,0.7,-38.63352730068063,161,0.0,0.0,57790296.70108527,643
Sim590,Sim590,F04,,False,True,14,0.7,-38.63352730068063,231,0.2031677397478833,11741123.960119052,57790296.70108527,643
Sim590,Sim590,F04,,False,True,14,0.7,-38.63352730068063,232,0.0,0.0,57790296.70108527,643
Sim590,Sim590,F04,,False,True,14,0.7,-38.63352730068063,241,0.1272883295605995,7356030.331892569,57790296.70108527,643
Sim590,Sim590,F04,,False,True,15,0.75,-33.4812653172465,11,0.0,0.0,58307044.78743706,603
Sim590,Sim590,F04,,False,True,15,0.75,-33.4812653172465,12,0.0,0.0,58307044.78743706,603
Sim590,Sim590,F04,,False,True,15,0.75,-33.4812653172465,13,0.3261372458585246,19016099.001124367,58307044.78743706,603
Sim590,Sim590,F04,,False,True,15,0.75,-33.4812653172465,14,0.0,0.0,58307044.78743706,603
Sim590,Sim590,F04,,False,True,15,0.75,-33.4812653172465,15,0.0,0.0,58307044.78743706,603
Sim590,Sim590,F04,,False,True,15,0.75,-33.4812653172465,16,0.0,0.0,58307044.78743706,603
Sim590,Sim590,F04,,False,True,15,0.75,-33.4812653172465,21,0.0215198322877031,1254757.8250172432,58307044.78743706,603
Sim590,Sim590,F04,,False,True,15,0.75,-33.4812653172465,22,0.0045751983481778,266766.29499861266,58307044.78743706,603
Sim590,Sim590,F04,,False,True,15,0.75,-33.4812653172465,23,0.0156763234764867,914040.0950458643,58307044.78743706,603
Sim590,Sim590,F04,,False,True,15,0.75,-33.4812653172465,24,0.0,0.0,58307044.78743706,603
Sim590,Sim590,F04,,False,True,15,0.75,-33.4812653172465,25,0.0,0.0,58307044.78743706,603
Sim590,Sim590,F04,,False,True,15,0.75,-33.4812653172465,26,0.0,0.0,58307044.78743706,603
Sim590,Sim590,F04,,False,True,15,0.75,-33.4812653172465,111,0.1679094669044457,9790304.807032196,58307044.78743706,603
Sim590,Sim590,F04,,False,True,15,0.75,-33.4812653172465,121,0.0,0.0,58307044.78743706,603
Sim590,Sim590,F04,,False,True,15,0.75,-33.4812653172465,131,0.0,0.0,58307044.78743706,603
Sim590,Sim590,F04,,False,True,15,0.75,-33.4812653172465,161,0.0,0.0,58307044.78743706,603
Sim590,Sim590,F04,,False,True,15,0.75,-33.4812653172465,231,0.1814872893311444,10581987.507381586,58307044.78743706,603
Sim590,Sim590,F04,,False,True,15,0.75,-33.4812653172465,232,0.0,0.0,58307044.78743706,603
Sim590,Sim590,F04,,False,True,15,0.75,-33.4812653172465,241,0.2826946437935174,16483089.256837184,58307044.78743706,603
Sim590,Sim590,F04,,False,True,16,0.8,-28.74191501433401,11,0.0,0.0,57869476.03427787,644
Sim590,Sim590,F04,,False,True,16,0.8,-28.74191501433401,12,0.1006309993898186,5823463.207494542,57869476.03427787,644
Sim590,Sim590,F04,,False,True,16,0.8,-28.74191501433401,13,0.3147850271036535,18216444.581924383,57869476.03427787,644
Sim590,Sim590,F04,,False,True,16,0.8,-28.74191501433401,14,0.0,0.0,57869476.03427787,644
Sim590,Sim590,F04,,False,True,16,0.8,-28.74191501433401,15,0.0,0.0,57869476.03427787,644
Sim590,Sim590,F04,,False,True,16,0.8,-28.74191501433401,16,0.0,0.0,57869476.03427787,644
Sim590,Sim590,F04,,False,True,16,0.8,-28.74191501433401,21,0.0,0.0,57869476.03427787,644
Sim590,Sim590,F04,,False,True,16,0.8,-28.74191501433401,22,0.0,0.0,57869476.03427787,644
Sim590,Sim590,F04,,False,True,16,0.8,-28.74191501433401,23,0.4175982357067185,24166191.09318667,57869476.03427787,644
Sim590,Sim590,F04,,False,True,16,0.8,-28.74191501433401,24,0.0,0.0,57869476.03427787,644
Sim590,Sim590,F04,,False,True,16,0.8,-28.74191501433401,25,0.0,0.0,57869476.03427787,644
Sim590,Sim590,F04,,False,True,16,0.8,-28.74191501433401,26,0.0,0.0,57869476.03427787,644
Sim590,Sim590,F04,,False,True,16,0.8,-28.74191501433401,111,0.0,0.0,57869476.03427787,644
Sim590,Sim590,F04,,False,True,16,0.8,-28.74191501433401,121,0.0,0.0,57869476.03427787,644
Sim590,Sim590,F04,,False,True,16,0.8,-28.74191501433401,131,0.0,0.0,57869476.03427787,644
Sim590,Sim590,F04,,False,True,16,0.8,-28.74191501433401,161,0.0,0.0,57869476.03427787,644
Sim590,Sim590,F04,,False,True,16,0.8,-28.74191501433401,231,0.0429845529638537,2487493.5575858844,57869476.03427787,644
Sim590,Sim590,F04,,False,True,16,0.8,-28.74191501433401,232,0.0,0.0,57869476.03427787,644
Sim590,Sim590,F04,,False,True,16,0.8,-28.74191501433401,241,0.1240011848359556,7175883.594086396,57869476.03427787,644
Sim590,Sim590,F04,,False,True,17,0.85,-23.55566202928192,11,0.1144636078912487,6770023.524465908,59145641.56406875,618
Sim590,Sim590,F04,,False,True,17,0.85,-23.55566202928192,12,0.0440121091062939,2603124.429679548,59145641.56406875,618
Sim590,Sim590,F04,,False,True,17,0.85,-23.55566202928192,13,0.0821153450289877,4856764.763994341,59145641.56406875,618
Sim590,Sim590,F04,,False,True,17,0.85,-23.55566202928192,14,0.0,0.0,59145641.56406875,618
Sim590,Sim590,F04,,False,True,17,0.85,-23.55566202928192,15,0.0,0.0,59145641.56406875,618
Sim590,Sim590,F04,,False,True,17,0.85,-23.55566202928192,16,0.0,0.0,59145641.56406875,618
Sim590,Sim590,F04,,False,True,17,0.85,-23.55566202928192,21,0.0617678881214828,3653301.3710027263,59145641.56406875,618
Sim590,Sim590,F04,,False,True,17,0.85,-23.55566202928192,22,0.0,0.0,59145641.56406875,618
Sim590,Sim590,F04,,False,True,17,0.85,-23.55566202928192,23,0.25227444787019,14920934.069503604,59145641.56406875,618
Sim590,Sim590,F04,,False,True,17,0.85,-23.55566202928192,24,0.0,0.0,59145641.56406875,618
Sim590,Sim590,F04,,False,True,17,0.85,-23.55566202928192,25,0.0,0.0,59145641.56406875,618
Sim590,Sim590,F04,,False,True,17,0.85,-23.55566202928192,26,0.0,0.0,59145641.56406875,618
Sim590,Sim590,F04,,False,True,17,0.85,-23.55566202928192,111,0.1030206510028452,6093222.497911306,59145641.56406875,618
Sim590,Sim590,F04,,False,True,17,0.85,-23.55566202928192,121,0.0,0.0,59145641.56406875,618
Sim590,Sim590,F04,,False,True,17,0.85,-23.55566202928192,131,0.0,0.0,59145641.56406875,618
Sim590,Sim590,F04,,False,True,17,0.85,-23.55566202928192,161,0.0,0.0,59145641.56406875,618
Sim590,Sim590,F04,,False,True,17,0.85,-23.55566202928192,231,0.2168298225585394,12824538.965448,59145641.56406875,618
Sim590,Sim590,F04,,False,True,17,0.85,-23.55566202928192,232,0.0209019685684287,1236260.3409317206,59145641.56406875,618
Sim590,Sim590,F04,,False,True,17,0.85,-23.55566202928192,241,0.1046141598519832,6187471.60113159,59145641.56406875,618
Sim590,Sim590,F04,,False,True,18,0.9,-18.37045748285618,11,0.0,0.0,58324336.339550346,648
Sim590,Sim590,F04,,False,True,18,0.9,-18.37045748285618,12,0.080264999532366,4681402.829019567,58324336.339550346,648
Sim590,Sim590,F04,,False,True,18,0.9,-18.37045748285618,13,0.111828158315869,6522303.117847228,58324336.339550346,648
Sim590,Sim590,F04,,False,True,18,0.9,-18.37045748285618,14,0.0,0.0,58324336.339550346,648
Sim590,Sim590,F04,,False,True,18,0.9,-18.37045748285618,15,0.0,0.0,58324336.339550346,648
Sim590,Sim590,F04,,False,True,18,0.9,-18.37045748285618,16,0.0,0.0,58324336.339550346,648
Sim590,Sim590,F04,,False,True,18,0.9,-18.37045748285618,21,0.0,0.0,58324336.339550346,648
Sim590,Sim590,F04,,False,True,18,0.9,-18.37045748285618,22,0.0,0.0,58324336.339550346,648
Sim590,Sim590,F04,,False,True,18,0.9,-18.37045748285618,23,0.7782869331553814,45393068.85803161,58324336.339550346,648
Sim590,Sim590,F04,,False,True,18,0.9,-18.37045748285618,24,0.0,0.0,58324336.339550346,648
Sim590,Sim590,F04,,False,True,18,0.9,-18.37045748285618,25,0.0,0.0,58324336.339550346,648
Sim590,Sim590,F04,,False,True,18,0.9,-18.37045748285618,26,0.0,0.0,58324336.339550346,648
Sim590,Sim590,F04,,False,True,18,0.9,-18.37045748285618,111,0.0,0.0,58324336.339550346,648
Sim590,Sim590,F04,,False,True,18,0.9,-18.37045748285618,121,0.0,0.0,58324336.339550346,648
Sim590,Sim590,F04,,False,True,18,0.9,-18.37045748285618,131,0.0,0.0,58324336.339550346,648
Sim590,Sim590,F04,,False,True,18,0.9,-18.37045748285618,161,0.0,0.0,58324336.339550346,648
Sim590,Sim590,F04,,False,True,18,0.9,-18.37045748285618,231,0.0047840730371267,279027.88489035296,58324336.339550346,648
Sim590,Sim590,F04,,False,True,18,0.9,-18.37045748285618,232,0.0,0.0,58324336.339550346,648
Sim590,Sim590,F04,,False,True,18,0.9,-18.37045748285618,241,0.0248358359592567,1448533.6497615904,58324336.339550346,648
Sim590,Sim590,F04,,False,True,19,0.95,-12.815328893862247,11,0.0275267866546396,1629179.6813509515,59185247.51149459,645
Sim590,Sim590,F04,,False,True,19,0.95,-12.815328893862247,12,0.0,0.0,59185247.51149459,645
Sim590,Sim590,F04,,False,True,19,0.95,-12.815328893862247,13,0.0823192600739893,4872085.782442152,59185247.51149459,645
Sim590,Sim590,F04,,False,True,19,0.95,-12.815328893862247,14,0.0,0.0,59185247.51149459,645
Sim590,Sim590,F04,,False,True,19,0.95,-12.815328893862247,15,0.0,0.0,59185247.51149459,645
Sim590,Sim590,F04,,False,True,19,0.95,-12.815328893862247,16,0.0,0.0,59185247.51149459,645
Sim590,Sim590,F04,,False,True,19,0.95,-12.815328893862247,21,0.1719129059656101,10174707.889994929,59185247.51149459,645
Sim590,Sim590,F04,,False,True,19,0.95,-12.815328893862247,22,0.0072830465442908,431048.91236159066,59185247.51149459,645
Sim590,Sim590,F04,,False,True,19,0.95,-12.815328893862247,23,0.1572654453667283,9307794.309035243,59185247.51149459,645
Sim590,Sim590,F04,,False,True,19,0.95,-12.815328893862247,24,0.0,0.0,59185247.51149459,645
Sim590,Sim590,F04,,False,True,19,0.95,-12.815328893862247,25,0.0,0.0,59185247.51149459,645
Sim590,Sim590,F04,,False,True,19,0.95,-12.815328893862247,26,0.0,0.0,59185247.51149459,645
Sim590,Sim590,F04,,False,True,19,0.95,-12.815328893862247,111,0.1189292832873599,7038859.067727057,59185247.51149459,645
Sim590,Sim590,F04,,False,True,19,0.95,-12.815328893862247,121,0.0,0.0,59185247.51149459,645
Sim590,Sim590,F04,,False,True,19,0.95,-12.815328893862247,131,0.0,0.0,59185247.51149459,645
Sim590,Sim590,F04,,False,True,19,0.95,-12.815328893862247,161,0.0,0.0,59185247.51149459,645
Sim590,Sim590,F04,,False,True,19,0.95,-12.815328893862247,231,0.2584739322571565,15297843.655909097,59185247.51149459,645
Sim590,Sim590,F04,,False,True,19,0.95,-12.815328893862247,232,0.1640299607414551,9708153.825783763,59185247.51149459,645
Sim590,Sim590,F04,,False,True,19,0.95,-12.815328893862247,241,0.0122593791087701,725574.3868898088,59185247.51149459,645
Sim590,Sim590,F04,,False,True,20,1.0,-7.661811802752259,11,0.0,0.0,58322864.59713721,648
Sim590,Sim590,F04,,False,True,20,1.0,-7.661811802752259,12,0.0341327162589074,1990717.7887007624,58322864.59713721,648
Sim590,Sim590,F04,,False,True,20,1.0,-7.661811802752259,13,0.1064885379244571,6210716.578515225,58322864.59713721,648
Sim590,Sim590,F04,,False,True,20,1.0,-7.661811802752259,14,0.0,0.0,58322864.59713721,648
Sim590,Sim590,F04,,False,True,20,1.0,-7.661811802752259,15,0.0,0.0,58322864.59713721,648
Sim590,Sim590,F04,,False,True,20,1.0,-7.661811802752259,16,0.0,0.0,58322864.59713721,648
Sim590,Sim590,F04,,False,True,20,1.0,-7.661811802752259,21,0.0,0.0,58322864.59713721,648
Sim590,Sim590,F04,,False,True,20,1.0,-7.661811802752259,22,0.0,0.0,58322864.59713721,648
Sim590,Sim590,F04,,False,True,20,1.0,-7.661811802752259,23,0.8066755148792197,47047626.82812668,58322864.59713721,648
Sim590,Sim590,F04,,False,True,20,1.0,-7.661811802752259,24,0.0,0.0,58322864.59713721,648
Sim590,Sim590,F04,,False,True,20,1.0,-7.661811802752259,25,0.0,0.0,58322864.59713721,648
Sim590,Sim590,F04,,False,True,20,1.0,-7.661811802752259,26,0.0,0.0,58322864.59713721,648
Sim590,Sim590,F04,,False,True,20,1.0,-7.661811802752259,111,0.0,0.0,58322864.59713721,648
Sim590,Sim590,F04,,False,True,20,1.0,-7.661811802752259,121,0.0,0.0,58322864.59713721,648
Sim590,Sim590,F04,,False,True,20,1.0,-7.661811802752259,131,0.0,0.0,58322864.59713721,648
Sim590,Sim590,F04,,False,True,20,1.0,-7.661811802752259,161,0.0,0.0,58322864.59713721,648
Sim590,Sim590,F04,,False,True,20,1.0,-7.661811802752259,231,0.0434015754676169,2531304.2093002545,58322864.59713721,648
Sim590,Sim590,F04,,False,True,20,1.0,-7.661811802752259,232,0.0,0.0,58322864.59713721,648
Sim590,Sim590,F04,,False,True,20,1.0,-7.661811802752259,241,0.0093016554697988,542499.1924942967,58322864.59713721,648
Sim603,Sim603,F03,,False,True,0,0.0,-115.2052758228498,11,0.3179345419962018,18649924.97283864,58659637.47047479,648
Sim603,Sim603,F03,,False,True,0,0.0,-115.2052758228498,12,0.5261197179429051,30861991.920599267,58659637.47047479,648
Sim603,Sim603,F03,,False,True,0,0.0,-115.2052758228498,13,0.0,0.0,58659637.47047479,648
Sim603,Sim603,F03,,False,True,0,0.0,-115.2052758228498,14,0.0,0.0,58659637.47047479,648
Sim603,Sim603,F03,,False,True,0,0.0,-115.2052758228498,15,0.0,0.0,58659637.47047479,648
Sim603,Sim603,F03,,False,True,0,0.0,-115.2052758228498,16,0.1559457400608929,9147720.577036876,58659637.47047479,648
Sim603,Sim603,F03,,False,True,0,0.0,-115.2052758228498,21,0.0,0.0,58659637.47047479,648
Sim603,Sim603,F03,,False,True,0,0.0,-115.2052758228498,22,0.0,0.0,58659637.47047479,648
Sim603,Sim603,F03,,False,True,0,0.0,-115.2052758228498,23,0.0,0.0,58659637.47047479,648
Sim603,Sim603,F03,,False,True,0,0.0,-115.2052758228498,24,0.0,0.0,58659637.47047479,648
Sim603,Sim603,F03,,False,True,0,0.0,-115.2052758228498,25,0.0,0.0,58659637.47047479,648
Sim603,Sim603,F03,,False,True,0,0.0,-115.2052758228498,26,0.0,0.0,58659637.47047479,648
Sim603,Sim603,F03,,False,True,0,0.0,-115.2052758228498,111,0.0,0.0,58659637.47047479,648
Sim603,Sim603,F03,,False,True,0,0.0,-115.2052758228498,121,0.0,0.0,58659637.47047479,648
Sim603,Sim603,F03,,False,True,0,0.0,-115.2052758228498,131,0.0,0.0,58659637.47047479,648
Sim603,Sim603,F03,,False,True,0,0.0,-115.2052758228498,161,0.0,0.0,58659637.47047479,648
Sim603,Sim603,F03,,False,True,0,0.0,-115.2052758228498,231,0.0,0.0,58659637.47047479,648
Sim603,Sim603,F03,,False,True,0,0.0,-115.2052758228498,232,0.0,0.0,58659637.47047479,648
Sim603,Sim603,F03,,False,True,0,0.0,-115.2052758228498,241,0.0,0.0,58659637.47047479,648
Sim603,Sim603,F03,,False,True,1,0.05,-54.68108182165797,11,0.0,0.0,222463906.12238947,611
Sim603,Sim603,F03,,False,True,1,0.05,-54.68108182165797,12,0.0150235504080239,3342197.707595617,222463906.12238947,611
Sim603,Sim603,F03,,False,True,1,0.05,-54.68108182165797,13,0.0806591589338666,17943751.56097461,222463906.12238947,611
Sim603,Sim603,F03,,False,True,1,0.05,-54.68108182165797,14,0.0012042332905369,267898.441695472,222463906.12238947,611
Sim603,Sim603,F03,,False,True,1,0.05,-54.68108182165797,15,0.0004320414267339,96113.623397914,222463906.12238947,611
Sim603,Sim603,F03,,False,True,1,0.05,-54.68108182165797,16,0.0,0.0,222463906.12238947,611
Sim603,Sim603,F03,,False,True,1,0.05,-54.68108182165797,21,0.0,0.0,222463906.12238947,611
Sim603,Sim603,F03,,False,True,1,0.05,-54.68108182165797,22,0.0,0.0,222463906.12238947,611
Sim603,Sim603,F03,,False,True,1,0.05,-54.68108182165797,23,0.0969376393540188,21565125.90097849,222463906.12238947,611
Sim603,Sim603,F03,,False,True,1,0.05,-54.68108182165797,24,0.0164436348944377,3658115.249467042,222463906.12238947,611
Sim603,Sim603,F03,,False,True,1,0.05,-54.68108182165797,25,0.011745059992225,2612851.9235121966,222463906.12238947,611
Sim603,Sim603,F03,,False,True,1,0.05,-54.68108182165797,26,0.0103023603229156,2291903.319716129,222463906.12238947,611
Sim603,Sim603,F03,,False,True,1,0.05,-54.68108182165797,111,0.0,0.0,222463906.12238947,611
Sim603,Sim603,F03,,False,True,1,0.05,-54.68108182165797,121,0.0,0.0,222463906.12238947,611
Sim603,Sim603,F03,,False,True,1,0.05,-54.68108182165797,131,0.0006279590078099,139698.21376213737,222463906.12238947,611
Sim603,Sim603,F03,,False,True,1,0.05,-54.68108182165797,161,0.000843996125159,187758.67475505252,222463906.12238947,611
Sim603,Sim603,F03,,False,True,1,0.05,-54.68108182165797,231,0.7523525946149349,167371296.979353,222463906.12238947,611
Sim603,Sim603,F03,,False,True,1,0.05,-54.68108182165797,232,0.0,0.0,222463906.12238947,611
Sim603,Sim603,F03,,False,True,1,0.05,-54.68108182165797,241,0.0134277716293372,2987194.527181767,222463906.12238947,611
Sim603,Sim603,F03,,False,True,2,0.1,-101.57186469756,11,0.0033890840089667,240609.1901902897,70995345.51332894,578
Sim603,Sim603,F03,,False,True,2,0.1,-101.57186469756,12,0.001394764910043,99021.81669837672,70995345.51332894,578
Sim603,Sim603,F03,,False,True,2,0.1,-101.57186469756,13,0.2965391486055872,21052899.31348206,70995345.51332894,578
Sim603,Sim603,F03,,False,True,2,0.1,-101.57186469756,14,0.0129871752692537,922028.9954828284,70995345.51332894,578
Sim603,Sim603,F03,,False,True,2,0.1,-101.57186469756,15,0.0,0.0,70995345.51332894,578
Sim603,Sim603,F03,,False,True,2,0.1,-101.57186469756,16,0.0,0.0,70995345.51332894,578
Sim603,Sim603,F03,,False,True,2,0.1,-101.57186469756,21,0.1212556574112156,8608587.293355102,70995345.51332894,578
Sim603,Sim603,F03,,False,True,2,0.1,-101.57186469756,22,0.0,0.0,70995345.51332894,578
Sim603,Sim603,F03,,False,True,2,0.1,-101.57186469756,23,0.0700690450510451,4974576.06318796,70995345.51332894,578
Sim603,Sim603,F03,,False,True,2,0.1,-101.57186469756,24,0.0066209734328553,470058.2965001342,70995345.51332894,578
Sim603,Sim603,F03,,False,True,2,0.1,-101.57186469756,25,0.0,0.0,70995345.51332894,578
Sim603,Sim603,F03,,False,True,2,0.1,-101.57186469756,26,0.0068612502433166,487116.831677676,70995345.51332894,578
Sim603,Sim603,F03,,False,True,2,0.1,-101.57186469756,111,0.0305925030642033,2171925.325160689,70995345.51332894,578
Sim603,Sim603,F03,,False,True,2,0.1,-101.57186469756,121,0.0,0.0,70995345.51332894,578
Sim603,Sim603,F03,,False,True,2,0.1,-101.57186469756,131,0.0,0.0,70995345.51332894,578
Sim603,Sim603,F03,,False,True,2,0.1,-101.57186469756,161,0.002299888808647,163281.40061213323,70995345.51332894,578
Sim603,Sim603,F03,,False,True,2,0.1,-101.57186469756,231,0.3221937062580244,22874253.49800846,70995345.51332894,578
Sim603,Sim603,F03,,False,True,2,0.1,-101.57186469756,232,0.0,0.0,70995345.51332894,578
Sim603,Sim603,F03,,False,True,2,0.1,-101.57186469756,241,0.1257968029368417,8930987.488973234,70995345.51332894,578
Sim603,Sim603,F03,,False,True,3,0.15,-99.8948012821232,11,0.0,0.0,62104368.8647039,645
Sim603,Sim603,F03,,False,True,3,0.15,-99.8948012821232,12,0.001588225650078,98635.7516128283,62104368.8647039,645
Sim603,Sim603,F03,,False,True,3,0.15,-99.8948012821232,13,0.2606320883873759,16186391.355187705,62104368.8647039,645
Sim603,Sim603,F03,,False,True,3,0.15,-99.8948012821232,14,0.0093422393411822,580193.8780671279,62104368.8647039,645
Sim603,Sim603,F03,,False,True,3,0.15,-99.8948012821232,15,0.0,0.0,62104368.8647039,645
Sim603,Sim603,F03,,False,True,3,0.15,-99.8948012821232,16,0.0,0.0,62104368.8647039,645
Sim603,Sim603,F03,,False,True,3,0.15,-99.8948012821232,21,0.0,0.0,62104368.8647039,645
Sim603,Sim603,F03,,False,True,3,0.15,-99.8948012821232,22,0.0,0.0,62104368.8647039,645
Sim603,Sim603,F03,,False,True,3,0.15,-99.8948012821232,23,0.125557626930802,7797677.176687407,62104368.8647039,645
Sim603,Sim603,F03,,False,True,3,0.15,-99.8948012821232,24,0.0389614266407281,2419674.81159088,62104368.8647039,645
Sim603,Sim603,F03,,False,True,3,0.15,-99.8948012821232,25,0.0,0.0,62104368.8647039,645
Sim603,Sim603,F03,,False,True,3,0.15,-99.8948012821232,26,0.0,0.0,62104368.8647039,645
Sim603,Sim603,F03,,False,True,3,0.15,-99.8948012821232,111,0.0,0.0,62104368.8647039,645
Sim603,Sim603,F03,,False,True,3,0.15,-99.8948012821232,121,0.0,0.0,62104368.8647039,645
Sim603,Sim603,F03,,False,True,3,0.15,-99.8948012821232,131,0.0,0.0,62104368.8647039,645
Sim603,Sim603,F03,,False,True,3,0.15,-99.8948012821232,161,0.0,0.0,62104368.8647039,645
Sim603,Sim603,F03,,False,True,3,0.15,-99.8948012821232,231,0.430706455353033,26748752.575653885,62104368.8647039,645
Sim603,Sim603,F03,,False,True,3,0.15,-99.8948012821232,232,0.0,0.0,62104368.8647039,645
Sim603,Sim603,F03,,False,True,3,0.15,-99.8948012821232,241,0.1332119376968007,8273043.315904067,62104368.8647039,645
Sim603,Sim603,F03,,False,True,4,0.2,-54.15726928686079,11,0.0,0.0,122862310.7253976,648
Sim603,Sim603,F03,,False,True,4,0.2,-54.15726928686079,12,0.0,0.0,122862310.7253976,648
Sim603,Sim603,F03,,False,True,4,0.2,-54.15726928686079,13,0.1096681509981186,13474082.44461068,122862310.7253976,648
Sim603,Sim603,F03,,False,True,4,0.2,-54.15726928686079,14,0.0036705752438162,450975.35614670697,122862310.7253976,648
Sim603,Sim603,F03,,False,True,4,0.2,-54.15726928686079,15,0.0,0.0,122862310.7253976,648
Sim603,Sim603,F03,,False,True,4,0.2,-54.15726928686079,16,0.0,0.0,122862310.7253976,648
Sim603,Sim603,F03,,False,True,4,0.2,-54.15726928686079,21,0.4782733831021421,58761773.00638251,122862310.7253976,648
Sim603,Sim603,F03,,False,True,4,0.2,-54.15726928686079,22,0.0266006928571738,3268222.5913289567,122862310.7253976,648
Sim603,Sim603,F03,,False,True,4,0.2,-54.15726928686079,23,0.0129543168607597,1591597.303381919,122862310.7253976,648
Sim603,Sim603,F03,,False,True,4,0.2,-54.15726928686079,24,0.0,0.0,122862310.7253976,648
Sim603,Sim603,F03,,False,True,4,0.2,-54.15726928686079,25,0.0,0.0,122862310.7253976,648
Sim603,Sim603,F03,,False,True,4,0.2,-54.15726928686079,26,0.0,0.0,122862310.7253976,648
Sim603,Sim603,F03,,False,True,4,0.2,-54.15726928686079,111,0.0147865752765799,1816712.806195644,122862310.7253976,648
Sim603,Sim603,F03,,False,True,4,0.2,-54.15726928686079,121,0.0,0.0,122862310.7253976,648
Sim603,Sim603,F03,,False,True,4,0.2,-54.15726928686079,131,0.0,0.0,122862310.7253976,648
Sim603,Sim603,F03,,False,True,4,0.2,-54.15726928686079,161,0.0,0.0,122862310.7253976,648
Sim603,Sim603,F03,,False,True,4,0.2,-54.15726928686079,231,0.2559663327225797,31448615.10620209,122862310.7253976,648
Sim603,Sim603,F03,,False,True,4,0.2,-54.15726928686079,232,0.0,0.0,122862310.7253976,648
Sim603,Sim603,F03,,False,True,4,0.2,-54.15726928686079,241,0.0980799729388297,12050332.111149097,122862310.7253976,648
Sim603,Sim603,F03,,False,True,5,0.25,-89.4101646269289,11,0.0,0.0,59001976.82943445,648
Sim603,Sim603,F03,,False,True,5,0.25,-89.4101646269289,12,0.0,0.0,59001976.82943445,648
Sim603,Sim603,F03,,False,True,5,0.25,-89.4101646269289,13,0.2152694398858643,12701322.5042311,59001976.82943445,648
Sim603,Sim603,F03,,False,True,5,0.25,-89.4101646269289,14,0.0088650066204155,523052.9152105383,59001976.82943445,648
Sim603,Sim603,F03,,False,True,5,0.25,-89.4101646269289,15,0.0,0.0,59001976.82943445,648
Sim603,Sim603,F03,,False,True,5,0.25,-89.4101646269289,16,0.0,0.0,59001976.82943445,648
Sim603,Sim603,F03,,False,True,5,0.25,-89.4101646269289,21,0.0,0.0,59001976.82943445,648
Sim603,Sim603,F03,,False,True,5,0.25,-89.4101646269289,22,0.0,0.0,59001976.82943445,648
Sim603,Sim603,F03,,False,True,5,0.25,-89.4101646269289,23,0.0516660189317453,3048397.2518799608,59001976.82943445,648
Sim603,Sim603,F03,,False,True,5,0.25,-89.4101646269289,24,0.0202126436282409,1192585.9310150906,59001976.82943445,648
Sim603,Sim603,F03,,False,True,5,0.25,-89.4101646269289,25,0.0,0.0,59001976.82943445,648
Sim603,Sim603,F03,,False,True,5,0.25,-89.4101646269289,26,0.0,0.0,59001976.82943445,648
Sim603,Sim603,F03,,False,True,5,0.25,-89.4101646269289,111,0.0,0.0,59001976.82943445,648
Sim603,Sim603,F03,,False,True,5,0.25,-89.4101646269289,121,0.0,0.0,59001976.82943445,648
Sim603,Sim603,F03,,False,True,5,0.25,-89.4101646269289,131,0.0,0.0,59001976.82943445,648
Sim603,Sim603,F03,,False,True,5,0.25,-89.4101646269289,161,0.0,0.0,59001976.82943445,648
Sim603,Sim603,F03,,False,True,5,0.25,-89.4101646269289,231,0.5319099797168634,31383740.29859932,59001976.82943445,648
Sim603,Sim603,F03,,False,True,5,0.25,-89.4101646269289,232,0.0,0.0,59001976.82943445,648
Sim603,Sim603,F03,,False,True,5,0.25,-89.4101646269289,241,0.1720769112168705,10152877.92849844,59001976.82943445,648
Sim603,Sim603,F03,,False,True,6,0.3,-84.49496487309753,11,0.0,0.0,58146583.26426767,648
Sim603,Sim603,F03,,False,True,6,0.3,-84.49496487309753,12,0.036975737085075,2150012.775174984,58146583.26426767,648
Sim603,Sim603,F03,,False,True,6,0.3,-84.49496487309753,13,0.1827756843355515,10627781.547900654,58146583.26426767,648
Sim603,Sim603,F03,,False,True,6,0.3,-84.49496487309753,14,0.0813544925515469,4730485.775070771,58146583.26426767,648
Sim603,Sim603,F03,,False,True,6,0.3,-84.49496487309753,15,0.0,0.0,58146583.26426767,648
Sim603,Sim603,F03,,False,True,6,0.3,-84.49496487309753,16,0.0,0.0,58146583.26426767,648
Sim603,Sim603,F03,,False,True,6,0.3,-84.49496487309753,21,0.0020626665602731,119937.01289334089,58146583.26426767,648
Sim603,Sim603,F03,,False,True,6,0.3,-84.49496487309753,22,0.0,0.0,58146583.26426767,648
Sim603,Sim603,F03,,False,True,6,0.3,-84.49496487309753,23,0.3047557180374039,17720503.734123588,58146583.26426767,648
Sim603,Sim603,F03,,False,True,6,0.3,-84.49496487309753,24,0.0,0.0,58146583.26426767,648
Sim603,Sim603,F03,,False,True,6,0.3,-84.49496487309753,25,0.0,0.0,58146583.26426767,648
Sim603,Sim603,F03,,False,True,6,0.3,-84.49496487309753,26,0.0,0.0,58146583.26426767,648
Sim603,Sim603,F03,,False,True,6,0.3,-84.49496487309753,111,0.0,0.0,58146583.26426767,648
Sim603,Sim603,F03,,False,True,6,0.3,-84.49496487309753,121,0.0,0.0,58146583.26426767,648
Sim603,Sim603,F03,,False,True,6,0.3,-84.49496487309753,131,0.0221995480155562,1290827.8671156522,58146583.26426767,648
Sim603,Sim603,F03,,False,True,6,0.3,-84.49496487309753,161,0.0,0.0,58146583.26426767,648
Sim603,Sim603,F03,,False,True,6,0.3,-84.49496487309753,231,0.1947872171805901,11326211.142606176,58146583.26426767,648
Sim603,Sim603,F03,,False,True,6,0.3,-84.49496487309753,232,0.0,0.0,58146583.26426767,648
Sim603,Sim603,F03,,False,True,6,0.3,-84.49496487309753,241,0.1750889362340031,10180823.409382513,58146583.26426767,648
Sim603,Sim603,F03,,False,True,7,0.35,-78.77013361099183,11,0.0,0.0,58213296.81244592,648
Sim603,Sim603,F03,,False,True,7,0.35,-78.77013361099183,12,0.0,0.0,58213296.81244592,648
Sim603,Sim603,F03,,False,True,7,0.35,-78.77013361099183,13,0.1083683040252485,6308476.247283172,58213296.81244592,648
Sim603,Sim603,F03,,False,True,7,0.35,-78.77013361099183,14,0.0794794595955533,4626761.37192875,58213296.81244592,648
Sim603,Sim603,F03,,False,True,7,0.35,-78.77013361099183,15,0.0,0.0,58213296.81244592,648
Sim603,Sim603,F03,,False,True,7,0.35,-78.77013361099183,16,0.0,0.0,58213296.81244592,648
Sim603,Sim603,F03,,False,True,7,0.35,-78.77013361099183,21,0.0,0.0,58213296.81244592,648
Sim603,Sim603,F03,,False,True,7,0.35,-78.77013361099183,22,0.0,0.0,58213296.81244592,648
Sim603,Sim603,F03,,False,True,7,0.35,-78.77013361099183,23,0.1382667538864223,8048963.583283714,58213296.81244592,648
Sim603,Sim603,F03,,False,True,7,0.35,-78.77013361099183,24,0.245498580380002,14291281.726695172,58213296.81244592,648
Sim603,Sim603,F03,,False,True,7,0.35,-78.77013361099183,25,0.0,0.0,58213296.81244592,648
Sim603,Sim603,F03,,False,True,7,0.35,-78.77013361099183,26,0.137031261166424,7977041.478864836,58213296.81244592,648
Sim603,Sim603,F03,,False,True,7,0.35,-78.77013361099183,111,0.0,0.0,58213296.81244592,648
Sim603,Sim603,F03,,False,True,7,0.35,-78.77013361099183,121,0.0,0.0,58213296.81244592,648
Sim603,Sim603,F03,,False,True,7,0.35,-78.77013361099183,131,0.0,0.0,58213296.81244592,648
Sim603,Sim603,F03,,False,True,7,0.35,-78.77013361099183,161,0.0648984754842778,3777954.216041512,58213296.81244592,648
Sim603,Sim603,F03,,False,True,7,0.35,-78.77013361099183,231,0.0150667177101968,877083.3100530233,58213296.81244592,648
Sim603,Sim603,F03,,False,True,7,0.35,-78.77013361099183,232,0.0,0.0,58213296.81244592,648
Sim603,Sim603,F03,,False,True,7,0.35,-78.77013361099183,241,0.2113904477518749,12305734.878295736,58213296.81244592,648
Sim603,Sim603,F03,,False,True,8,0.4,-72.72826765049234,11,0.0,0.0,58217562.49310408,648
Sim603,Sim603,F03,,False,True,8,0.4,-72.72826765049234,12,0.0,0.0,58217562.49310408,648
Sim603,Sim603,F03,,False,True,8,0.4,-72.72826765049234,13,0.1188799467208876,6920900.727400159,58217562.49310408,648
Sim603,Sim603,F03,,False,True,8,0.4,-72.72826765049234,14,0.1345321116394718,7832131.616700204,58217562.49310408,648
Sim603,Sim603,F03,,False,True,8,0.4,-72.72826765049234,15,0.0,0.0,58217562.49310408,648
Sim603,Sim603,F03,,False,True,8,0.4,-72.72826765049234,16,0.0,0.0,58217562.49310408,648
Sim603,Sim603,F03,,False,True,8,0.4,-72.72826765049234,21,0.0,0.0,58217562.49310408,648
Sim603,Sim603,F03,,False,True,8,0.4,-72.72826765049234,22,0.0,0.0,58217562.49310408,648
Sim603,Sim603,F03,,False,True,8,0.4,-72.72826765049234,23,0.0,0.0,58217562.49310408,648
Sim603,Sim603,F03,,False,True,8,0.4,-72.72826765049234,24,0.0,0.0,58217562.49310408,648
Sim603,Sim603,F03,,False,True,8,0.4,-72.72826765049234,25,0.0,0.0,58217562.49310408,648
Sim603,Sim603,F03,,False,True,8,0.4,-72.72826765049234,26,0.0,0.0,58217562.49310408,648
Sim603,Sim603,F03,,False,True,8,0.4,-72.72826765049234,111,0.0,0.0,58217562.49310408,648
Sim603,Sim603,F03,,False,True,8,0.4,-72.72826765049234,121,0.0,0.0,58217562.49310408,648
Sim603,Sim603,F03,,False,True,8,0.4,-72.72826765049234,131,0.160982926209575,9372033.566928694,58217562.49310408,648
Sim603,Sim603,F03,,False,True,8,0.4,-72.72826765049234,161,0.0,0.0,58217562.49310408,648
Sim603,Sim603,F03,,False,True,8,0.4,-72.72826765049234,231,0.0055791577552908,324804.9652775294,58217562.49310408,648
Sim603,Sim603,F03,,False,True,8,0.4,-72.72826765049234,232,0.0,0.0,58217562.49310408,648
Sim603,Sim603,F03,,False,True,8,0.4,-72.72826765049234,241,0.5800258576747748,33767691.61679749,58217562.49310408,648
Sim603,Sim603,F03,,False,True,9,0.45,-66.6083997005025,11,0.0,0.0,58293351.08423928,648
Sim603,Sim603,F03,,False,True,9,0.45,-66.6083997005025,12,0.0,0.0,58293351.08423928,648
Sim603,Sim603,F03,,False,True,9,0.45,-66.6083997005025,13,0.1755587066893137,10233905.324935151,58293351.08423928,648
Sim603,Sim603,F03,,False,True,9,0.45,-66.6083997005025,14,0.1523217192747185,8879343.459436104,58293351.08423928,648
Sim603,Sim603,F03,,False,True,9,0.45,-66.6083997005025,15,0.0,0.0,58293351.08423928,648
Sim603,Sim603,F03,,False,True,9,0.45,-66.6083997005025,16,0.0,0.0,58293351.08423928,648
Sim603,Sim603,F03,,False,True,9,0.45,-66.6083997005025,21,0.0,0.0,58293351.08423928,648
Sim603,Sim603,F03,,False,True,9,0.45,-66.6083997005025,22,0.0,0.0,58293351.08423928,648
Sim603,Sim603,F03,,False,True,9,0.45,-66.6083997005025,23,0.0288183493356608,1679918.155491932,58293351.08423928,648
Sim603,Sim603,F03,,False,True,9,0.45,-66.6083997005025,24,0.0,0.0,58293351.08423928,648
Sim603,Sim603,F03,,False,True,9,0.45,-66.6083997005025,25,0.0,0.0,58293351.08423928,648
Sim603,Sim603,F03,,False,True,9,0.45,-66.6083997005025,26,0.0,0.0,58293351.08423928,648
Sim603,Sim603,F03,,False,True,9,0.45,-66.6083997005025,111,0.0,0.0,58293351.08423928,648
Sim603,Sim603,F03,,False,True,9,0.45,-66.6083997005025,121,0.0,0.0,58293351.08423928,648
Sim603,Sim603,F03,,False,True,9,0.45,-66.6083997005025,131,0.0078578681903981,458061.4691965557,58293351.08423928,648
Sim603,Sim603,F03,,False,True,9,0.45,-66.6083997005025,161,0.0012121925293137,70662.76469297562,58293351.08423928,648
Sim603,Sim603,F03,,False,True,9,0.45,-66.6083997005025,231,0.1651557304979286,9627480.981489755,58293351.08423928,648
Sim603,Sim603,F03,,False,True,9,0.45,-66.6083997005025,232,0.0,0.0,58293351.08423928,648
Sim603,Sim603,F03,,False,True,9,0.45,-66.6083997005025,241,0.4690754334826664,27343978.9289968,58293351.08423928,648
Sim603,Sim603,F03,,False,True,10,0.5,-60.53164932852112,11,0.0,0.0,58313586.28933822,648
Sim603,Sim603,F03,,False,True,10,0.5,-60.53164932852112,12,0.0,0.0,58313586.28933822,648
Sim603,Sim603,F03,,False,True,10,0.5,-60.53164932852112,13,0.2129129022246868,12415714.895992707,58313586.28933822,648
Sim603,Sim603,F03,,False,True,10,0.5,-60.53164932852112,14,0.0762837923542006,4448381.507924641,58313586.28933822,648
Sim603,Sim603,F03,,False,True,10,0.5,-60.53164932852112,15,0.0,0.0,58313586.28933822,648
Sim603,Sim603,F03,,False,True,10,0.5,-60.53164932852112,16,0.0,0.0,58313586.28933822,648
Sim603,Sim603,F03,,False,True,10,0.5,-60.53164932852112,21,0.0,0.0,58313586.28933822,648
Sim603,Sim603,F03,,False,True,10,0.5,-60.53164932852112,22,0.0,0.0,58313586.28933822,648
Sim603,Sim603,F03,,False,True,10,0.5,-60.53164932852112,23,0.0,0.0,58313586.28933822,648
Sim603,Sim603,F03,,False,True,10,0.5,-60.53164932852112,24,0.0,0.0,58313586.28933822,648
Sim603,Sim603,F03,,False,True,10,0.5,-60.53164932852112,25,0.0,0.0,58313586.28933822,648
Sim603,Sim603,F03,,False,True,10,0.5,-60.53164932852112,26,0.0,0.0,58313586.28933822,648
Sim603,Sim603,F03,,False,True,10,0.5,-60.53164932852112,111,0.0,0.0,58313586.28933822,648
Sim603,Sim603,F03,,False,True,10,0.5,-60.53164932852112,121,0.0,0.0,58313586.28933822,648
Sim603,Sim603,F03,,False,True,10,0.5,-60.53164932852112,131,0.1206218411574735,7033892.142715185,58313586.28933822,648
Sim603,Sim603,F03,,False,True,10,0.5,-60.53164932852112,161,0.0,0.0,58313586.28933822,648
Sim603,Sim603,F03,,False,True,10,0.5,-60.53164932852112,231,0.0960127417896005,5598847.303223821,58313586.28933822,648
Sim603,Sim603,F03,,False,True,10,0.5,-60.53164932852112,232,0.0,0.0,58313586.28933822,648
Sim603,Sim603,F03,,False,True,10,0.5,-60.53164932852112,241,0.4941687224740383,28816750.43948187,58313586.28933822,648
Sim603,Sim603,F03,,False,True,11,0.55,-54.65472170343677,11,0.0,0.0,58339543.91378802,648
Sim603,Sim603,F03,,False,True,11,0.55,-54.65472170343677,12,0.0119353483687779,696302.7802866814,58339543.91378802,648
Sim603,Sim603,F03,,False,True,11,0.55,-54.65472170343677,13,0.2499690565461425,14583080.75146184,58339543.91378802,648
Sim603,Sim603,F03,,False,True,11,0.55,-54.65472170343677,14,0.0111596345854544,651047.9919599484,58339543.91378802,648
Sim603,Sim603,F03,,False,True,11,0.55,-54.65472170343677,15,0.0,0.0,58339543.91378802,648
Sim603,Sim603,F03,,False,True,11,0.55,-54.65472170343677,16,0.0,0.0,58339543.91378802,648
Sim603,Sim603,F03,,False,True,11,0.55,-54.65472170343677,21,0.0,0.0,58339543.91378802,648
Sim603,Sim603,F03,,False,True,11,0.55,-54.65472170343677,22,0.0,0.0,58339543.91378802,648
Sim603,Sim603,F03,,False,True,11,0.55,-54.65472170343677,23,0.0607975923108824,3546903.806473309,58339543.91378802,648
Sim603,Sim603,F03,,False,True,11,0.55,-54.65472170343677,24,0.0,0.0,58339543.91378802,648
Sim603,Sim603,F03,,False,True,11,0.55,-54.65472170343677,25,0.0,0.0,58339543.91378802,648
Sim603,Sim603,F03,,False,True,11,0.55,-54.65472170343677,26,0.0,0.0,58339543.91378802,648
Sim603,Sim603,F03,,False,True,11,0.55,-54.65472170343677,111,0.0,0.0,58339543.91378802,648
Sim603,Sim603,F03,,False,True,11,0.55,-54.65472170343677,121,0.0,0.0,58339543.91378802,648
Sim603,Sim603,F03,,False,True,11,0.55,-54.65472170343677,131,0.0400493720262523,2336462.098045181,58339543.91378802,648
Sim603,Sim603,F03,,False,True,11,0.55,-54.65472170343677,161,0.0,0.0,58339543.91378802,648
Sim603,Sim603,F03,,False,True,11,0.55,-54.65472170343677,231,0.1467956593673781,8563991.816016622,58339543.91378802,648
Sim603,Sim603,F03,,False,True,11,0.55,-54.65472170343677,232,0.0,0.0,58339543.91378802,648
Sim603,Sim603,F03,,False,True,11,0.55,-54.65472170343677,241,0.4792933367951121,27961754.66954444,58339543.91378802,648
Sim603,Sim603,F03,,False,True,12,0.6,-48.94179135699907,11,0.0,0.0,58291286.09992489,648
Sim603,Sim603,F03,,False,True,12,0.6,-48.94179135699907,12,0.0106556519464892,621131.6561940283,58291286.09992489,648
Sim603,Sim603,F03,,False,True,12,0.6,-48.94179135699907,13,0.2189745496843943,12764308.124255247,58291286.09992489,648
Sim603,Sim603,F03,,False,True,12,0.6,-48.94179135699907,14,0.0531591311103387,3098714.120376175,58291286.09992489,648
Sim603,Sim603,F03,,False,True,12,0.6,-48.94179135699907,15,0.0,0.0,58291286.09992489,648
Sim603,Sim603,F03,,False,True,12,0.6,-48.94179135699907,16,0.0,0.0,58291286.09992489,648
Sim603,Sim603,F03,,False,True,12,0.6,-48.94179135699907,21,0.0,0.0,58291286.09992489,648
Sim603,Sim603,F03,,False,True,12,0.6,-48.94179135699907,22,0.0,0.0,58291286.09992489,648
Sim603,Sim603,F03,,False,True,12,0.6,-48.94179135699907,23,0.0447065321949992,2606001.258714205,58291286.09992489,648
Sim603,Sim603,F03,,False,True,12,0.6,-48.94179135699907,24,0.0,0.0,58291286.09992489,648
Sim603,Sim603,F03,,False,True,12,0.6,-48.94179135699907,25,0.0,0.0,58291286.09992489,648
Sim603,Sim603,F03,,False,True,12,0.6,-48.94179135699907,26,0.0,0.0,58291286.09992489,648
Sim603,Sim603,F03,,False,True,12,0.6,-48.94179135699907,111,0.0,0.0,58291286.09992489,648
Sim603,Sim603,F03,,False,True,12,0.6,-48.94179135699907,121,0.0,0.0,58291286.09992489,648
Sim603,Sim603,F03,,False,True,12,0.6,-48.94179135699907,131,0.0078848890612796,459620.3241372197,58291286.09992489,648
Sim603,Sim603,F03,,False,True,12,0.6,-48.94179135699907,161,0.0045776122669705,266834.90630850656,58291286.09992489,648
Sim603,Sim603,F03,,False,True,12,0.6,-48.94179135699907,231,0.1182394835179725,6892331.5620534895,58291286.09992489,648
Sim603,Sim603,F03,,False,True,12,0.6,-48.94179135699907,232,0.0,0.0,58291286.09992489,648
Sim603,Sim603,F03,,False,True,12,0.6,-48.94179135699907,241,0.5418021502175557,31582344.147886023,58291286.09992489,648
Sim603,Sim603,F03,,False,True,13,0.65,-42.69912874696647,11,0.0,0.0,61849101.6934354,621
Sim603,Sim603,F03,,False,True,13,0.65,-42.69912874696647,12,0.0,0.0,61849101.6934354,621
Sim603,Sim603,F03,,False,True,13,0.65,-42.69912874696647,13,0.1269894610911811,7854184.093023023,61849101.6934354,621
Sim603,Sim603,F03,,False,True,13,0.65,-42.69912874696647,14,0.0,0.0,61849101.6934354,621
Sim603,Sim603,F03,,False,True,13,0.65,-42.69912874696647,15,0.0,0.0,61849101.6934354,621
Sim603,Sim603,F03,,False,True,13,0.65,-42.69912874696647,16,0.0,0.0,61849101.6934354,621
Sim603,Sim603,F03,,False,True,13,0.65,-42.69912874696647,21,0.0096304438073505,595634.2983937382,61849101.6934354,621
Sim603,Sim603,F03,,False,True,13,0.65,-42.69912874696647,22,0.0307607802975607,1902526.6287932608,61849101.6934354,621
Sim603,Sim603,F03,,False,True,13,0.65,-42.69912874696647,23,0.0,0.0,61849101.6934354,621
Sim603,Sim603,F03,,False,True,13,0.65,-42.69912874696647,24,0.0,0.0,61849101.6934354,621
Sim603,Sim603,F03,,False,True,13,0.65,-42.69912874696647,25,0.0,0.0,61849101.6934354,621
Sim603,Sim603,F03,,False,True,13,0.65,-42.69912874696647,26,0.0,0.0,61849101.6934354,621
Sim603,Sim603,F03,,False,True,13,0.65,-42.69912874696647,111,0.3429518455937,21211263.574076112,61849101.6934354,621
Sim603,Sim603,F03,,False,True,13,0.65,-42.69912874696647,121,0.0072498916347309,448399.28498286335,61849101.6934354,621
Sim603,Sim603,F03,,False,True,13,0.65,-42.69912874696647,131,0.0143099499445696,885057.5493496591,61849101.6934354,621
Sim603,Sim603,F03,,False,True,13,0.65,-42.69912874696647,161,0.0,0.0,61849101.6934354,621
Sim603,Sim603,F03,,False,True,13,0.65,-42.69912874696647,231,0.1112332909231582,6879679.122001901,61849101.6934354,621
Sim603,Sim603,F03,,False,True,13,0.65,-42.69912874696647,232,0.0998854653105117,6177826.301685957,61849101.6934354,621
Sim603,Sim603,F03,,False,True,13,0.65,-42.69912874696647,241,0.2569888713972367,15894530.841128884,61849101.6934354,621
Sim603,Sim603,F03,,False,True,14,0.7,-39.317865032403205,11,0.0,0.0,57498622.39203434,643
Sim603,Sim603,F03,,False,True,14,0.7,-39.317865032403205,12,0.1759408749563015,10116357.93243651,57498622.39203434,643
Sim603,Sim603,F03,,False,True,14,0.7,-39.317865032403205,13,0.3870659984668294,22255761.686639965,57498622.39203434,643
Sim603,Sim603,F03,,False,True,14,0.7,-39.317865032403205,14,0.0,0.0,57498622.39203434,643
Sim603,Sim603,F03,,False,True,14,0.7,-39.317865032403205,15,0.0,0.0,57498622.39203434,643
Sim603,Sim603,F03,,False,True,14,0.7,-39.317865032403205,16,0.0,0.0,57498622.39203434,643
Sim603,Sim603,F03,,False,True,14,0.7,-39.317865032403205,21,0.0,0.0,57498622.39203434,643
Sim603,Sim603,F03,,False,True,14,0.7,-39.317865032403205,22,0.0,0.0,57498622.39203434,643
Sim603,Sim603,F03,,False,True,14,0.7,-39.317865032403205,23,0.1522670975828785,8755148.34664898,57498622.39203434,643
Sim603,Sim603,F03,,False,True,14,0.7,-39.317865032403205,24,0.0,0.0,57498622.39203434,643
Sim603,Sim603,F03,,False,True,14,0.7,-39.317865032403205,25,0.0,0.0,57498622.39203434,643
Sim603,Sim603,F03,,False,True,14,0.7,-39.317865032403205,26,0.0,0.0,57498622.39203434,643
Sim603,Sim603,F03,,False,True,14,0.7,-39.317865032403205,111,0.032295827738083,1856965.603950223,57498622.39203434,643
Sim603,Sim603,F03,,False,True,14,0.7,-39.317865032403205,121,0.0,0.0,57498622.39203434,643
Sim603,Sim603,F03,,False,True,14,0.7,-39.317865032403205,131,0.0,0.0,57498622.39203434,643
Sim603,Sim603,F03,,False,True,14,0.7,-39.317865032403205,161,0.0,0.0,57498622.39203434,643
Sim603,Sim603,F03,,False,True,14,0.7,-39.317865032403205,231,0.1080270855099735,6211408.597849972,57498622.39203434,643
Sim603,Sim603,F03,,False,True,14,0.7,-39.317865032403205,232,0.0,0.0,57498622.39203434,643
Sim603,Sim603,F03,,False,True,14,0.7,-39.317865032403205,241,0.1444031157459339,8302980.224508685,57498622.39203434,643
Sim603,Sim603,F03,,False,True,15,0.75,-33.88520307388232,11,0.01851431158326,1091404.2891586386,58949223.375145495,607
Sim603,Sim603,F03,,False,True,15,0.75,-33.88520307388232,12,0.0585982950451891,3454323.984021534,58949223.375145495,607
Sim603,Sim603,F03,,False,True,15,0.75,-33.88520307388232,13,0.2664726386449276,15708355.098844267,58949223.375145495,607
Sim603,Sim603,F03,,False,True,15,0.75,-33.88520307388232,14,0.0,0.0,58949223.375145495,607
Sim603,Sim603,F03,,False,True,15,0.75,-33.88520307388232,15,0.0,0.0,58949223.375145495,607
Sim603,Sim603,F03,,False,True,15,0.75,-33.88520307388232,16,0.0,0.0,58949223.375145495,607
Sim603,Sim603,F03,,False,True,15,0.75,-33.88520307388232,21,0.0157646946322173,929316.50531554,58949223.375145495,607
Sim603,Sim603,F03,,False,True,15,0.75,-33.88520307388232,22,0.0,0.0,58949223.375145495,607
Sim603,Sim603,F03,,False,True,15,0.75,-33.88520307388232,23,0.0275078401360655,1621565.8127487183,58949223.375145495,607
Sim603,Sim603,F03,,False,True,15,0.75,-33.88520307388232,24,0.0,0.0,58949223.375145495,607
Sim603,Sim603,F03,,False,True,15,0.75,-33.88520307388232,25,0.0,0.0,58949223.375145495,607
Sim603,Sim603,F03,,False,True,15,0.75,-33.88520307388232,26,0.0,0.0,58949223.375145495,607
Sim603,Sim603,F03,,False,True,15,0.75,-33.88520307388232,111,0.1604609490868995,9459048.33071149,58949223.375145495,607
Sim603,Sim603,F03,,False,True,15,0.75,-33.88520307388232,121,0.0,0.0,58949223.375145495,607
Sim603,Sim603,F03,,False,True,15,0.75,-33.88520307388232,131,0.0,0.0,58949223.375145495,607
Sim603,Sim603,F03,,False,True,15,0.75,-33.88520307388232,161,0.0,0.0,58949223.375145495,607
Sim603,Sim603,F03,,False,True,15,0.75,-33.88520307388232,231,0.1613941917475128,9514062.260775195,58949223.375145495,607
Sim603,Sim603,F03,,False,True,15,0.75,-33.88520307388232,232,0.0,0.0,58949223.375145495,607
Sim603,Sim603,F03,,False,True,15,0.75,-33.88520307388232,241,0.2912870791239279,17171147.093570106,58949223.375145495,607
Sim603,Sim603,F03,,False,True,16,0.8,-29.272629604111803,11,0.0,0.0,57857781.11498456,644
Sim603,Sim603,F03,,False,True,16,0.8,-29.272629604111803,12,0.1419047002026144,8210291.083510368,57857781.11498456,644
Sim603,Sim603,F03,,False,True,16,0.8,-29.272629604111803,13,0.2540401144629672,14698197.33702398,57857781.11498456,644
Sim603,Sim603,F03,,False,True,16,0.8,-29.272629604111803,14,0.0,0.0,57857781.11498456,644
Sim603,Sim603,F03,,False,True,16,0.8,-29.272629604111803,15,0.0,0.0,57857781.11498456,644
Sim603,Sim603,F03,,False,True,16,0.8,-29.272629604111803,16,0.0,0.0,57857781.11498456,644
Sim603,Sim603,F03,,False,True,16,0.8,-29.272629604111803,21,0.0,0.0,57857781.11498456,644
Sim603,Sim603,F03,,False,True,16,0.8,-29.272629604111803,22,0.0,0.0,57857781.11498456,644
Sim603,Sim603,F03,,False,True,16,0.8,-29.272629604111803,23,0.4955458333823249,28671182.360277165,57857781.11498456,644
Sim603,Sim603,F03,,False,True,16,0.8,-29.272629604111803,24,0.0,0.0,57857781.11498456,644
Sim603,Sim603,F03,,False,True,16,0.8,-29.272629604111803,25,0.0,0.0,57857781.11498456,644
Sim603,Sim603,F03,,False,True,16,0.8,-29.272629604111803,26,0.0,0.0,57857781.11498456,644
Sim603,Sim603,F03,,False,True,16,0.8,-29.272629604111803,111,0.0,0.0,57857781.11498456,644
Sim603,Sim603,F03,,False,True,16,0.8,-29.272629604111803,121,0.0,0.0,57857781.11498456,644
Sim603,Sim603,F03,,False,True,16,0.8,-29.272629604111803,131,0.0,0.0,57857781.11498456,644
Sim603,Sim603,F03,,False,True,16,0.8,-29.272629604111803,161,0.0,0.0,57857781.11498456,644
Sim603,Sim603,F03,,False,True,16,0.8,-29.272629604111803,231,0.0033346196630752,192933.6945679297,57857781.11498456,644
Sim603,Sim603,F03,,False,True,16,0.8,-29.272629604111803,232,0.0,0.0,57857781.11498456,644
Sim603,Sim603,F03,,False,True,16,0.8,-29.272629604111803,241,0.1051747322890181,6085176.639605111,57857781.11498456,644
Sim603,Sim603,F03,,False,True,17,0.85,-23.86822847331176,11,0.200622127834682,11971081.743082756,59669797.5058227,620
Sim603,Sim603,F03,,False,True,17,0.85,-23.86822847331176,12,0.0887544329541205,5295959.042116493,59669797.5058227,620
Sim603,Sim603,F03,,False,True,17,0.85,-23.86822847331176,13,0.0377472967192952,2252373.5516325505,59669797.5058227,620
Sim603,Sim603,F03,,False,True,17,0.85,-23.86822847331176,14,0.0,0.0,59669797.5058227,620
Sim603,Sim603,F03,,False,True,17,0.85,-23.86822847331176,15,0.0,0.0,59669797.5058227,620
Sim603,Sim603,F03,,False,True,17,0.85,-23.86822847331176,16,0.0,0.0,59669797.5058227,620
Sim603,Sim603,F03,,False,True,17,0.85,-23.86822847331176,21,0.0548792665979088,3274634.725165281,59669797.5058227,620
Sim603,Sim603,F03,,False,True,17,0.85,-23.86822847331176,22,0.0,0.0,59669797.5058227,620
Sim603,Sim603,F03,,False,True,17,0.85,-23.86822847331176,23,0.4382007366199345,26147349.22101384,59669797.5058227,620
Sim603,Sim603,F03,,False,True,17,0.85,-23.86822847331176,24,0.0,0.0,59669797.5058227,620
Sim603,Sim603,F03,,False,True,17,0.85,-23.86822847331176,25,0.0,0.0,59669797.5058227,620
Sim603,Sim603,F03,,False,True,17,0.85,-23.86822847331176,26,0.0,0.0,59669797.5058227,620
Sim603,Sim603,F03,,False,True,17,0.85,-23.86822847331176,111,0.0211030062362666,1259212.1088821455,59669797.5058227,620
Sim603,Sim603,F03,,False,True,17,0.85,-23.86822847331176,121,0.0,0.0,59669797.5058227,620
Sim603,Sim603,F03,,False,True,17,0.85,-23.86822847331176,131,0.0,0.0,59669797.5058227,620
Sim603,Sim603,F03,,False,True,17,0.85,-23.86822847331176,161,0.0,0.0,59669797.5058227,620
Sim603,Sim603,F03,,False,True,17,0.85,-23.86822847331176,231,0.0351853024883832,2099499.874662946,59669797.5058227,620
Sim603,Sim603,F03,,False,True,17,0.85,-23.86822847331176,232,0.0,0.0,59669797.5058227,620
Sim603,Sim603,F03,,False,True,17,0.85,-23.86822847331176,241,0.1235078305494088,7369687.239266686,59669797.5058227,620
Sim603,Sim603,F03,,False,True,18,0.9,-18.78991562414296,11,0.0,0.0,58318657.488188505,648
Sim603,Sim603,F03,,False,True,18,0.9,-18.78991562414296,12,0.1127288023020077,6574192.410504505,58318657.488188505,648
Sim603,Sim603,F03,,False,True,18,0.9,-18.78991562414296,13,0.0685678053740097,3998782.356323642,58318657.488188505,648
Sim603,Sim603,F03,,False,True,18,0.9,-18.78991562414296,14,0.0,0.0,58318657.488188505,648
Sim603,Sim603,F03,,False,True,18,0.9,-18.78991562414296,15,0.0,0.0,58318657.488188505,648
Sim603,Sim603,F03,,False,True,18,0.9,-18.78991562414296,16,0.0,0.0,58318657.488188505,648
Sim603,Sim603,F03,,False,True,18,0.9,-18.78991562414296,21,0.0,0.0,58318657.488188505,648
Sim603,Sim603,F03,,False,True,18,0.9,-18.78991562414296,22,0.0,0.0,58318657.488188505,648
Sim603,Sim603,F03,,False,True,18,0.9,-18.78991562414296,23,0.8078362399362331,47111924.98338725,58318657.488188505,648
Sim603,Sim603,F03,,False,True,18,0.9,-18.78991562414296,24,0.0,0.0,58318657.488188505,648
Sim603,Sim603,F03,,False,True,18,0.9,-18.78991562414296,25,0.0,0.0,58318657.488188505,648
Sim603,Sim603,F03,,False,True,18,0.9,-18.78991562414296,26,0.0,0.0,58318657.488188505,648
Sim603,Sim603,F03,,False,True,18,0.9,-18.78991562414296,111,0.0,0.0,58318657.488188505,648
Sim603,Sim603,F03,,False,True,18,0.9,-18.78991562414296,121,0.0,0.0,58318657.488188505,648
Sim603,Sim603,F03,,False,True,18,0.9,-18.78991562414296,131,0.0,0.0,58318657.488188505,648
Sim603,Sim603,F03,,False,True,18,0.9,-18.78991562414296,161,0.0,0.0,58318657.488188505,648
Sim603,Sim603,F03,,False,True,18,0.9,-18.78991562414296,231,0.0016045337154277,93574.25217828053,58318657.488188505,648
Sim603,Sim603,F03,,False,True,18,0.9,-18.78991562414296,232,0.0,0.0,58318657.488188505,648
Sim603,Sim603,F03,,False,True,18,0.9,-18.78991562414296,241,0.0092626186723218,540183.4857948344,58318657.488188505,648
Sim603,Sim603,F03,,False,True,19,0.95,-13.436738786149348,11,0.0887416176179489,5144597.9608907625,57972776.46029988,645
Sim603,Sim603,F03,,False,True,19,0.95,-13.436738786149348,12,0.0107002154233283,620321.196813666,57972776.46029988,645
Sim603,Sim603,F03,,False,True,19,0.95,-13.436738786149348,13,0.0733619415754417,4252995.439646661,57972776.46029988,645
Sim603,Sim603,F03,,False,True,19,0.95,-13.436738786149348,14,0.0,0.0,57972776.46029988,645
Sim603,Sim603,F03,,False,True,19,0.95,-13.436738786149348,15,0.0,0.0,57972776.46029988,645
Sim603,Sim603,F03,,False,True,19,0.95,-13.436738786149348,16,0.0,0.0,57972776.46029988,645
Sim603,Sim603,F03,,False,True,19,0.95,-13.436738786149348,21,0.1559264168967198,9039487.311009068,57972776.46029988,645
Sim603,Sim603,F03,,False,True,19,0.95,-13.436738786149348,22,0.0,0.0,57972776.46029988,645
Sim603,Sim603,F03,,False,True,19,0.95,-13.436738786149348,23,0.3466304526939755,20095129.748360395,57972776.46029988,645
Sim603,Sim603,F03,,False,True,19,0.95,-13.436738786149348,24,0.0,0.0,57972776.46029988,645
Sim603,Sim603,F03,,False,True,19,0.95,-13.436738786149348,25,0.0,0.0,57972776.46029988,645
Sim603,Sim603,F03,,False,True,19,0.95,-13.436738786149348,26,0.0,0.0,57972776.46029988,645
Sim603,Sim603,F03,,False,True,19,0.95,-13.436738786149348,111,0.056028496375085,3248127.4957595263,57972776.46029988,645
Sim603,Sim603,F03,,False,True,19,0.95,-13.436738786149348,121,0.0,0.0,57972776.46029988,645
Sim603,Sim603,F03,,False,True,19,0.95,-13.436738786149348,131,0.0,0.0,57972776.46029988,645
Sim603,Sim603,F03,,False,True,19,0.95,-13.436738786149348,161,0.0,0.0,57972776.46029988,645
Sim603,Sim603,F03,,False,True,19,0.95,-13.436738786149348,231,0.0807798658243242,4683033.1039265655,57972776.46029988,645
Sim603,Sim603,F03,,False,True,19,0.95,-13.436738786149348,232,0.1689016080300458,9791695.16611104,57972776.46029988,645
Sim603,Sim603,F03,,False,True,19,0.95,-13.436738786149348,241,0.0189293855631304,1097389.037782187,57972776.46029988,645
Sim603,Sim603,F03,,False,True,20,1.0,-8.003036752892106,11,0.0,0.0,58318992.19875099,648
Sim603,Sim603,F03,,False,True,20,1.0,-8.003036752892106,12,0.0788383566815817,4597773.508275513,58318992.19875099,648
Sim603,Sim603,F03,,False,True,20,1.0,-8.003036752892106,13,0.055717031927498,3249361.150317321,58318992.19875099,648
Sim603,Sim603,F03,,False,True,20,1.0,-8.003036752892106,14,0.0,0.0,58318992.19875099,648
Sim603,Sim603,F03,,False,True,20,1.0,-8.003036752892106,15,0.0,0.0,58318992.19875099,648
Sim603,Sim603,F03,,False,True,20,1.0,-8.003036752892106,16,0.0,0.0,58318992.19875099,648
Sim603,Sim603,F03,,False,True,20,1.0,-8.003036752892106,21,0.0,0.0,58318992.19875099,648
Sim603,Sim603,F03,,False,True,20,1.0,-8.003036752892106,22,0.0,0.0,58318992.19875099,648
Sim603,Sim603,F03,,False,True,20,1.0,-8.003036752892106,23,0.8561111842516336,49927541.475634485,58318992.19875099,648
Sim603,Sim603,F03,,False,True,20,1.0,-8.003036752892106,24,0.0,0.0,58318992.19875099,648
Sim603,Sim603,F03,,False,True,20,1.0,-8.003036752892106,25,0.0,0.0,58318992.19875099,648
Sim603,Sim603,F03,,False,True,20,1.0,-8.003036752892106,26,0.0031124313917618,181513.8620553045,58318992.19875099,648
Sim603,Sim603,F03,,False,True,20,1.0,-8.003036752892106,111,0.0,0.0,58318992.19875099,648
Sim603,Sim603,F03,,False,True,20,1.0,-8.003036752892106,121,0.0,0.0,58318992.19875099,648
Sim603,Sim603,F03,,False,True,20,1.0,-8.003036752892106,131,0.0,0.0,58318992.19875099,648
Sim603,Sim603,F03,,False,True,20,1.0,-8.003036752892106,161,0.0,0.0,58318992.19875099,648
Sim603,Sim603,F03,,False,True,20,1.0,-8.003036752892106,231,0.0,0.0,58318992.19875099,648
Sim603,Sim603,F03,,False,True,20,1.0,-8.003036752892106,232,0.0,0.0,58318992.19875099,648
Sim603,Sim603,F03,,False,True,20,1.0,-8.003036752892106,241,0.0062209957475249,362802.2024683732,58318992.19875099,648
Sim630,Sim630,F04,,False,True,0,0.0,-113.38274076533273,11,0.3176061540834577,18665236.98948057,58768499.128565,648
Sim630,Sim630,F04,,False,True,0,0.0,-113.38274076533273,12,0.5267300575591488,30955134.92865383,58768499.128565,648
Sim630,Sim630,F04,,False,True,0,0.0,-113.38274076533273,13,0.0,0.0,58768499.128565,648
Sim630,Sim630,F04,,False,True,0,0.0,-113.38274076533273,14,0.0,0.0,58768499.128565,648
Sim630,Sim630,F04,,False,True,0,0.0,-113.38274076533273,15,0.0,0.0,58768499.128565,648
Sim630,Sim630,F04,,False,True,0,0.0,-113.38274076533273,16,0.1556637883573932,9148127.210430592,58768499.128565,648
Sim630,Sim630,F04,,False,True,0,0.0,-113.38274076533273,21,0.0,0.0,58768499.128565,648
Sim630,Sim630,F04,,False,True,0,0.0,-113.38274076533273,22,0.0,0.0,58768499.128565,648
Sim630,Sim630,F04,,False,True,0,0.0,-113.38274076533273,23,0.0,0.0,58768499.128565,648
Sim630,Sim630,F04,,False,True,0,0.0,-113.38274076533273,24,0.0,0.0,58768499.128565,648
Sim630,Sim630,F04,,False,True,0,0.0,-113.38274076533273,25,0.0,0.0,58768499.128565,648
Sim630,Sim630,F04,,False,True,0,0.0,-113.38274076533273,26,0.0,0.0,58768499.128565,648
Sim630,Sim630,F04,,False,True,0,0.0,-113.38274076533273,111,0.0,0.0,58768499.128565,648
Sim630,Sim630,F04,,False,True,0,0.0,-113.38274076533273,121,0.0,0.0,58768499.128565,648
Sim630,Sim630,F04,,False,True,0,0.0,-113.38274076533273,131,0.0,0.0,58768499.128565,648
Sim630,Sim630,F04,,False,True,0,0.0,-113.38274076533273,161,0.0,0.0,58768499.128565,648
Sim630,Sim630,F04,,False,True,0,0.0,-113.38274076533273,231,0.0,0.0,58768499.128565,648
Sim630,Sim630,F04,,False,True,0,0.0,-113.38274076533273,232,0.0,0.0,58768499.128565,648
Sim630,Sim630,F04,,False,True,0,0.0,-113.38274076533273,241,0.0,0.0,58768499.128565,648
Sim630,Sim630,F04,,False,True,1,0.05,-77.71579121971243,11,0.0,0.0,118362675.98128814,612
Sim630,Sim630,F04,,False,True,1,0.05,-77.71579121971243,12,0.0239205865027558,2831304.629508069,118362675.98128814,612
Sim630,Sim630,F04,,False,True,1,0.05,-77.71579121971243,13,0.3929393333024045,46509350.98797589,118362675.98128814,612
Sim630,Sim630,F04,,False,True,1,0.05,-77.71579121971243,14,0.0022246693540928,263317.8179239994,118362675.98128814,612
Sim630,Sim630,F04,,False,True,1,0.05,-77.71579121971243,15,0.0008132357570144,96256.76040389384,118362675.98128814,612
Sim630,Sim630,F04,,False,True,1,0.05,-77.71579121971243,16,0.0007356561925322,87074.23555032286,118362675.98128814,612
Sim630,Sim630,F04,,False,True,1,0.05,-77.71579121971243,21,0.0,0.0,118362675.98128814,612
Sim630,Sim630,F04,,False,True,1,0.05,-77.71579121971243,22,0.0,0.0,118362675.98128814,612
Sim630,Sim630,F04,,False,True,1,0.05,-77.71579121971243,23,0.1577816321732603,18675456.2047224,118362675.98128814,612
Sim630,Sim630,F04,,False,True,1,0.05,-77.71579121971243,24,0.0312574027072333,3699709.828652905,118362675.98128814,612
Sim630,Sim630,F04,,False,True,1,0.05,-77.71579121971243,25,0.0220745495103339,2612802.751124559,118362675.98128814,612
Sim630,Sim630,F04,,False,True,1,0.05,-77.71579121971243,26,0.022452967503161,2657593.3173950478,118362675.98128814,612
Sim630,Sim630,F04,,False,True,1,0.05,-77.71579121971243,111,0.0,0.0,118362675.98128814,612
Sim630,Sim630,F04,,False,True,1,0.05,-77.71579121971243,121,0.0,0.0,118362675.98128814,612
Sim630,Sim630,F04,,False,True,1,0.05,-77.71579121971243,131,0.0013236998188655,156676.6527568688,118362675.98128814,612
Sim630,Sim630,F04,,False,True,1,0.05,-77.71579121971243,161,0.0023211545900903,274738.06864934263,118362675.98128814,612
Sim630,Sim630,F04,,False,True,1,0.05,-77.71579121971243,231,0.3197343995939188,37844619.13920672,118362675.98128814,612
Sim630,Sim630,F04,,False,True,1,0.05,-77.71579121971243,232,0.0,0.0,118362675.98128814,612
Sim630,Sim630,F04,,False,True,1,0.05,-77.71579121971243,241,0.0224207129943365,2653775.5874181134,118362675.98128814,612
Sim630,Sim630,F04,,False,True,2,0.1,-97.0862802068778,11,0.0,0.0,78945116.56090745,578
Sim630,Sim630,F04,,False,True,2,0.1,-97.0862802068778,12,0.0013654169226001,107792.9981089074,78945116.56090745,578
Sim630,Sim630,F04,,False,True,2,0.1,-97.0862802068778,13,0.2957047811179358,23344448.41297307,78945116.56090745,578
Sim630,Sim630,F04,,False,True,2,0.1,-97.0862802068778,14,0.0151543619091456,1196362.8673236798,78945116.56090745,578
Sim630,Sim630,F04,,False,True,2,0.1,-97.0862802068778,15,0.0,0.0,78945116.56090745,578
Sim630,Sim630,F04,,False,True,2,0.1,-97.0862802068778,16,0.0009126555137476,72049.69591276023,78945116.56090745,578
Sim630,Sim630,F04,,False,True,2,0.1,-97.0862802068778,21,0.1303602876697428,10291308.105001276,78945116.56090745,578
Sim630,Sim630,F04,,False,True,2,0.1,-97.0862802068778,22,0.0,0.0,78945116.56090745,578
Sim630,Sim630,F04,,False,True,2,0.1,-97.0862802068778,23,0.0532534994515502,4204103.721478852,78945116.56090745,578
Sim630,Sim630,F04,,False,True,2,0.1,-97.0862802068778,24,0.007043128123125,556020.5706335101,78945116.56090745,578
Sim630,Sim630,F04,,False,True,2,0.1,-97.0862802068778,25,0.0,0.0,78945116.56090745,578
Sim630,Sim630,F04,,False,True,2,0.1,-97.0862802068778,26,0.0062919325655251,496717.3497787487,78945116.56090745,578
Sim630,Sim630,F04,,False,True,2,0.1,-97.0862802068778,111,0.0753760077128604,5950567.7147876285,78945116.56090745,578
Sim630,Sim630,F04,,False,True,2,0.1,-97.0862802068778,121,0.0,0.0,78945116.56090745,578
Sim630,Sim630,F04,,False,True,2,0.1,-97.0862802068778,131,0.0,0.0,78945116.56090745,578
Sim630,Sim630,F04,,False,True,2,0.1,-97.0862802068778,161,0.0011239748157564,88732.3228414174,78945116.56090745,578
Sim630,Sim630,F04,,False,True,2,0.1,-97.0862802068778,231,0.3065286727828388,24198941.80210147,78945116.56090745,578
Sim630,Sim630,F04,,False,True,2,0.1,-97.0862802068778,232,0.0,0.0,78945116.56090745,578
Sim630,Sim630,F04,,False,True,2,0.1,-97.0862802068778,241,0.1068852814151716,8438070.999966122,78945116.56090745,578
Sim630,Sim630,F04,,False,True,3,0.15,-98.29581600018754,11,0.0,0.0,63553017.6682921,644
Sim630,Sim630,F04,,False,True,3,0.15,-98.29581600018754,12,0.0,0.0,63553017.6682921,644
Sim630,Sim630,F04,,False,True,3,0.15,-98.29581600018754,13,0.2378339928097478,15115067.947158365,63553017.6682921,644
Sim630,Sim630,F04,,False,True,3,0.15,-98.29581600018754,14,0.0090706716627885,576468.5564484771,63553017.6682921,644
Sim630,Sim630,F04,,False,True,3,0.15,-98.29581600018754,15,0.0,0.0,63553017.6682921,644
Sim630,Sim630,F04,,False,True,3,0.15,-98.29581600018754,16,0.0,0.0,63553017.6682921,644
Sim630,Sim630,F04,,False,True,3,0.15,-98.29581600018754,21,0.0,0.0,63553017.6682921,644
Sim630,Sim630,F04,,False,True,3,0.15,-98.29581600018754,22,0.0,0.0,63553017.6682921,644
Sim630,Sim630,F04,,False,True,3,0.15,-98.29581600018754,23,0.0971560620562434,6174560.9284421215,63553017.6682921,644
Sim630,Sim630,F04,,False,True,3,0.15,-98.29581600018754,24,0.0429545888560933,2729893.744505521,63553017.6682921,644
Sim630,Sim630,F04,,False,True,3,0.15,-98.29581600018754,25,0.0,0.0,63553017.6682921,644
Sim630,Sim630,F04,,False,True,3,0.15,-98.29581600018754,26,0.0,0.0,63553017.6682921,644
Sim630,Sim630,F04,,False,True,3,0.15,-98.29581600018754,111,0.0,0.0,63553017.6682921,644
Sim630,Sim630,F04,,False,True,3,0.15,-98.29581600018754,121,0.0,0.0,63553017.6682921,644
Sim630,Sim630,F04,,False,True,3,0.15,-98.29581600018754,131,0.0,0.0,63553017.6682921,644
Sim630,Sim630,F04,,False,True,3,0.15,-98.29581600018754,161,0.0,0.0,63553017.6682921,644
Sim630,Sim630,F04,,False,True,3,0.15,-98.29581600018754,231,0.4873545828150867,30972854.41237033,63553017.6682921,644
Sim630,Sim630,F04,,False,True,3,0.15,-98.29581600018754,232,0.0,0.0,63553017.6682921,644
Sim630,Sim630,F04,,False,True,3,0.15,-98.29581600018754,241,0.1256301018000401,7984172.079367288,63553017.6682921,644
Sim630,Sim630,F04,,False,True,4,0.2,-62.02491258133941,11,0.0,0.0,111970219.6906916,648
Sim630,Sim630,F04,,False,True,4,0.2,-62.02491258133941,12,0.0,0.0,111970219.6906916,648
Sim630,Sim630,F04,,False,True,4,0.2,-62.02491258133941,13,0.1207456893450868,13519921.362673372,111970219.6906916,648
Sim630,Sim630,F04,,False,True,4,0.2,-62.02491258133941,14,0.0065373168640287,731984.8054529582,111970219.6906916,648
Sim630,Sim630,F04,,False,True,4,0.2,-62.02491258133941,15,0.0,0.0,111970219.6906916,648
Sim630,Sim630,F04,,False,True,4,0.2,-62.02491258133941,16,0.0,0.0,111970219.6906916,648
Sim630,Sim630,F04,,False,True,4,0.2,-62.02491258133941,21,0.3326326915743076,37244955.55188128,111970219.6906916,648
Sim630,Sim630,F04,,False,True,4,0.2,-62.02491258133941,22,0.0324191554723737,3629979.960428371,111970219.6906916,648
Sim630,Sim630,F04,,False,True,4,0.2,-62.02491258133941,23,0.0080374199022881,899951.6722055417,111970219.6906916,648
Sim630,Sim630,F04,,False,True,4,0.2,-62.02491258133941,24,0.0008646856258926,96819.03949458276,111970219.6906916,648
Sim630,Sim630,F04,,False,True,4,0.2,-62.02491258133941,25,0.0,0.0,111970219.6906916,648
Sim630,Sim630,F04,,False,True,4,0.2,-62.02491258133941,26,0.0,0.0,111970219.6906916,648
Sim630,Sim630,F04,,False,True,4,0.2,-62.02491258133941,111,0.0163440875818266,1830051.0771810352,111970219.6906916,648
Sim630,Sim630,F04,,False,True,4,0.2,-62.02491258133941,121,0.0,0.0,111970219.6906916,648
Sim630,Sim630,F04,,False,True,4,0.2,-62.02491258133941,131,0.0010186696945064,114060.6694861372,111970219.6906916,648
Sim630,Sim630,F04,,False,True,4,0.2,-62.02491258133941,161,0.0,0.0,111970219.6906916,648
Sim630,Sim630,F04,,False,True,4,0.2,-62.02491258133941,231,0.3790894032141503,42446723.76030158,111970219.6906916,648
Sim630,Sim630,F04,,False,True,4,0.2,-62.02491258133941,232,0.0,0.0,111970219.6906916,648
Sim630,Sim630,F04,,False,True,4,0.2,-62.02491258133941,241,0.1023108807255388,11455771.791586729,111970219.6906916,648
Sim630,Sim630,F04,,False,True,5,0.25,-87.72982417522506,11,0.0,0.0,60008952.19251856,648
Sim630,Sim630,F04,,False,True,5,0.25,-87.72982417522506,12,0.0,0.0,60008952.19251856,648
Sim630,Sim630,F04,,False,True,5,0.25,-87.72982417522506,13,0.2121065099974668,12728289.418159943,60008952.19251856,648
Sim630,Sim630,F04,,False,True,5,0.25,-87.72982417522506,14,0.0087004189202934,522103.02304277575,60008952.19251856,648
Sim630,Sim630,F04,,False,True,5,0.25,-87.72982417522506,15,0.0,0.0,60008952.19251856,648
Sim630,Sim630,F04,,False,True,5,0.25,-87.72982417522506,16,0.0,0.0,60008952.19251856,648
Sim630,Sim630,F04,,False,True,5,0.25,-87.72982417522506,21,0.0,0.0,60008952.19251856,648
Sim630,Sim630,F04,,False,True,5,0.25,-87.72982417522506,22,0.0,0.0,60008952.19251856,648
Sim630,Sim630,F04,,False,True,5,0.25,-87.72982417522506,23,0.0234637609070019,1408035.7065249663,60008952.19251856,648
Sim630,Sim630,F04,,False,True,5,0.25,-87.72982417522506,24,0.0276499652645452,1659245.4436848962,60008952.19251856,648
Sim630,Sim630,F04,,False,True,5,0.25,-87.72982417522506,25,0.0,0.0,60008952.19251856,648
Sim630,Sim630,F04,,False,True,5,0.25,-87.72982417522506,26,0.0,0.0,60008952.19251856,648
Sim630,Sim630,F04,,False,True,5,0.25,-87.72982417522506,111,0.0,0.0,60008952.19251856,648
Sim630,Sim630,F04,,False,True,5,0.25,-87.72982417522506,121,0.0,0.0,60008952.19251856,648
Sim630,Sim630,F04,,False,True,5,0.25,-87.72982417522506,131,0.0,0.0,60008952.19251856,648
Sim630,Sim630,F04,,False,True,5,0.25,-87.72982417522506,161,0.0,0.0,60008952.19251856,648
Sim630,Sim630,F04,,False,True,5,0.25,-87.72982417522506,231,0.5648663743160188,33897039.25149127,60008952.19251856,648
Sim630,Sim630,F04,,False,True,5,0.25,-87.72982417522506,232,0.0,0.0,60008952.19251856,648
Sim630,Sim630,F04,,False,True,5,0.25,-87.72982417522506,241,0.1632129705946734,9794239.349614698,60008952.19251856,648
Sim630,Sim630,F04,,False,True,6,0.3,-83.31103831308111,11,0.0,0.0,58152448.44023043,648
Sim630,Sim630,F04,,False,True,6,0.3,-83.31103831308111,12,0.0060345702903781,350925.0376701605,58152448.44023043,648
Sim630,Sim630,F04,,False,True,6,0.3,-83.31103831308111,13,0.2218763571639364,12902653.420081962,58152448.44023043,648
Sim630,Sim630,F04,,False,True,6,0.3,-83.31103831308111,14,0.0939377026836903,5462707.411906998,58152448.44023043,648
Sim630,Sim630,F04,,False,True,6,0.3,-83.31103831308111,15,0.0,0.0,58152448.44023043,648
Sim630,Sim630,F04,,False,True,6,0.3,-83.31103831308111,16,0.0,0.0,58152448.44023043,648
Sim630,Sim630,F04,,False,True,6,0.3,-83.31103831308111,21,0.0020433167917336,118823.87437834522,58152448.44023043,648
Sim630,Sim630,F04,,False,True,6,0.3,-83.31103831308111,22,0.0,0.0,58152448.44023043,648
Sim630,Sim630,F04,,False,True,6,0.3,-83.31103831308111,23,0.199288835318817,11589133.72059108,58152448.44023043,648
Sim630,Sim630,F04,,False,True,6,0.3,-83.31103831308111,24,0.0,0.0,58152448.44023043,648
Sim630,Sim630,F04,,False,True,6,0.3,-83.31103831308111,25,0.0,0.0,58152448.44023043,648
Sim630,Sim630,F04,,False,True,6,0.3,-83.31103831308111,26,0.0,0.0,58152448.44023043,648
Sim630,Sim630,F04,,False,True,6,0.3,-83.31103831308111,111,0.0,0.0,58152448.44023043,648
Sim630,Sim630,F04,,False,True,6,0.3,-83.31103831308111,121,0.0,0.0,58152448.44023043,648
Sim630,Sim630,F04,,False,True,6,0.3,-83.31103831308111,131,0.0238502919214799,1386952.8712483044,58152448.44023043,648
Sim630,Sim630,F04,,False,True,6,0.3,-83.31103831308111,161,0.0,0.0,58152448.44023043,648
Sim630,Sim630,F04,,False,True,6,0.3,-83.31103831308111,231,0.2962998201809443,17230560.015921913,58152448.44023043,648
Sim630,Sim630,F04,,False,True,6,0.3,-83.31103831308111,232,0.0,0.0,58152448.44023043,648
Sim630,Sim630,F04,,False,True,6,0.3,-83.31103831308111,241,0.1566691056490202,9110692.088431664,58152448.44023043,648
Sim630,Sim630,F04,,False,True,7,0.35,-77.70861934898979,11,0.0,0.0,58198712.40076831,648
Sim630,Sim630,F04,,False,True,7,0.35,-77.70861934898979,12,0.0,0.0,58198712.40076831,648
Sim630,Sim630,F04,,False,True,7,0.35,-77.70861934898979,13,0.1099468902899066,6398767.447341101,58198712.40076831,648
Sim630,Sim630,F04,,False,True,7,0.35,-77.70861934898979,14,0.1107742862305716,6446920.825733426,58198712.40076831,648
Sim630,Sim630,F04,,False,True,7,0.35,-77.70861934898979,15,0.0,0.0,58198712.40076831,648
Sim630,Sim630,F04,,False,True,7,0.35,-77.70861934898979,16,0.0,0.0,58198712.40076831,648
Sim630,Sim630,F04,,False,True,7,0.35,-77.70861934898979,21,0.0,0.0,58198712.40076831,648
Sim630,Sim630,F04,,False,True,7,0.35,-77.70861934898979,22,0.0,0.0,58198712.40076831,648
Sim630,Sim630,F04,,False,True,7,0.35,-77.70861934898979,23,0.0785742647841588,4572921.03827508,58198712.40076831,648
Sim630,Sim630,F04,,False,True,7,0.35,-77.70861934898979,24,0.3448102166982284,20067510.634466797,58198712.40076831,648
Sim630,Sim630,F04,,False,True,7,0.35,-77.70861934898979,25,0.0,0.0,58198712.40076831,648
Sim630,Sim630,F04,,False,True,7,0.35,-77.70861934898979,26,0.0472168942541271,2747962.4491534345,58198712.40076831,648
Sim630,Sim630,F04,,False,True,7,0.35,-77.70861934898979,111,0.0,0.0,58198712.40076831,648
Sim630,Sim630,F04,,False,True,7,0.35,-77.70861934898979,121,0.0,0.0,58198712.40076831,648
Sim630,Sim630,F04,,False,True,7,0.35,-77.70861934898979,131,0.0,0.0,58198712.40076831,648
Sim630,Sim630,F04,,False,True,7,0.35,-77.70861934898979,161,0.0665025720272485,3870364.063325218,58198712.40076831,648
Sim630,Sim630,F04,,False,True,7,0.35,-77.70861934898979,231,0.0717153061420694,4173738.476895352,58198712.40076831,648
Sim630,Sim630,F04,,False,True,7,0.35,-77.70861934898979,232,0.0,0.0,58198712.40076831,648
Sim630,Sim630,F04,,False,True,7,0.35,-77.70861934898979,241,0.1704595695736893,9920527.465577902,58198712.40076831,648
Sim630,Sim630,F04,,False,True,8,0.4,-71.77332683231688,11,0.0,0.0,58203368.899578094,648
Sim630,Sim630,F04,,False,True,8,0.4,-71.77332683231688,12,0.0,0.0,58203368.899578094,648
Sim630,Sim630,F04,,False,True,8,0.4,-71.77332683231688,13,0.1204516336969558,7010690.87062077,58203368.899578094,648
Sim630,Sim630,F04,,False,True,8,0.4,-71.77332683231688,14,0.1715667100984479,9985760.518746937,58203368.899578094,648
Sim630,Sim630,F04,,False,True,8,0.4,-71.77332683231688,15,0.0,0.0,58203368.899578094,648
Sim630,Sim630,F04,,False,True,8,0.4,-71.77332683231688,16,0.0,0.0,58203368.899578094,648
Sim630,Sim630,F04,,False,True,8,0.4,-71.77332683231688,21,0.0,0.0,58203368.899578094,648
Sim630,Sim630,F04,,False,True,8,0.4,-71.77332683231688,22,0.0,0.0,58203368.899578094,648
Sim630,Sim630,F04,,False,True,8,0.4,-71.77332683231688,23,0.0,0.0,58203368.899578094,648
Sim630,Sim630,F04,,False,True,8,0.4,-71.77332683231688,24,0.0,0.0,58203368.899578094,648
Sim630,Sim630,F04,,False,True,8,0.4,-71.77332683231688,25,0.0,0.0,58203368.899578094,648
Sim630,Sim630,F04,,False,True,8,0.4,-71.77332683231688,26,0.0,0.0,58203368.899578094,648
Sim630,Sim630,F04,,False,True,8,0.4,-71.77332683231688,111,0.0,0.0,58203368.899578094,648
Sim630,Sim630,F04,,False,True,8,0.4,-71.77332683231688,121,0.0,0.0,58203368.899578094,648
Sim630,Sim630,F04,,False,True,8,0.4,-71.77332683231688,131,0.199301087549139,11599994.720709648,58203368.899578094,648
Sim630,Sim630,F04,,False,True,8,0.4,-71.77332683231688,161,0.0,0.0,58203368.899578094,648
Sim630,Sim630,F04,,False,True,8,0.4,-71.77332683231688,231,0.0068055924832413,396108.4098822939,58203368.899578094,648
Sim630,Sim630,F04,,False,True,8,0.4,-71.77332683231688,232,0.0,0.0,58203368.899578094,648
Sim630,Sim630,F04,,False,True,8,0.4,-71.77332683231688,241,0.5018749761722158,29210814.379618444,58203368.899578094,648
Sim630,Sim630,F04,,False,True,9,0.45,-65.75205869542555,11,0.0,0.0,58290849.99030008,648
Sim630,Sim630,F04,,False,True,9,0.45,-65.75205869542555,12,0.0,0.0,58290849.99030008,648
Sim630,Sim630,F04,,False,True,9,0.45,-65.75205869542555,13,0.1724842220964936,10054251.915920315,58290849.99030008,648
Sim630,Sim630,F04,,False,True,9,0.45,-65.75205869542555,14,0.1978881301589385,11535067.309955666,58290849.99030008,648
Sim630,Sim630,F04,,False,True,9,0.45,-65.75205869542555,15,0.0,0.0,58290849.99030008,648
Sim630,Sim630,F04,,False,True,9,0.45,-65.75205869542555,16,0.0,0.0,58290849.99030008,648
Sim630,Sim630,F04,,False,True,9,0.45,-65.75205869542555,21,0.0,0.0,58290849.99030008,648
Sim630,Sim630,F04,,False,True,9,0.45,-65.75205869542555,22,0.0,0.0,58290849.99030008,648
Sim630,Sim630,F04,,False,True,9,0.45,-65.75205869542555,23,0.0127050191237373,740586.3638656671,58290849.99030008,648
Sim630,Sim630,F04,,False,True,9,0.45,-65.75205869542555,24,0.0,0.0,58290849.99030008,648
Sim630,Sim630,F04,,False,True,9,0.45,-65.75205869542555,25,0.0,0.0,58290849.99030008,648
Sim630,Sim630,F04,,False,True,9,0.45,-65.75205869542555,26,0.0,0.0,58290849.99030008,648
Sim630,Sim630,F04,,False,True,9,0.45,-65.75205869542555,111,0.0,0.0,58290849.99030008,648
Sim630,Sim630,F04,,False,True,9,0.45,-65.75205869542555,121,0.0,0.0,58290849.99030008,648
Sim630,Sim630,F04,,False,True,9,0.45,-65.75205869542555,131,0.0044388297526689,258743.1592453083,58290849.99030008,648
Sim630,Sim630,F04,,False,True,9,0.45,-65.75205869542555,161,0.0074583442483187,434753.22575476335,58290849.99030008,648
Sim630,Sim630,F04,,False,True,9,0.45,-65.75205869542555,231,0.1854718990172806,10811314.643032389,58290849.99030008,648
Sim630,Sim630,F04,,False,True,9,0.45,-65.75205869542555,232,0.0,0.0,58290849.99030008,648
Sim630,Sim630,F04,,False,True,9,0.45,-65.75205869542555,241,0.4195535556025622,24456133.37252598,58290849.99030008,648
Sim630,Sim630,F04,,False,True,10,0.5,-59.77734985842216,11,0.0,0.0,58313232.95641093,648
Sim630,Sim630,F04,,False,True,10,0.5,-59.77734985842216,12,0.0,0.0,58313232.95641093,648
Sim630,Sim630,F04,,False,True,10,0.5,-59.77734985842216,13,0.2129979201298178,12420597.335761078,58313232.95641093,648
Sim630,Sim630,F04,,False,True,10,0.5,-59.77734985842216,14,0.1160348072884631,6766364.748464399,58313232.95641093,648
Sim630,Sim630,F04,,False,True,10,0.5,-59.77734985842216,15,0.0,0.0,58313232.95641093,648
Sim630,Sim630,F04,,False,True,10,0.5,-59.77734985842216,16,0.0,0.0,58313232.95641093,648
Sim630,Sim630,F04,,False,True,10,0.5,-59.77734985842216,21,0.0,0.0,58313232.95641093,648
Sim630,Sim630,F04,,False,True,10,0.5,-59.77734985842216,22,0.0,0.0,58313232.95641093,648
Sim630,Sim630,F04,,False,True,10,0.5,-59.77734985842216,23,0.0,0.0,58313232.95641093,648
Sim630,Sim630,F04,,False,True,10,0.5,-59.77734985842216,24,0.0,0.0,58313232.95641093,648
Sim630,Sim630,F04,,False,True,10,0.5,-59.77734985842216,25,0.0,0.0,58313232.95641093,648
Sim630,Sim630,F04,,False,True,10,0.5,-59.77734985842216,26,0.0,0.0,58313232.95641093,648
Sim630,Sim630,F04,,False,True,10,0.5,-59.77734985842216,111,0.0,0.0,58313232.95641093,648
Sim630,Sim630,F04,,False,True,10,0.5,-59.77734985842216,121,0.0,0.0,58313232.95641093,648
Sim630,Sim630,F04,,False,True,10,0.5,-59.77734985842216,131,0.1622518686635033,9461431.01498786,58313232.95641093,648
Sim630,Sim630,F04,,False,True,10,0.5,-59.77734985842216,161,0.0,0.0,58313232.95641093,648
Sim630,Sim630,F04,,False,True,10,0.5,-59.77734985842216,231,0.0941239781927779,5488673.467139603,58313232.95641093,648
Sim630,Sim630,F04,,False,True,10,0.5,-59.77734985842216,232,0.0,0.0,58313232.95641093,648
Sim630,Sim630,F04,,False,True,10,0.5,-59.77734985842216,241,0.4145914257254376,24176166.390057985,58313232.95641093,648
Sim630,Sim630,F04,,False,True,11,0.55,-54.0112445003973,11,0.0,0.0,58333765.4221156,648
Sim630,Sim630,F04,,False,True,11,0.55,-54.0112445003973,12,0.0,0.0,58333765.4221156,648
Sim630,Sim630,F04,,False,True,11,0.55,-54.0112445003973,13,0.2660674994230937,15520719.097795628,58333765.4221156,648
Sim630,Sim630,F04,,False,True,11,0.55,-54.0112445003973,14,0.0161651913612239,942976.4808692456,58333765.4221156,648
Sim630,Sim630,F04,,False,True,11,0.55,-54.0112445003973,15,0.0,0.0,58333765.4221156,648
Sim630,Sim630,F04,,False,True,11,0.55,-54.0112445003973,16,0.0,0.0,58333765.4221156,648
Sim630,Sim630,F04,,False,True,11,0.55,-54.0112445003973,21,0.0,0.0,58333765.4221156,648
Sim630,Sim630,F04,,False,True,11,0.55,-54.0112445003973,22,0.0,0.0,58333765.4221156,648
Sim630,Sim630,F04,,False,True,11,0.55,-54.0112445003973,23,0.0415189961181815,2421959.38011973,58333765.4221156,648
Sim630,Sim630,F04,,False,True,11,0.55,-54.0112445003973,24,0.0,0.0,58333765.4221156,648
Sim630,Sim630,F04,,False,True,11,0.55,-54.0112445003973,25,0.0,0.0,58333765.4221156,648
Sim630,Sim630,F04,,False,True,11,0.55,-54.0112445003973,26,0.0,0.0,58333765.4221156,648
Sim630,Sim630,F04,,False,True,11,0.55,-54.0112445003973,111,0.0,0.0,58333765.4221156,648
Sim630,Sim630,F04,,False,True,11,0.55,-54.0112445003973,121,0.0,0.0,58333765.4221156,648
Sim630,Sim630,F04,,False,True,11,0.55,-54.0112445003973,131,0.0396153575498632,2310912.9744269582,58333765.4221156,648
Sim630,Sim630,F04,,False,True,11,0.55,-54.0112445003973,161,0.0,0.0,58333765.4221156,648
Sim630,Sim630,F04,,False,True,11,0.55,-54.0112445003973,231,0.168484843621366,9828355.344990594,58333765.4221156,648
Sim630,Sim630,F04,,False,True,11,0.55,-54.0112445003973,232,0.0,0.0,58333765.4221156,648
Sim630,Sim630,F04,,False,True,11,0.55,-54.0112445003973,241,0.4681481119262716,27308842.143913448,58333765.4221156,648
Sim630,Sim630,F04,,False,True,12,0.6,-48.42905807575104,11,0.0,0.0,58290249.1042843,648
Sim630,Sim630,F04,,False,True,12,0.6,-48.42905807575104,12,0.0,0.0,58290249.1042843,648
Sim630,Sim630,F04,,False,True,12,0.6,-48.42905807575104,13,0.22958082265906,13382323.34236313,58290249.1042843,648
Sim630,Sim630,F04,,False,True,12,0.6,-48.42905807575104,14,0.0559551412367146,3261639.1213535084,58290249.1042843,648
Sim630,Sim630,F04,,False,True,12,0.6,-48.42905807575104,15,0.0,0.0,58290249.1042843,648
Sim630,Sim630,F04,,False,True,12,0.6,-48.42905807575104,16,0.0,0.0,58290249.1042843,648
Sim630,Sim630,F04,,False,True,12,0.6,-48.42905807575104,21,0.0,0.0,58290249.1042843,648
Sim630,Sim630,F04,,False,True,12,0.6,-48.42905807575104,22,0.0,0.0,58290249.1042843,648
Sim630,Sim630,F04,,False,True,12,0.6,-48.42905807575104,23,0.0271311909826168,1581483.880872648,58290249.1042843,648
Sim630,Sim630,F04,,False,True,12,0.6,-48.42905807575104,24,0.0,0.0,58290249.1042843,648
Sim630,Sim630,F04,,False,True,12,0.6,-48.42905807575104,25,0.0,0.0,58290249.1042843,648
Sim630,Sim630,F04,,False,True,12,0.6,-48.42905807575104,26,0.0,0.0,58290249.1042843,648
Sim630,Sim630,F04,,False,True,12,0.6,-48.42905807575104,111,0.0,0.0,58290249.1042843,648
Sim630,Sim630,F04,,False,True,12,0.6,-48.42905807575104,121,0.0,0.0,58290249.1042843,648
Sim630,Sim630,F04,,False,True,12,0.6,-48.42905807575104,131,0.0046936452682711,273593.7518946717,58290249.1042843,648
Sim630,Sim630,F04,,False,True,12,0.6,-48.42905807575104,161,0.007914716092384,461350.7726147546,58290249.1042843,648
Sim630,Sim630,F04,,False,True,12,0.6,-48.42905807575104,231,0.1387574789201268,8088208.011336672,58290249.1042843,648
Sim630,Sim630,F04,,False,True,12,0.6,-48.42905807575104,232,0.0,0.0,58290249.1042843,648
Sim630,Sim630,F04,,False,True,12,0.6,-48.42905807575104,241,0.5359670048408264,31241650.22384892,58290249.1042843,648
Sim630,Sim630,F04,,False,True,13,0.65,-42.33912644015901,11,0.0,0.0,61492198.08595924,621
Sim630,Sim630,F04,,False,True,13,0.65,-42.33912644015901,12,0.0,0.0,61492198.08595924,621
Sim630,Sim630,F04,,False,True,13,0.65,-42.33912644015901,13,0.1401713694076276,8619445.613594009,61492198.08595924,621
Sim630,Sim630,F04,,False,True,13,0.65,-42.33912644015901,14,0.0,0.0,61492198.08595924,621
Sim630,Sim630,F04,,False,True,13,0.65,-42.33912644015901,15,0.0,0.0,61492198.08595924,621
Sim630,Sim630,F04,,False,True,13,0.65,-42.33912644015901,16,0.0,0.0,61492198.08595924,621
Sim630,Sim630,F04,,False,True,13,0.65,-42.33912644015901,21,0.0037549103438252,230897.69065751712,61492198.08595924,621
Sim630,Sim630,F04,,False,True,13,0.65,-42.33912644015901,22,0.0253151269383893,1556682.8002666405,61492198.08595924,621
Sim630,Sim630,F04,,False,True,13,0.65,-42.33912644015901,23,0.0,0.0,61492198.08595924,621
Sim630,Sim630,F04,,False,True,13,0.65,-42.33912644015901,24,0.0,0.0,61492198.08595924,621
Sim630,Sim630,F04,,False,True,13,0.65,-42.33912644015901,25,0.0,0.0,61492198.08595924,621
Sim630,Sim630,F04,,False,True,13,0.65,-42.33912644015901,26,0.0,0.0,61492198.08595924,621
Sim630,Sim630,F04,,False,True,13,0.65,-42.33912644015901,111,0.3424968485782154,21060884.056588408,61492198.08595924,621
Sim630,Sim630,F04,,False,True,13,0.65,-42.33912644015901,121,0.0042789397519458,263121.4108245402,61492198.08595924,621
Sim630,Sim630,F04,,False,True,13,0.65,-42.33912644015901,131,0.0215776833973969,1326859.1817088476,61492198.08595924,621
Sim630,Sim630,F04,,False,True,13,0.65,-42.33912644015901,161,0.0,0.0,61492198.08595924,621
Sim630,Sim630,F04,,False,True,13,0.65,-42.33912644015901,231,0.1138263467665124,6999432.262767472,61492198.08595924,621
Sim630,Sim630,F04,,False,True,13,0.65,-42.33912644015901,232,0.0791999605780046,4870179.664262826,61492198.08595924,621
Sim630,Sim630,F04,,False,True,13,0.65,-42.33912644015901,241,0.2693788142380825,16564695.405288989,61492198.08595924,621
Sim630,Sim630,F04,,False,True,14,0.7,-39.015228229944526,11,0.0,0.0,57455653.72201772,643
Sim630,Sim630,F04,,False,True,14,0.7,-39.015228229944526,12,0.0355584828752624,2043035.878961374,57455653.72201772,643
Sim630,Sim630,F04,,False,True,14,0.7,-39.015228229944526,13,0.5307703323006391,30495756.4185858,57455653.72201772,643
Sim630,Sim630,F04,,False,True,14,0.7,-39.015228229944526,14,0.0,0.0,57455653.72201772,643
Sim630,Sim630,F04,,False,True,14,0.7,-39.015228229944526,15,0.0,0.0,57455653.72201772,643
Sim630,Sim630,F04,,False,True,14,0.7,-39.015228229944526,16,0.0,0.0,57455653.72201772,643
Sim630,Sim630,F04,,False,True,14,0.7,-39.015228229944526,21,0.0,0.0,57455653.72201772,643
Sim630,Sim630,F04,,False,True,14,0.7,-39.015228229944526,22,0.0,0.0,57455653.72201772,643
Sim630,Sim630,F04,,False,True,14,0.7,-39.015228229944526,23,0.1004572202441644,5771835.260225182,57455653.72201772,643
Sim630,Sim630,F04,,False,True,14,0.7,-39.015228229944526,24,0.0,0.0,57455653.72201772,643
Sim630,Sim630,F04,,False,True,14,0.7,-39.015228229944526,25,0.0,0.0,57455653.72201772,643
Sim630,Sim630,F04,,False,True,14,0.7,-39.015228229944526,26,0.0,0.0,57455653.72201772,643
Sim630,Sim630,F04,,False,True,14,0.7,-39.015228229944526,111,0.0315668687866758,1813695.0820956144,57455653.72201772,643
Sim630,Sim630,F04,,False,True,14,0.7,-39.015228229944526,121,0.0,0.0,57455653.72201772,643
Sim630,Sim630,F04,,False,True,14,0.7,-39.015228229944526,131,0.0,0.0,57455653.72201772,643
Sim630,Sim630,F04,,False,True,14,0.7,-39.015228229944526,161,0.0,0.0,57455653.72201772,643
Sim630,Sim630,F04,,False,True,14,0.7,-39.015228229944526,231,0.1523230410152619,8751819.89845759,57455653.72201772,643
Sim630,Sim630,F04,,False,True,14,0.7,-39.015228229944526,232,0.0,0.0,57455653.72201772,643
Sim630,Sim630,F04,,False,True,14,0.7,-39.015228229944526,241,0.1493240547779961,8579511.183692154,57455653.72201772,643
Sim630,Sim630,F04,,False,True,15,0.75,-23.98814186382183,11,0.0029847956737772,281127.6371088706,94186560.0981343,606
Sim630,Sim630,F04,,False,True,15,0.75,-23.98814186382183,12,0.0115304096691316,1086009.623257774,94186560.0981343,606
Sim630,Sim630,F04,,False,True,15,0.75,-23.98814186382183,13,0.1927001500237793,18149764.261134185,94186560.0981343,606
Sim630,Sim630,F04,,False,True,15,0.75,-23.98814186382183,14,0.0,0.0,94186560.0981343,606
Sim630,Sim630,F04,,False,True,15,0.75,-23.98814186382183,15,0.0,0.0,94186560.0981343,606
Sim630,Sim630,F04,,False,True,15,0.75,-23.98814186382183,16,0.0,0.0,94186560.0981343,606
Sim630,Sim630,F04,,False,True,15,0.75,-23.98814186382183,21,0.0110441984688056,1040215.062817883,94186560.0981343,606
Sim630,Sim630,F04,,False,True,15,0.75,-23.98814186382183,22,0.0,0.0,94186560.0981343,606
Sim630,Sim630,F04,,False,True,15,0.75,-23.98814186382183,23,0.0144179997504802,1357981.7999934908,94186560.0981343,606
Sim630,Sim630,F04,,False,True,15,0.75,-23.98814186382183,24,0.0,0.0,94186560.0981343,606
Sim630,Sim630,F04,,False,True,15,0.75,-23.98814186382183,25,0.0,0.0,94186560.0981343,606
Sim630,Sim630,F04,,False,True,15,0.75,-23.98814186382183,26,0.0,0.0,94186560.0981343,606
Sim630,Sim630,F04,,False,True,15,0.75,-23.98814186382183,111,0.4822799004036979,45424284.82349511,94186560.0981343,606
Sim630,Sim630,F04,,False,True,15,0.75,-23.98814186382183,121,0.0,0.0,94186560.0981343,606
Sim630,Sim630,F04,,False,True,15,0.75,-23.98814186382183,131,0.0009621927095806,90625.6214669091,94186560.0981343,606
Sim630,Sim630,F04,,False,True,15,0.75,-23.98814186382183,161,0.0,0.0,94186560.0981343,606
Sim630,Sim630,F04,,False,True,15,0.75,-23.98814186382183,231,0.1015892971770578,9568346.443894183,94186560.0981343,606
Sim630,Sim630,F04,,False,True,15,0.75,-23.98814186382183,232,0.0,0.0,94186560.0981343,606
Sim630,Sim630,F04,,False,True,15,0.75,-23.98814186382183,241,0.1824910561236894,17188204.824965872,94186560.0981343,606
Sim630,Sim630,F04,,False,True,16,0.8,-29.16512514187122,11,0.0,0.0,57848870.126058094,644
Sim630,Sim630,F04,,False,True,16,0.8,-29.16512514187122,12,0.1259958333415625,7288716.599400513,57848870.126058094,644
Sim630,Sim630,F04,,False,True,16,0.8,-29.16512514187122,13,0.2747929531526454,15896461.858483352,57848870.126058094,644
Sim630,Sim630,F04,,False,True,16,0.8,-29.16512514187122,14,0.0,0.0,57848870.126058094,644
Sim630,Sim630,F04,,False,True,16,0.8,-29.16512514187122,15,0.0,0.0,57848870.126058094,644
Sim630,Sim630,F04,,False,True,16,0.8,-29.16512514187122,16,0.0,0.0,57848870.126058094,644
Sim630,Sim630,F04,,False,True,16,0.8,-29.16512514187122,21,0.0,0.0,57848870.126058094,644
Sim630,Sim630,F04,,False,True,16,0.8,-29.16512514187122,22,0.0,0.0,57848870.126058094,644
Sim630,Sim630,F04,,False,True,16,0.8,-29.16512514187122,23,0.4125093096473245,23863197.47957796,57848870.126058094,644
Sim630,Sim630,F04,,False,True,16,0.8,-29.16512514187122,24,0.0,0.0,57848870.126058094,644
Sim630,Sim630,F04,,False,True,16,0.8,-29.16512514187122,25,0.0,0.0,57848870.126058094,644
Sim630,Sim630,F04,,False,True,16,0.8,-29.16512514187122,26,0.0,0.0,57848870.126058094,644
Sim630,Sim630,F04,,False,True,16,0.8,-29.16512514187122,111,0.0,0.0,57848870.126058094,644
Sim630,Sim630,F04,,False,True,16,0.8,-29.16512514187122,121,0.0,0.0,57848870.126058094,644
Sim630,Sim630,F04,,False,True,16,0.8,-29.16512514187122,131,0.0,0.0,57848870.126058094,644
Sim630,Sim630,F04,,False,True,16,0.8,-29.16512514187122,161,0.0,0.0,57848870.126058094,644
Sim630,Sim630,F04,,False,True,16,0.8,-29.16512514187122,231,0.0345646839280648,1999527.9115028712,57848870.126058094,644
Sim630,Sim630,F04,,False,True,16,0.8,-29.16512514187122,232,0.0,0.0,57848870.126058094,644
Sim630,Sim630,F04,,False,True,16,0.8,-29.16512514187122,241,0.1521372199304026,8800966.2770934,57848870.126058094,644
Sim630,Sim630,F04,,False,True,17,0.85,-24.569127051061464,11,0.1429008450236621,8075306.334541822,56509857.11949202,617
Sim630,Sim630,F04,,False,True,17,0.85,-24.569127051061464,12,0.1083627048635227,6123560.968919353,56509857.11949202,617
Sim630,Sim630,F04,,False,True,17,0.85,-24.569127051061464,13,0.0521643069520509,2947797.5325977225,56509857.11949202,617
Sim630,Sim630,F04,,False,True,17,0.85,-24.569127051061464,14,0.0,0.0,56509857.11949202,617
Sim630,Sim630,F04,,False,True,17,0.85,-24.569127051061464,15,0.0,0.0,56509857.11949202,617
Sim630,Sim630,F04,,False,True,17,0.85,-24.569127051061464,16,0.0,0.0,56509857.11949202,617
Sim630,Sim630,F04,,False,True,17,0.85,-24.569127051061464,21,0.0488899105595977,2762761.860307616,56509857.11949202,617
Sim630,Sim630,F04,,False,True,17,0.85,-24.569127051061464,22,0.0,0.0,56509857.11949202,617
Sim630,Sim630,F04,,False,True,17,0.85,-24.569127051061464,23,0.2962877845270644,16743180.369875252,56509857.11949202,617
Sim630,Sim630,F04,,False,True,17,0.85,-24.569127051061464,24,0.0,0.0,56509857.11949202,617
Sim630,Sim630,F04,,False,True,17,0.85,-24.569127051061464,25,0.0,0.0,56509857.11949202,617
Sim630,Sim630,F04,,False,True,17,0.85,-24.569127051061464,26,0.0,0.0,56509857.11949202,617
Sim630,Sim630,F04,,False,True,17,0.85,-24.569127051061464,111,0.039258282459539,2218479.9325452102,56509857.11949202,617
Sim630,Sim630,F04,,False,True,17,0.85,-24.569127051061464,121,0.0,0.0,56509857.11949202,617
Sim630,Sim630,F04,,False,True,17,0.85,-24.569127051061464,131,0.0,0.0,56509857.11949202,617
Sim630,Sim630,F04,,False,True,17,0.85,-24.569127051061464,161,0.0,0.0,56509857.11949202,617
Sim630,Sim630,F04,,False,True,17,0.85,-24.569127051061464,231,0.1432032591149982,8092395.711634142,56509857.11949202,617
Sim630,Sim630,F04,,False,True,17,0.85,-24.569127051061464,232,0.0,0.0,56509857.11949202,617
Sim630,Sim630,F04,,False,True,17,0.85,-24.569127051061464,241,0.1689329064995648,9546374.409070913,56509857.11949202,617
Sim630,Sim630,F04,,False,True,18,0.9,-18.9448868301272,11,0.0,0.0,58312128.36721618,648
Sim630,Sim630,F04,,False,True,18,0.9,-18.9448868301272,12,0.1019622881294603,5945638.034020173,58312128.36721618,648
Sim630,Sim630,F04,,False,True,18,0.9,-18.9448868301272,13,0.0854840209053258,4984755.200377153,58312128.36721618,648
Sim630,Sim630,F04,,False,True,18,0.9,-18.9448868301272,14,0.0,0.0,58312128.36721618,648
Sim630,Sim630,F04,,False,True,18,0.9,-18.9448868301272,15,0.0,0.0,58312128.36721618,648
Sim630,Sim630,F04,,False,True,18,0.9,-18.9448868301272,16,0.0,0.0,58312128.36721618,648
Sim630,Sim630,F04,,False,True,18,0.9,-18.9448868301272,21,0.0,0.0,58312128.36721618,648
Sim630,Sim630,F04,,False,True,18,0.9,-18.9448868301272,22,0.0,0.0,58312128.36721618,648
Sim630,Sim630,F04,,False,True,18,0.9,-18.9448868301272,23,0.6905460979276677,40267212.7058384,58312128.36721618,648
Sim630,Sim630,F04,,False,True,18,0.9,-18.9448868301272,24,0.0,0.0,58312128.36721618,648
Sim630,Sim630,F04,,False,True,18,0.9,-18.9448868301272,25,0.0,0.0,58312128.36721618,648
Sim630,Sim630,F04,,False,True,18,0.9,-18.9448868301272,26,0.0,0.0,58312128.36721618,648
Sim630,Sim630,F04,,False,True,18,0.9,-18.9448868301272,111,0.0,0.0,58312128.36721618,648
Sim630,Sim630,F04,,False,True,18,0.9,-18.9448868301272,121,0.0,0.0,58312128.36721618,648
Sim630,Sim630,F04,,False,True,18,0.9,-18.9448868301272,131,0.0,0.0,58312128.36721618,648
Sim630,Sim630,F04,,False,True,18,0.9,-18.9448868301272,161,0.0,0.0,58312128.36721618,648
Sim630,Sim630,F04,,False,True,18,0.9,-18.9448868301272,231,0.0139896281002109,815764.9895891146,58312128.36721618,648
Sim630,Sim630,F04,,False,True,18,0.9,-18.9448868301272,232,0.0,0.0,58312128.36721618,648
Sim630,Sim630,F04,,False,True,18,0.9,-18.9448868301272,241,0.1080179649373352,6298757.437391349,58312128.36721618,648
Sim630,Sim630,F04,,False,True,19,0.95,-13.769646367906956,11,0.0777116591711901,4496964.3233543085,57867305.51522512,645
Sim630,Sim630,F04,,False,True,19,0.95,-13.769646367906956,12,0.0,0.0,57867305.51522512,645
Sim630,Sim630,F04,,False,True,19,0.95,-13.769646367906956,13,0.0797222555817287,4613312.12011076,57867305.51522512,645
Sim630,Sim630,F04,,False,True,19,0.95,-13.769646367906956,14,0.0,0.0,57867305.51522512,645
Sim630,Sim630,F04,,False,True,19,0.95,-13.769646367906956,15,0.0,0.0,57867305.51522512,645
Sim630,Sim630,F04,,False,True,19,0.95,-13.769646367906956,16,0.0,0.0,57867305.51522512,645
Sim630,Sim630,F04,,False,True,19,0.95,-13.769646367906956,21,0.1219396235485821,7056317.450297345,57867305.51522512,645
Sim630,Sim630,F04,,False,True,19,0.95,-13.769646367906956,22,0.0029714567306035,171950.19445510668,57867305.51522512,645
Sim630,Sim630,F04,,False,True,19,0.95,-13.769646367906956,23,0.2543343806676377,14717645.309119755,57867305.51522512,645
Sim630,Sim630,F04,,False,True,19,0.95,-13.769646367906956,24,0.0,0.0,57867305.51522512,645
Sim630,Sim630,F04,,False,True,19,0.95,-13.769646367906956,25,0.0,0.0,57867305.51522512,645
Sim630,Sim630,F04,,False,True,19,0.95,-13.769646367906956,26,0.0,0.0,57867305.51522512,645
Sim630,Sim630,F04,,False,True,19,0.95,-13.769646367906956,111,0.0827872712891551,4790676.320461368,57867305.51522512,645
Sim630,Sim630,F04,,False,True,19,0.95,-13.769646367906956,121,0.0,0.0,57867305.51522512,645
Sim630,Sim630,F04,,False,True,19,0.95,-13.769646367906956,131,0.0,0.0,57867305.51522512,645
Sim630,Sim630,F04,,False,True,19,0.95,-13.769646367906956,161,0.0,0.0,57867305.51522512,645
Sim630,Sim630,F04,,False,True,19,0.95,-13.769646367906956,231,0.145895994112692,8442608.064766638,57867305.51522512,645
Sim630,Sim630,F04,,False,True,19,0.95,-13.769646367906956,232,0.0648625966078707,3753423.69441846,57867305.51522512,645
Sim630,Sim630,F04,,False,True,19,0.95,-13.769646367906956,241,0.1697747622905396,9824408.038241375,57867305.51522512,645
Sim630,Sim630,F04,,False,True,20,1.0,-8.438926288436836,11,0.0,0.0,58316037.08584659,648
Sim630,Sim630,F04,,False,True,20,1.0,-8.438926288436836,12,0.0665605220818873,3881545.8741806513,58316037.08584659,648
Sim630,Sim630,F04,,False,True,20,1.0,-8.438926288436836,13,0.0757349082242955,4416559.716701206,58316037.08584659,648
Sim630,Sim630,F04,,False,True,20,1.0,-8.438926288436836,14,0.0,0.0,58316037.08584659,648
Sim630,Sim630,F04,,False,True,20,1.0,-8.438926288436836,15,0.0,0.0,58316037.08584659,648
Sim630,Sim630,F04,,False,True,20,1.0,-8.438926288436836,16,0.0,0.0,58316037.08584659,648
Sim630,Sim630,F04,,False,True,20,1.0,-8.438926288436836,21,0.0,0.0,58316037.08584659,648
Sim630,Sim630,F04,,False,True,20,1.0,-8.438926288436836,22,0.0,0.0,58316037.08584659,648
Sim630,Sim630,F04,,False,True,20,1.0,-8.438926288436836,23,0.8113209149326502,47313020.56373542,58316037.08584659,648
Sim630,Sim630,F04,,False,True,20,1.0,-8.438926288436836,24,0.0062426192904872,364044.81805687817,58316037.08584659,648
Sim630,Sim630,F04,,False,True,20,1.0,-8.438926288436836,25,0.0,0.0,58316037.08584659,648
Sim630,Sim630,F04,,False,True,20,1.0,-8.438926288436836,26,0.0,0.0,58316037.08584659,648
Sim630,Sim630,F04,,False,True,20,1.0,-8.438926288436836,111,0.0,0.0,58316037.08584659,648
Sim630,Sim630,F04,,False,True,20,1.0,-8.438926288436836,121,0.0,0.0,58316037.08584659,648
Sim630,Sim630,F04,,False,True,20,1.0,-8.438926288436836,131,0.0,0.0,58316037.08584659,648
Sim630,Sim630,F04,,False,True,20,1.0,-8.438926288436836,161,0.0,0.0,58316037.08584659,648
Sim630,Sim630,F04,,False,True,20,1.0,-8.438926288436836,231,0.0031063852925673,181152.07992428757,58316037.08584659,648
Sim630,Sim630,F04,,False,True,20,1.0,-8.438926288436836,232,0.0,0.0,58316037.08584659,648
Sim630,Sim630,F04,,False,True,20,1.0,-8.438926288436836,241,0.0370346501781123,2159714.0332481526,58316037.08584659,648
Sim633,Sim633,F01,,False,True,0,0.0,-116.2895651747251,11,0.3181614397140587,18644046.072854903,58599326.46021113,648
Sim633,Sim633,F01,,False,True,0,0.0,-116.2895651747251,12,0.5257388247898447,30807941.026667845,58599326.46021113,648
Sim633,Sim633,F01,,False,True,0,0.0,-116.2895651747251,13,0.0,0.0,58599326.46021113,648
Sim633,Sim633,F01,,False,True,0,0.0,-116.2895651747251,14,0.0,0.0,58599326.46021113,648
Sim633,Sim633,F01,,False,True,0,0.0,-116.2895651747251,15,0.0,0.0,58599326.46021113,648
Sim633,Sim633,F01,,False,True,0,0.0,-116.2895651747251,16,0.1560997354960966,9147339.360688375,58599326.46021113,648
Sim633,Sim633,F01,,False,True,0,0.0,-116.2895651747251,21,0.0,0.0,58599326.46021113,648
Sim633,Sim633,F01,,False,True,0,0.0,-116.2895651747251,22,0.0,0.0,58599326.46021113,648
Sim633,Sim633,F01,,False,True,0,0.0,-116.2895651747251,23,0.0,0.0,58599326.46021113,648
Sim633,Sim633,F01,,False,True,0,0.0,-116.2895651747251,24,0.0,0.0,58599326.46021113,648
Sim633,Sim633,F01,,False,True,0,0.0,-116.2895651747251,25,0.0,0.0,58599326.46021113,648
Sim633,Sim633,F01,,False,True,0,0.0,-116.2895651747251,26,0.0,0.0,58599326.46021113,648
Sim633,Sim633,F01,,False,True,0,0.0,-116.2895651747251,111,0.0,0.0,58599326.46021113,648
Sim633,Sim633,F01,,False,True,0,0.0,-116.2895651747251,121,0.0,0.0,58599326.46021113,648
Sim633,Sim633,F01,,False,True,0,0.0,-116.2895651747251,131,0.0,0.0,58599326.46021113,648
Sim633,Sim633,F01,,False,True,0,0.0,-116.2895651747251,161,0.0,0.0,58599326.46021113,648
Sim633,Sim633,F01,,False,True,0,0.0,-116.2895651747251,231,0.0,0.0,58599326.46021113,648
Sim633,Sim633,F01,,False,True,0,0.0,-116.2895651747251,232,0.0,0.0,58599326.46021113,648
Sim633,Sim633,F01,,False,True,0,0.0,-116.2895651747251,241,0.0,0.0,58599326.46021113,648
Sim633,Sim633,F01,,False,True,1,0.05,-81.92208825638673,11,0.0,0.0,168031960.91044378,613
Sim633,Sim633,F01,,False,True,1,0.05,-81.92208825638673,12,0.0176705167967756,2969211.5876631443,168031960.91044378,613
Sim633,Sim633,F01,,False,True,1,0.05,-81.92208825638673,13,0.3273222267369516,55000595.60818287,168031960.91044378,613
Sim633,Sim633,F01,,False,True,1,0.05,-81.92208825638673,14,0.0020928909190497,351672.56509958697,168031960.91044378,613
Sim633,Sim633,F01,,False,True,1,0.05,-81.92208825638673,15,0.0005711658599773,95974.1194570966,168031960.91044378,613
Sim633,Sim633,F01,,False,True,1,0.05,-81.92208825638673,16,0.0,0.0,168031960.91044378,613
Sim633,Sim633,F01,,False,True,1,0.05,-81.92208825638673,21,0.0,0.0,168031960.91044378,613
Sim633,Sim633,F01,,False,True,1,0.05,-81.92208825638673,22,0.0,0.0,168031960.91044378,613
Sim633,Sim633,F01,,False,True,1,0.05,-81.92208825638673,23,0.1068312975527145,17951072.414389715,168031960.91044378,613
Sim633,Sim633,F01,,False,True,1,0.05,-81.92208825638673,24,0.0183686954206842,3086527.910904266,168031960.91044378,613
Sim633,Sim633,F01,,False,True,1,0.05,-81.92208825638673,25,0.0149512883533595,2512294.3001524843,168031960.91044378,613
Sim633,Sim633,F01,,False,True,1,0.05,-81.92208825638673,26,0.0111708473450056,1877059.3844125248,168031960.91044378,613
Sim633,Sim633,F01,,False,True,1,0.05,-81.92208825638673,111,0.0,0.0,168031960.91044378,613
Sim633,Sim633,F01,,False,True,1,0.05,-81.92208825638673,121,0.0,0.0,168031960.91044378,613
Sim633,Sim633,F01,,False,True,1,0.05,-81.92208825638673,131,0.0007665223277948,128800.24982101252,168031960.91044378,613
Sim633,Sim633,F01,,False,True,1,0.05,-81.92208825638673,161,0.0016329563469794,274388.8570641164,168031960.91044378,613
Sim633,Sim633,F01,,False,True,1,0.05,-81.92208825638673,231,0.4769295273598176,80139403.69836129,168031960.91044378,613
Sim633,Sim633,F01,,False,True,1,0.05,-81.92208825638673,232,0.0,0.0,168031960.91044378,613
Sim633,Sim633,F01,,False,True,1,0.05,-81.92208825638673,241,0.0216920649808896,3644960.214935662,168031960.91044378,613
Sim633,Sim633,F01,,False,True,2,0.1,-101.09922410166426,11,0.0,0.0,71107768.49448696,579
Sim633,Sim633,F01,,False,True,2,0.1,-101.09922410166426,12,0.0014891936232104,105893.23540271708,71107768.49448696,579
Sim633,Sim633,F01,,False,True,2,0.1,-101.09922410166426,13,0.2667171100285539,18965658.513429023,71107768.49448696,579
Sim633,Sim633,F01,,False,True,2,0.1,-101.09922410166426,14,0.0142035470794069,1009982.5375230124,71107768.49448696,579
Sim633,Sim633,F01,,False,True,2,0.1,-101.09922410166426,15,0.0,0.0,71107768.49448696,579
Sim633,Sim633,F01,,False,True,2,0.1,-101.09922410166426,16,0.0,0.0,71107768.49448696,579
Sim633,Sim633,F01,,False,True,2,0.1,-101.09922410166426,21,0.1186087711999793,8434005.043903705,71107768.49448696,579
Sim633,Sim633,F01,,False,True,2,0.1,-101.09922410166426,22,0.0,0.0,71107768.49448696,579
Sim633,Sim633,F01,,False,True,2,0.1,-101.09922410166426,23,0.0591424718735035,4205489.1981727965,71107768.49448696,579
Sim633,Sim633,F01,,False,True,2,0.1,-101.09922410166426,24,0.0084653218629756,601950.1472637947,71107768.49448696,579
Sim633,Sim633,F01,,False,True,2,0.1,-101.09922410166426,25,0.0,0.0,71107768.49448696,579
Sim633,Sim633,F01,,False,True,2,0.1,-101.09922410166426,26,0.0037376000049163,265772.39587458374,71107768.49448696,579
Sim633,Sim633,F01,,False,True,2,0.1,-101.09922410166426,111,0.0764105365464072,5433382.743281463,71107768.49448696,579
Sim633,Sim633,F01,,False,True,2,0.1,-101.09922410166426,121,0.0,0.0,71107768.49448696,579
Sim633,Sim633,F01,,False,True,2,0.1,-101.09922410166426,131,0.0,0.0,71107768.49448696,579
Sim633,Sim633,F01,,False,True,2,0.1,-101.09922410166426,161,0.0010752716880353,76460.17026149557,71107768.49448696,579
Sim633,Sim633,F01,,False,True,2,0.1,-101.09922410166426,231,0.320809781530469,22812067.675835527,71107768.49448696,579
Sim633,Sim633,F01,,False,True,2,0.1,-101.09922410166426,232,0.0,0.0,71107768.49448696,579
Sim633,Sim633,F01,,False,True,2,0.1,-101.09922410166426,241,0.1293403945625421,9197106.833538849,71107768.49448696,579
Sim633,Sim633,F01,,False,True,3,0.15,-91.15676616498833,11,0.0,0.0,147191072.15013152,647
Sim633,Sim633,F01,,False,True,3,0.15,-91.15676616498833,12,0.0,0.0,147191072.15013152,647
Sim633,Sim633,F01,,False,True,3,0.15,-91.15676616498833,13,0.1079860786880844,15894586.699387625,147191072.15013152,647
Sim633,Sim633,F01,,False,True,3,0.15,-91.15676616498833,14,0.0039669378391386,583897.8336957378,147191072.15013152,647
Sim633,Sim633,F01,,False,True,3,0.15,-91.15676616498833,15,0.0,0.0,147191072.15013152,647
Sim633,Sim633,F01,,False,True,3,0.15,-91.15676616498833,16,0.0,0.0,147191072.15013152,647
Sim633,Sim633,F01,,False,True,3,0.15,-91.15676616498833,21,0.0,0.0,147191072.15013152,647
Sim633,Sim633,F01,,False,True,3,0.15,-91.15676616498833,22,0.0,0.0,147191072.15013152,647
Sim633,Sim633,F01,,False,True,3,0.15,-91.15676616498833,23,0.0435909064584879,6416192.257620928,147191072.15013152,647
Sim633,Sim633,F01,,False,True,3,0.15,-91.15676616498833,24,0.0151957163982026,2236673.7887407774,147191072.15013152,647
Sim633,Sim633,F01,,False,True,3,0.15,-91.15676616498833,25,0.0,0.0,147191072.15013152,647
Sim633,Sim633,F01,,False,True,3,0.15,-91.15676616498833,26,0.0,0.0,147191072.15013152,647
Sim633,Sim633,F01,,False,True,3,0.15,-91.15676616498833,111,0.0,0.0,147191072.15013152,647
Sim633,Sim633,F01,,False,True,3,0.15,-91.15676616498833,121,0.0,0.0,147191072.15013152,647
Sim633,Sim633,F01,,False,True,3,0.15,-91.15676616498833,131,0.0,0.0,147191072.15013152,647
Sim633,Sim633,F01,,False,True,3,0.15,-91.15676616498833,161,0.0,0.0,147191072.15013152,647
Sim633,Sim633,F01,,False,True,3,0.15,-91.15676616498833,231,0.77194607250743,113623570.0544518,147191072.15013152,647
Sim633,Sim633,F01,,False,True,3,0.15,-91.15676616498833,232,0.0,0.0,147191072.15013152,647
Sim633,Sim633,F01,,False,True,3,0.15,-91.15676616498833,241,0.0573142881086563,8436151.516234664,147191072.15013152,647
Sim633,Sim633,F01,,False,True,4,0.2,-65.33386207813454,11,0.0,0.0,95612690.0933269,648
Sim633,Sim633,F01,,False,True,4,0.2,-65.33386207813454,12,0.0,0.0,95612690.0933269,648
Sim633,Sim633,F01,,False,True,4,0.2,-65.33386207813454,13,0.1456981854231284,13930595.450021658,95612690.0933269,648
Sim633,Sim633,F01,,False,True,4,0.2,-65.33386207813454,14,0.0047156873921076,450879.5571985988,95612690.0933269,648
Sim633,Sim633,F01,,False,True,4,0.2,-65.33386207813454,15,0.0,0.0,95612690.0933269,648
Sim633,Sim633,F01,,False,True,4,0.2,-65.33386207813454,16,0.0,0.0,95612690.0933269,648
Sim633,Sim633,F01,,False,True,4,0.2,-65.33386207813454,21,0.3495852612496744,33424787.24505984,95612690.0933269,648
Sim633,Sim633,F01,,False,True,4,0.2,-65.33386207813454,22,0.0347606903920495,3323563.1178851207,95612690.0933269,648
Sim633,Sim633,F01,,False,True,4,0.2,-65.33386207813454,23,0.0097277032252458,930091.8737952876,95612690.0933269,648
Sim633,Sim633,F01,,False,True,4,0.2,-65.33386207813454,24,0.0,0.0,95612690.0933269,648
Sim633,Sim633,F01,,False,True,4,0.2,-65.33386207813454,25,0.0,0.0,95612690.0933269,648
Sim633,Sim633,F01,,False,True,4,0.2,-65.33386207813454,26,0.0,0.0,95612690.0933269,648
Sim633,Sim633,F01,,False,True,4,0.2,-65.33386207813454,111,0.0191005781182407,1826257.6562227383,95612690.0933269,648
Sim633,Sim633,F01,,False,True,4,0.2,-65.33386207813454,121,0.0,0.0,95612690.0933269,648
Sim633,Sim633,F01,,False,True,4,0.2,-65.33386207813454,131,0.0,0.0,95612690.0933269,648
Sim633,Sim633,F01,,False,True,4,0.2,-65.33386207813454,161,0.0,0.0,95612690.0933269,648
Sim633,Sim633,F01,,False,True,4,0.2,-65.33386207813454,231,0.3061720542531219,29273933.73854101,95612690.0933269,648
Sim633,Sim633,F01,,False,True,4,0.2,-65.33386207813454,232,0.0,0.0,95612690.0933269,648
Sim633,Sim633,F01,,False,True,4,0.2,-65.33386207813454,241,0.1302398399464312,12452581.454602623,95612690.0933269,648
Sim633,Sim633,F01,,False,True,5,0.25,-90.1430399702623,11,0.0,0.0,58591338.50820657,648
Sim633,Sim633,F01,,False,True,5,0.25,-90.1430399702623,12,0.0,0.0,58591338.50820657,648
Sim633,Sim633,F01,,False,True,5,0.25,-90.1430399702623,13,0.2215257408654533,12979489.671329023,58591338.50820657,648
Sim633,Sim633,F01,,False,True,5,0.25,-90.1430399702623,14,0.0089400827911602,523811.417108264,58591338.50820657,648
Sim633,Sim633,F01,,False,True,5,0.25,-90.1430399702623,15,0.0,0.0,58591338.50820657,648
Sim633,Sim633,F01,,False,True,5,0.25,-90.1430399702623,16,0.0,0.0,58591338.50820657,648
Sim633,Sim633,F01,,False,True,5,0.25,-90.1430399702623,21,0.0,0.0,58591338.50820657,648
Sim633,Sim633,F01,,False,True,5,0.25,-90.1430399702623,22,0.0,0.0,58591338.50820657,648
Sim633,Sim633,F01,,False,True,5,0.25,-90.1430399702623,23,0.026363442665139,1544669.393434858,58591338.50820657,648
Sim633,Sim633,F01,,False,True,5,0.25,-90.1430399702623,24,0.0128598347062868,753474.928435634,58591338.50820657,648
Sim633,Sim633,F01,,False,True,5,0.25,-90.1430399702623,25,0.0,0.0,58591338.50820657,648
Sim633,Sim633,F01,,False,True,5,0.25,-90.1430399702623,26,0.0,0.0,58591338.50820657,648
Sim633,Sim633,F01,,False,True,5,0.25,-90.1430399702623,111,0.0,0.0,58591338.50820657,648
Sim633,Sim633,F01,,False,True,5,0.25,-90.1430399702623,121,0.0,0.0,58591338.50820657,648
Sim633,Sim633,F01,,False,True,5,0.25,-90.1430399702623,131,0.0,0.0,58591338.50820657,648
Sim633,Sim633,F01,,False,True,5,0.25,-90.1430399702623,161,0.0,0.0,58591338.50820657,648
Sim633,Sim633,F01,,False,True,5,0.25,-90.1430399702623,231,0.5458474107033087,31981930.41434561,58591338.50820657,648
Sim633,Sim633,F01,,False,True,5,0.25,-90.1430399702623,232,0.0,0.0,58591338.50820657,648
Sim633,Sim633,F01,,False,True,5,0.25,-90.1430399702623,241,0.1844634882686517,10807962.683553165,58591338.50820657,648
Sim633,Sim633,F01,,False,True,6,0.3,-85.00249057960204,11,0.0,0.0,58150567.2719273,648
Sim633,Sim633,F01,,False,True,6,0.3,-85.00249057960204,12,0.0060286544026814,350569.673402327,58150567.2719273,648
Sim633,Sim633,F01,,False,True,6,0.3,-85.00249057960204,13,0.2238190505740188,13015204.757143382,58150567.2719273,648
Sim633,Sim633,F01,,False,True,6,0.3,-85.00249057960204,14,0.0782769084694863,4551846.63179336,58150567.2719273,648
Sim633,Sim633,F01,,False,True,6,0.3,-85.00249057960204,15,0.0,0.0,58150567.2719273,648
Sim633,Sim633,F01,,False,True,6,0.3,-85.00249057960204,16,0.0,0.0,58150567.2719273,648
Sim633,Sim633,F01,,False,True,6,0.3,-85.00249057960204,21,0.0020429521221074,118798.82480993618,58150567.2719273,648
Sim633,Sim633,F01,,False,True,6,0.3,-85.00249057960204,22,0.0,0.0,58150567.2719273,648
Sim633,Sim633,F01,,False,True,6,0.3,-85.00249057960204,23,0.2109614122135925,12267525.792707296,58150567.2719273,648
Sim633,Sim633,F01,,False,True,6,0.3,-85.00249057960204,24,0.0,0.0,58150567.2719273,648
Sim633,Sim633,F01,,False,True,6,0.3,-85.00249057960204,25,0.0,0.0,58150567.2719273,648
Sim633,Sim633,F01,,False,True,6,0.3,-85.00249057960204,26,0.0,0.0,58150567.2719273,648
Sim633,Sim633,F01,,False,True,6,0.3,-85.00249057960204,111,0.0,0.0,58150567.2719273,648
Sim633,Sim633,F01,,False,True,6,0.3,-85.00249057960204,121,0.0,0.0,58150567.2719273,648
Sim633,Sim633,F01,,False,True,6,0.3,-85.00249057960204,131,0.0233518536364531,1357923.5358107714,58150567.2719273,648
Sim633,Sim633,F01,,False,True,6,0.3,-85.00249057960204,161,0.0,0.0,58150567.2719273,648
Sim633,Sim633,F01,,False,True,6,0.3,-85.00249057960204,231,0.275787731998902,16037213.06237441,58150567.2719273,648
Sim633,Sim633,F01,,False,True,6,0.3,-85.00249057960204,232,0.0,0.0,58150567.2719273,648
Sim633,Sim633,F01,,False,True,6,0.3,-85.00249057960204,241,0.1797314365827582,10451484.99388582,58150567.2719273,648
Sim633,Sim633,F01,,False,True,7,0.35,-79.18244398061766,11,0.0,0.0,58227759.60510293,648
Sim633,Sim633,F01,,False,True,7,0.35,-79.18244398061766,12,0.0,0.0,58227759.60510293,648
Sim633,Sim633,F01,,False,True,7,0.35,-79.18244398061766,13,0.1114362568122449,6488683.572955909,58227759.60510293,648
Sim633,Sim633,F01,,False,True,7,0.35,-79.18244398061766,14,0.0717745138214177,4179269.136566649,58227759.60510293,648
Sim633,Sim633,F01,,False,True,7,0.35,-79.18244398061766,15,0.0,0.0,58227759.60510293,648
Sim633,Sim633,F01,,False,True,7,0.35,-79.18244398061766,16,0.0,0.0,58227759.60510293,648
Sim633,Sim633,F01,,False,True,7,0.35,-79.18244398061766,21,0.0,0.0,58227759.60510293,648
Sim633,Sim633,F01,,False,True,7,0.35,-79.18244398061766,22,0.0,0.0,58227759.60510293,648
Sim633,Sim633,F01,,False,True,7,0.35,-79.18244398061766,23,0.0836945158203194,4873344.147451047,58227759.60510293,648
Sim633,Sim633,F01,,False,True,7,0.35,-79.18244398061766,24,0.3253633893133902,18945181.217241604,58227759.60510293,648
Sim633,Sim633,F01,,False,True,7,0.35,-79.18244398061766,25,0.0,0.0,58227759.60510293,648
Sim633,Sim633,F01,,False,True,7,0.35,-79.18244398061766,26,0.0487897331543277,2840916.8533073147,58227759.60510293,648
Sim633,Sim633,F01,,False,True,7,0.35,-79.18244398061766,111,0.0,0.0,58227759.60510293,648
Sim633,Sim633,F01,,False,True,7,0.35,-79.18244398061766,121,0.0,0.0,58227759.60510293,648
Sim633,Sim633,F01,,False,True,7,0.35,-79.18244398061766,131,0.0,0.0,58227759.60510293,648
Sim633,Sim633,F01,,False,True,7,0.35,-79.18244398061766,161,0.0648821918065877,3777944.66716617,58227759.60510293,648
Sim633,Sim633,F01,,False,True,7,0.35,-79.18244398061766,231,0.0688601268320756,4009570.911554997,58227759.60510293,648
Sim633,Sim633,F01,,False,True,7,0.35,-79.18244398061766,232,0.0,0.0,58227759.60510293,648
Sim633,Sim633,F01,,False,True,7,0.35,-79.18244398061766,241,0.2251992724396365,13112849.098859238,58227759.60510293,648
Sim633,Sim633,F01,,False,True,8,0.4,-73.00897398427036,11,0.0,0.0,58238956.73291849,648
Sim633,Sim633,F01,,False,True,8,0.4,-73.00897398427036,12,0.0,0.0,58238956.73291849,648
Sim633,Sim633,F01,,False,True,8,0.4,-73.00897398427036,13,0.1173272726697642,6833017.95660573,58238956.73291849,648
Sim633,Sim633,F01,,False,True,8,0.4,-73.00897398427036,14,0.0995999383813684,5800596.501993868,58238956.73291849,648
Sim633,Sim633,F01,,False,True,8,0.4,-73.00897398427036,15,0.0,0.0,58238956.73291849,648
Sim633,Sim633,F01,,False,True,8,0.4,-73.00897398427036,16,0.0,0.0,58238956.73291849,648
Sim633,Sim633,F01,,False,True,8,0.4,-73.00897398427036,21,0.0,0.0,58238956.73291849,648
Sim633,Sim633,F01,,False,True,8,0.4,-73.00897398427036,22,0.0,0.0,58238956.73291849,648
Sim633,Sim633,F01,,False,True,8,0.4,-73.00897398427036,23,0.0,0.0,58238956.73291849,648
Sim633,Sim633,F01,,False,True,8,0.4,-73.00897398427036,24,0.0,0.0,58238956.73291849,648
Sim633,Sim633,F01,,False,True,8,0.4,-73.00897398427036,25,0.0,0.0,58238956.73291849,648
Sim633,Sim633,F01,,False,True,8,0.4,-73.00897398427036,26,0.0,0.0,58238956.73291849,648
Sim633,Sim633,F01,,False,True,8,0.4,-73.00897398427036,111,0.0,0.0,58238956.73291849,648
Sim633,Sim633,F01,,False,True,8,0.4,-73.00897398427036,121,0.0,0.0,58238956.73291849,648
Sim633,Sim633,F01,,False,True,8,0.4,-73.00897398427036,131,0.1696718832342975,9881513.46647505,58238956.73291849,648
Sim633,Sim633,F01,,False,True,8,0.4,-73.00897398427036,161,0.0,0.0,58238956.73291849,648
Sim633,Sim633,F01,,False,True,8,0.4,-73.00897398427036,231,0.0056181549172923,327195.4811470217,58238956.73291849,648
Sim633,Sim633,F01,,False,True,8,0.4,-73.00897398427036,232,0.0,0.0,58238956.73291849,648
Sim633,Sim633,F01,,False,True,8,0.4,-73.00897398427036,241,0.6077827507972774,35396633.32669682,58238956.73291849,648
Sim633,Sim633,F01,,False,True,9,0.45,-66.7539404608284,11,0.0,0.0,58296824.45435001,648
Sim633,Sim633,F01,,False,True,9,0.45,-66.7539404608284,12,0.0,0.0,58296824.45435001,648
Sim633,Sim633,F01,,False,True,9,0.45,-66.7539404608284,13,0.1782651642969078,10392292.989342695,58296824.45435001,648
Sim633,Sim633,F01,,False,True,9,0.45,-66.7539404608284,14,0.1316066007037079,7672246.8982578,58296824.45435001,648
Sim633,Sim633,F01,,False,True,9,0.45,-66.7539404608284,15,0.0,0.0,58296824.45435001,648
Sim633,Sim633,F01,,False,True,9,0.45,-66.7539404608284,16,0.0,0.0,58296824.45435001,648
Sim633,Sim633,F01,,False,True,9,0.45,-66.7539404608284,21,0.0,0.0,58296824.45435001,648
Sim633,Sim633,F01,,False,True,9,0.45,-66.7539404608284,22,0.0,0.0,58296824.45435001,648
Sim633,Sim633,F01,,False,True,9,0.45,-66.7539404608284,23,0.0142880273686151,832946.6233071032,58296824.45435001,648
Sim633,Sim633,F01,,False,True,9,0.45,-66.7539404608284,24,0.0,0.0,58296824.45435001,648
Sim633,Sim633,F01,,False,True,9,0.45,-66.7539404608284,25,0.0,0.0,58296824.45435001,648
Sim633,Sim633,F01,,False,True,9,0.45,-66.7539404608284,26,0.0,0.0,58296824.45435001,648
Sim633,Sim633,F01,,False,True,9,0.45,-66.7539404608284,111,0.0,0.0,58296824.45435001,648
Sim633,Sim633,F01,,False,True,9,0.45,-66.7539404608284,121,0.0,0.0,58296824.45435001,648
Sim633,Sim633,F01,,False,True,9,0.45,-66.7539404608284,131,0.009294695324622,541851.2216961568,58296824.45435001,648
Sim633,Sim633,F01,,False,True,9,0.45,-66.7539404608284,161,0.0,0.0,58296824.45435001,648
Sim633,Sim633,F01,,False,True,9,0.45,-66.7539404608284,231,0.1684372072910554,9819354.305027625,58296824.45435001,648
Sim633,Sim633,F01,,False,True,9,0.45,-66.7539404608284,232,0.0,0.0,58296824.45435001,648
Sim633,Sim633,F01,,False,True,9,0.45,-66.7539404608284,241,0.4981083050150917,29038132.416718632,58296824.45435001,648
Sim633,Sim633,F01,,False,True,10,0.5,-60.54841266524639,11,0.0,0.0,58317899.68841887,648
Sim633,Sim633,F01,,False,True,10,0.5,-60.54841266524639,12,0.0,0.0,58317899.68841887,648
Sim633,Sim633,F01,,False,True,10,0.5,-60.54841266524639,13,0.213195050622439,12433087.576266784,58317899.68841887,648
Sim633,Sim633,F01,,False,True,10,0.5,-60.54841266524639,14,0.0507454359658562,2959367.2443018886,58317899.68841887,648
Sim633,Sim633,F01,,False,True,10,0.5,-60.54841266524639,15,0.0,0.0,58317899.68841887,648
Sim633,Sim633,F01,,False,True,10,0.5,-60.54841266524639,16,0.0,0.0,58317899.68841887,648
Sim633,Sim633,F01,,False,True,10,0.5,-60.54841266524639,21,0.0,0.0,58317899.68841887,648
Sim633,Sim633,F01,,False,True,10,0.5,-60.54841266524639,22,0.0,0.0,58317899.68841887,648
Sim633,Sim633,F01,,False,True,10,0.5,-60.54841266524639,23,0.0,0.0,58317899.68841887,648
Sim633,Sim633,F01,,False,True,10,0.5,-60.54841266524639,24,0.0,0.0,58317899.68841887,648
Sim633,Sim633,F01,,False,True,10,0.5,-60.54841266524639,25,0.0,0.0,58317899.68841887,648
Sim633,Sim633,F01,,False,True,10,0.5,-60.54841266524639,26,0.0,0.0,58317899.68841887,648
Sim633,Sim633,F01,,False,True,10,0.5,-60.54841266524639,111,0.0,0.0,58317899.68841887,648
Sim633,Sim633,F01,,False,True,10,0.5,-60.54841266524639,121,0.0,0.0,58317899.68841887,648
Sim633,Sim633,F01,,False,True,10,0.5,-60.54841266524639,131,0.1265487323345513,7380056.277982935,58317899.68841887,648
Sim633,Sim633,F01,,False,True,10,0.5,-60.54841266524639,161,0.0,0.0,58317899.68841887,648
Sim633,Sim633,F01,,False,True,10,0.5,-60.54841266524639,231,0.0881500015288681,5140722.946694501,58317899.68841887,648
Sim633,Sim633,F01,,False,True,10,0.5,-60.54841266524639,232,0.0,0.0,58317899.68841887,648
Sim633,Sim633,F01,,False,True,10,0.5,-60.54841266524639,241,0.5213607795482852,30404665.64317276,58317899.68841887,648
Sim633,Sim633,F01,,False,True,11,0.55,-54.55357745100009,11,0.0,0.0,58343926.81071422,648
Sim633,Sim633,F01,,False,True,11,0.55,-54.55357745100009,12,0.0,0.0,58343926.81071422,648
Sim633,Sim633,F01,,False,True,11,0.55,-54.55357745100009,13,0.2674812969452925,15605909.212211069,58343926.81071422,648
Sim633,Sim633,F01,,False,True,11,0.55,-54.55357745100009,14,0.0039674460402577,231476.38139825832,58343926.81071422,648
Sim633,Sim633,F01,,False,True,11,0.55,-54.55357745100009,15,0.0,0.0,58343926.81071422,648
Sim633,Sim633,F01,,False,True,11,0.55,-54.55357745100009,16,0.0,0.0,58343926.81071422,648
Sim633,Sim633,F01,,False,True,11,0.55,-54.55357745100009,21,0.0,0.0,58343926.81071422,648
Sim633,Sim633,F01,,False,True,11,0.55,-54.55357745100009,22,0.0,0.0,58343926.81071422,648
Sim633,Sim633,F01,,False,True,11,0.55,-54.55357745100009,23,0.0458558021882575,2675407.566718289,58343926.81071422,648
Sim633,Sim633,F01,,False,True,11,0.55,-54.55357745100009,24,0.0,0.0,58343926.81071422,648
Sim633,Sim633,F01,,False,True,11,0.55,-54.55357745100009,25,0.0,0.0,58343926.81071422,648
Sim633,Sim633,F01,,False,True,11,0.55,-54.55357745100009,26,0.0,0.0,58343926.81071422,648
Sim633,Sim633,F01,,False,True,11,0.55,-54.55357745100009,111,0.0,0.0,58343926.81071422,648
Sim633,Sim633,F01,,False,True,11,0.55,-54.55357745100009,121,0.0,0.0,58343926.81071422,648
Sim633,Sim633,F01,,False,True,11,0.55,-54.55357745100009,131,0.0428711441691112,2501270.897694203,58343926.81071422,648
Sim633,Sim633,F01,,False,True,11,0.55,-54.55357745100009,161,0.0,0.0,58343926.81071422,648
Sim633,Sim633,F01,,False,True,11,0.55,-54.55357745100009,231,0.1445399250727867,8433026.809672786,58343926.81071422,648
Sim633,Sim633,F01,,False,True,11,0.55,-54.55357745100009,232,0.0,0.0,58343926.81071422,648
Sim633,Sim633,F01,,False,True,11,0.55,-54.55357745100009,241,0.4952843855842941,28896835.943019617,58343926.81071422,648
Sim633,Sim633,F01,,False,True,12,0.6,-48.72275285626216,11,0.0,0.0,58295651.16571613,648
Sim633,Sim633,F01,,False,True,12,0.6,-48.72275285626216,12,0.0,0.0,58295651.16571613,648
Sim633,Sim633,F01,,False,True,12,0.6,-48.72275285626216,13,0.2373339882448244,13835539.38848846,58295651.16571613,648
Sim633,Sim633,F01,,False,True,12,0.6,-48.72275285626216,14,0.0462389045192448,2695527.048138754,58295651.16571613,648
Sim633,Sim633,F01,,False,True,12,0.6,-48.72275285626216,15,0.0,0.0,58295651.16571613,648
Sim633,Sim633,F01,,False,True,12,0.6,-48.72275285626216,16,0.0,0.0,58295651.16571613,648
Sim633,Sim633,F01,,False,True,12,0.6,-48.72275285626216,21,0.0,0.0,58295651.16571613,648
Sim633,Sim633,F01,,False,True,12,0.6,-48.72275285626216,22,0.0,0.0,58295651.16571613,648
Sim633,Sim633,F01,,False,True,12,0.6,-48.72275285626216,23,0.0272085613112351,1586140.798920767,58295651.16571613,648
Sim633,Sim633,F01,,False,True,12,0.6,-48.72275285626216,24,0.0,0.0,58295651.16571613,648
Sim633,Sim633,F01,,False,True,12,0.6,-48.72275285626216,25,0.0,0.0,58295651.16571613,648
Sim633,Sim633,F01,,False,True,12,0.6,-48.72275285626216,26,0.0,0.0,58295651.16571613,648
Sim633,Sim633,F01,,False,True,12,0.6,-48.72275285626216,111,0.0,0.0,58295651.16571613,648
Sim633,Sim633,F01,,False,True,12,0.6,-48.72275285626216,121,0.0,0.0,58295651.16571613,648
Sim633,Sim633,F01,,False,True,12,0.6,-48.72275285626216,131,0.011505446444382,670717.4924275257,58295651.16571613,648
Sim633,Sim633,F01,,False,True,12,0.6,-48.72275285626216,161,0.0,0.0,58295651.16571613,648
Sim633,Sim633,F01,,False,True,12,0.6,-48.72275285626216,231,0.1308181639978431,7626130.054557706,58295651.16571613,648
Sim633,Sim633,F01,,False,True,12,0.6,-48.72275285626216,232,0.0,0.0,58295651.16571613,648
Sim633,Sim633,F01,,False,True,12,0.6,-48.72275285626216,241,0.5468949354824704,31881596.38318292,58295651.16571613,648
Sim633,Sim633,F01,,False,True,13,0.65,-29.153017731322045,11,0.0,0.0,116391232.8990272,622
Sim633,Sim633,F01,,False,True,13,0.65,-29.153017731322045,12,0.0,0.0,116391232.8990272,622
Sim633,Sim633,F01,,False,True,13,0.65,-29.153017731322045,13,0.0629164403804863,7322922.065502951,116391232.8990272,622
Sim633,Sim633,F01,,False,True,13,0.65,-29.153017731322045,14,0.0,0.0,116391232.8990272,622
Sim633,Sim633,F01,,False,True,13,0.65,-29.153017731322045,15,0.0,0.0,116391232.8990272,622
Sim633,Sim633,F01,,False,True,13,0.65,-29.153017731322045,16,0.0,0.0,116391232.8990272,622
Sim633,Sim633,F01,,False,True,13,0.65,-29.153017731322045,21,0.0020908697691666,243358.9102646057,116391232.8990272,622
Sim633,Sim633,F01,,False,True,13,0.65,-29.153017731322045,22,0.018822343883867,2190755.8106927546,116391232.8990272,622
Sim633,Sim633,F01,,False,True,13,0.65,-29.153017731322045,23,0.0,0.0,116391232.8990272,622
Sim633,Sim633,F01,,False,True,13,0.65,-29.153017731322045,24,0.0,0.0,116391232.8990272,622
Sim633,Sim633,F01,,False,True,13,0.65,-29.153017731322045,25,0.0,0.0,116391232.8990272,622
Sim633,Sim633,F01,,False,True,13,0.65,-29.153017731322045,26,0.0,0.0,116391232.8990272,622
Sim633,Sim633,F01,,False,True,13,0.65,-29.153017731322045,111,0.6581601088715637,76604066.51651928,116391232.8990272,622
Sim633,Sim633,F01,,False,True,13,0.65,-29.153017731322045,121,0.0038510811359931,448232.08141243015,116391232.8990272,622
Sim633,Sim633,F01,,False,True,13,0.65,-29.153017731322045,131,0.0062091561887059,722691.3440661137,116391232.8990272,622
Sim633,Sim633,F01,,False,True,13,0.65,-29.153017731322045,161,0.0,0.0,116391232.8990272,622
Sim633,Sim633,F01,,False,True,13,0.65,-29.153017731322045,231,0.056869029125024,6619056.413632236,116391232.8990272,622
Sim633,Sim633,F01,,False,True,13,0.65,-29.153017731322045,232,0.0599770341559455,6980800.951037562,116391232.8990272,622
Sim633,Sim633,F01,,False,True,13,0.65,-29.153017731322045,241,0.1311039364892474,15259348.80589927,116391232.8990272,622
Sim633,Sim633,F01,,False,True,14,0.7,-38.64062288168256,11,0.0,0.0,58254147.12031825,644
Sim633,Sim633,F01,,False,True,14,0.7,-38.64062288168256,12,0.0129879465702695,756601.7502953176,58254147.12031825,644
Sim633,Sim633,F01,,False,True,14,0.7,-38.64062288168256,13,0.5926434377267287,34523938.01122402,58254147.12031825,644
Sim633,Sim633,F01,,False,True,14,0.7,-38.64062288168256,14,0.0,0.0,58254147.12031825,644
Sim633,Sim633,F01,,False,True,14,0.7,-38.64062288168256,15,0.0,0.0,58254147.12031825,644
Sim633,Sim633,F01,,False,True,14,0.7,-38.64062288168256,16,0.0,0.0,58254147.12031825,644
Sim633,Sim633,F01,,False,True,14,0.7,-38.64062288168256,21,0.0,0.0,58254147.12031825,644
Sim633,Sim633,F01,,False,True,14,0.7,-38.64062288168256,22,0.0,0.0,58254147.12031825,644
Sim633,Sim633,F01,,False,True,14,0.7,-38.64062288168256,23,0.0765300582484138,4458193.272329623,58254147.12031825,644
Sim633,Sim633,F01,,False,True,14,0.7,-38.64062288168256,24,0.0,0.0,58254147.12031825,644
Sim633,Sim633,F01,,False,True,14,0.7,-38.64062288168256,25,0.0,0.0,58254147.12031825,644
Sim633,Sim633,F01,,False,True,14,0.7,-38.64062288168256,26,0.0,0.0,58254147.12031825,644
Sim633,Sim633,F01,,False,True,14,0.7,-38.64062288168256,111,0.0446331758162593,2600067.5904474026,58254147.12031825,644
Sim633,Sim633,F01,,False,True,14,0.7,-38.64062288168256,121,0.0,0.0,58254147.12031825,644
Sim633,Sim633,F01,,False,True,14,0.7,-38.64062288168256,131,0.0,0.0,58254147.12031825,644
Sim633,Sim633,F01,,False,True,14,0.7,-38.64062288168256,161,0.0,0.0,58254147.12031825,644
Sim633,Sim633,F01,,False,True,14,0.7,-38.64062288168256,231,0.1411629531590059,8223327.441263328,58254147.12031825,644
Sim633,Sim633,F01,,False,True,14,0.7,-38.64062288168256,232,0.0,0.0,58254147.12031825,644
Sim633,Sim633,F01,,False,True,14,0.7,-38.64062288168256,241,0.1320424284793226,7692019.054758559,58254147.12031825,644
Sim633,Sim633,F01,,False,True,15,0.75,-33.45114342043296,11,0.0017042529837456,100609.09347423972,59034130.75042303,606
Sim633,Sim633,F01,,False,True,15,0.75,-33.45114342043296,12,0.0153066949045213,903617.4283503444,59034130.75042303,606
Sim633,Sim633,F01,,False,True,15,0.75,-33.45114342043296,13,0.3172330635381927,18727578.15127093,59034130.75042303,606
Sim633,Sim633,F01,,False,True,15,0.75,-33.45114342043296,14,0.0,0.0,59034130.75042303,606
Sim633,Sim633,F01,,False,True,15,0.75,-33.45114342043296,15,0.0,0.0,59034130.75042303,606
Sim633,Sim633,F01,,False,True,15,0.75,-33.45114342043296,16,0.0,0.0,59034130.75042303,606
Sim633,Sim633,F01,,False,True,15,0.75,-33.45114342043296,21,0.0200779998519088,1185287.2684645636,59034130.75042303,606
Sim633,Sim633,F01,,False,True,15,0.75,-33.45114342043296,22,0.0,0.0,59034130.75042303,606
Sim633,Sim633,F01,,False,True,15,0.75,-33.45114342043296,23,0.0219198890951413,1294021.598877349,59034130.75042303,606
Sim633,Sim633,F01,,False,True,15,0.75,-33.45114342043296,24,0.0,0.0,59034130.75042303,606
Sim633,Sim633,F01,,False,True,15,0.75,-33.45114342043296,25,0.0,0.0,59034130.75042303,606
Sim633,Sim633,F01,,False,True,15,0.75,-33.45114342043296,26,0.0,0.0,59034130.75042303,606
Sim633,Sim633,F01,,False,True,15,0.75,-33.45114342043296,111,0.1778667913016216,10500211.41385814,59034130.75042303,606
Sim633,Sim633,F01,,False,True,15,0.75,-33.45114342043296,121,0.0,0.0,59034130.75042303,606
Sim633,Sim633,F01,,False,True,15,0.75,-33.45114342043296,131,0.0,0.0,59034130.75042303,606
Sim633,Sim633,F01,,False,True,15,0.75,-33.45114342043296,161,0.0,0.0,59034130.75042303,606
Sim633,Sim633,F01,,False,True,15,0.75,-33.45114342043296,231,0.1578283945559947,9317262.080347948,59034130.75042303,606
Sim633,Sim633,F01,,False,True,15,0.75,-33.45114342043296,232,0.0,0.0,59034130.75042303,606
Sim633,Sim633,F01,,False,True,15,0.75,-33.45114342043296,241,0.2880629137688735,17005543.715779513,59034130.75042303,606
Sim633,Sim633,F01,,False,True,16,0.8,-28.87279776395693,11,0.0,0.0,57858700.80805761,644
Sim633,Sim633,F01,,False,True,16,0.8,-28.87279776395693,12,0.1280600280925972,7409386.850881038,57858700.80805761,644
Sim633,Sim633,F01,,False,True,16,0.8,-28.87279776395693,13,0.2854107619708864,16513495.884273265,57858700.80805761,644
Sim633,Sim633,F01,,False,True,16,0.8,-28.87279776395693,14,0.0,0.0,57858700.80805761,644
Sim633,Sim633,F01,,False,True,16,0.8,-28.87279776395693,15,0.0,0.0,57858700.80805761,644
Sim633,Sim633,F01,,False,True,16,0.8,-28.87279776395693,16,0.0,0.0,57858700.80805761,644
Sim633,Sim633,F01,,False,True,16,0.8,-28.87279776395693,21,0.0,0.0,57858700.80805761,644
Sim633,Sim633,F01,,False,True,16,0.8,-28.87279776395693,22,0.0,0.0,57858700.80805761,644
Sim633,Sim633,F01,,False,True,16,0.8,-28.87279776395693,23,0.4765019024155824,27569781.006333448,57858700.80805761,644
Sim633,Sim633,F01,,False,True,16,0.8,-28.87279776395693,24,0.0,0.0,57858700.80805761,644
Sim633,Sim633,F01,,False,True,16,0.8,-28.87279776395693,25,0.0,0.0,57858700.80805761,644
Sim633,Sim633,F01,,False,True,16,0.8,-28.87279776395693,26,0.0,0.0,57858700.80805761,644
Sim633,Sim633,F01,,False,True,16,0.8,-28.87279776395693,111,0.0,0.0,57858700.80805761,644
Sim633,Sim633,F01,,False,True,16,0.8,-28.87279776395693,121,0.0,0.0,57858700.80805761,644
Sim633,Sim633,F01,,False,True,16,0.8,-28.87279776395693,131,0.0,0.0,57858700.80805761,644
Sim633,Sim633,F01,,False,True,16,0.8,-28.87279776395693,161,0.0,0.0,57858700.80805761,644
Sim633,Sim633,F01,,False,True,16,0.8,-28.87279776395693,231,0.0033270377459291,192498.08151882625,57858700.80805761,644
Sim633,Sim633,F01,,False,True,16,0.8,-28.87279776395693,232,0.0,0.0,57858700.80805761,644
Sim633,Sim633,F01,,False,True,16,0.8,-28.87279776395693,241,0.1067002697750049,6173538.985051043,57858700.80805761,644
Sim633,Sim633,F01,,False,True,17,0.85,-24.13232000975363,11,0.1413759957426835,8043278.096414513,56892813.05614265,619
Sim633,Sim633,F01,,False,True,17,0.85,-24.13232000975363,12,0.091663533923606,5214996.299581107,56892813.05614265,619
Sim633,Sim633,F01,,False,True,17,0.85,-24.13232000975363,13,0.0505884931351685,2878121.682731101,56892813.05614265,619
Sim633,Sim633,F01,,False,True,17,0.85,-24.13232000975363,14,0.0,0.0,56892813.05614265,619
Sim633,Sim633,F01,,False,True,17,0.85,-24.13232000975363,15,0.0,0.0,56892813.05614265,619
Sim633,Sim633,F01,,False,True,17,0.85,-24.13232000975363,16,0.0,0.0,56892813.05614265,619
Sim633,Sim633,F01,,False,True,17,0.85,-24.13232000975363,21,0.0512694344700211,2916862.3507970683,56892813.05614265,619
Sim633,Sim633,F01,,False,True,17,0.85,-24.13232000975363,22,0.0,0.0,56892813.05614265,619
Sim633,Sim633,F01,,False,True,17,0.85,-24.13232000975363,23,0.3523014059694085,20043418.029233776,56892813.05614265,619
Sim633,Sim633,F01,,False,True,17,0.85,-24.13232000975363,24,0.0,0.0,56892813.05614265,619
Sim633,Sim633,F01,,False,True,17,0.85,-24.13232000975363,25,0.0,0.0,56892813.05614265,619
Sim633,Sim633,F01,,False,True,17,0.85,-24.13232000975363,26,0.0,0.0,56892813.05614265,619
Sim633,Sim633,F01,,False,True,17,0.85,-24.13232000975363,111,0.0501235564895351,2851670.129068129,56892813.05614265,619
Sim633,Sim633,F01,,False,True,17,0.85,-24.13232000975363,121,0.0,0.0,56892813.05614265,619
Sim633,Sim633,F01,,False,True,17,0.85,-24.13232000975363,131,0.0,0.0,56892813.05614265,619
Sim633,Sim633,F01,,False,True,17,0.85,-24.13232000975363,161,0.0,0.0,56892813.05614265,619
Sim633,Sim633,F01,,False,True,17,0.85,-24.13232000975363,231,0.1269140835799442,7220499.231305433,56892813.05614265,619
Sim633,Sim633,F01,,False,True,17,0.85,-24.13232000975363,232,0.0172293421145691,980225.7400045074,56892813.05614265,619
Sim633,Sim633,F01,,False,True,17,0.85,-24.13232000975363,241,0.1185341545750637,6743741.497007016,56892813.05614265,619
Sim633,Sim633,F01,,False,True,18,0.9,-18.42645683332463,11,0.0,0.0,58323764.57966493,648
Sim633,Sim633,F01,,False,True,18,0.9,-18.42645683332463,12,0.1066535418809629,6220436.068252714,58323764.57966493,648
Sim633,Sim633,F01,,False,True,18,0.9,-18.42645683332463,13,0.0870600191063763,5077668.058661427,58323764.57966493,648
Sim633,Sim633,F01,,False,True,18,0.9,-18.42645683332463,14,0.0,0.0,58323764.57966493,648
Sim633,Sim633,F01,,False,True,18,0.9,-18.42645683332463,15,0.0,0.0,58323764.57966493,648
Sim633,Sim633,F01,,False,True,18,0.9,-18.42645683332463,16,0.0,0.0,58323764.57966493,648
Sim633,Sim633,F01,,False,True,18,0.9,-18.42645683332463,21,0.0,0.0,58323764.57966493,648
Sim633,Sim633,F01,,False,True,18,0.9,-18.42645683332463,22,0.0,0.0,58323764.57966493,648
Sim633,Sim633,F01,,False,True,18,0.9,-18.42645683332463,23,0.7954268831224948,46392290.27157304,58323764.57966493,648
Sim633,Sim633,F01,,False,True,18,0.9,-18.42645683332463,24,0.0,0.0,58323764.57966493,648
Sim633,Sim633,F01,,False,True,18,0.9,-18.42645683332463,25,0.0,0.0,58323764.57966493,648
Sim633,Sim633,F01,,False,True,18,0.9,-18.42645683332463,26,0.0,0.0,58323764.57966493,648
Sim633,Sim633,F01,,False,True,18,0.9,-18.42645683332463,111,0.0,0.0,58323764.57966493,648
Sim633,Sim633,F01,,False,True,18,0.9,-18.42645683332463,121,0.0,0.0,58323764.57966493,648
Sim633,Sim633,F01,,False,True,18,0.9,-18.42645683332463,131,0.0,0.0,58323764.57966493,648
Sim633,Sim633,F01,,False,True,18,0.9,-18.42645683332463,161,0.0,0.0,58323764.57966493,648
Sim633,Sim633,F01,,False,True,18,0.9,-18.42645683332463,231,0.0016014177635289,93400.7126337561,58323764.57966493,648
Sim633,Sim633,F01,,False,True,18,0.9,-18.42645683332463,232,0.0,0.0,58323764.57966493,648
Sim633,Sim633,F01,,False,True,18,0.9,-18.42645683332463,241,0.0092581381266368,539969.4685439903,58323764.57966493,648
Sim633,Sim633,F01,,False,True,19,0.95,-13.059408571604353,11,0.0743946850862553,4321808.279749293,58092970.95267578,645
Sim633,Sim633,F01,,False,True,19,0.95,-13.059408571604353,12,0.0,0.0,58092970.95267578,645
Sim633,Sim633,F01,,False,True,19,0.95,-13.059408571604353,13,0.0854243916670479,4962556.7037638165,58092970.95267578,645
Sim633,Sim633,F01,,False,True,19,0.95,-13.059408571604353,14,0.0,0.0,58092970.95267578,645
Sim633,Sim633,F01,,False,True,19,0.95,-13.059408571604353,15,0.0,0.0,58092970.95267578,645
Sim633,Sim633,F01,,False,True,19,0.95,-13.059408571604353,16,0.0,0.0,58092970.95267578,645
Sim633,Sim633,F01,,False,True,19,0.95,-13.059408571604353,21,0.1532004173885447,8899867.397290537,58092970.95267578,645
Sim633,Sim633,F01,,False,True,19,0.95,-13.059408571604353,22,0.002962448903048,172097.4580735555,58092970.95267578,645
Sim633,Sim633,F01,,False,True,19,0.95,-13.059408571604353,23,0.2744621975435665,15944324.46950597,58092970.95267578,645
Sim633,Sim633,F01,,False,True,19,0.95,-13.059408571604353,24,0.0,0.0,58092970.95267578,645
Sim633,Sim633,F01,,False,True,19,0.95,-13.059408571604353,25,0.0,0.0,58092970.95267578,645
Sim633,Sim633,F01,,False,True,19,0.95,-13.059408571604353,26,0.0,0.0,58092970.95267578,645
Sim633,Sim633,F01,,False,True,19,0.95,-13.059408571604353,111,0.0793411795119149,4609164.83673671,58092970.95267578,645
Sim633,Sim633,F01,,False,True,19,0.95,-13.059408571604353,121,0.0,0.0,58092970.95267578,645
Sim633,Sim633,F01,,False,True,19,0.95,-13.059408571604353,131,0.0,0.0,58092970.95267578,645
Sim633,Sim633,F01,,False,True,19,0.95,-13.059408571604353,161,0.0,0.0,58092970.95267578,645
Sim633,Sim633,F01,,False,True,19,0.95,-13.059408571604353,231,0.1350208586242143,7843762.818061828,58092970.95267578,645
Sim633,Sim633,F01,,False,True,19,0.95,-13.059408571604353,232,0.182704332891942,10613837.503619594,58092970.95267578,645
Sim633,Sim633,F01,,False,True,19,0.95,-13.059408571604353,241,0.0124894883834661,725551.4858744832,58092970.95267578,645
Sim633,Sim633,F01,,False,True,20,1.0,-7.677097906917031,11,0.0,0.0,58322220.10640475,648
Sim633,Sim633,F01,,False,True,20,1.0,-7.677097906917031,12,0.0712169828373817,4153532.548355827,58322220.10640475,648
Sim633,Sim633,F01,,False,True,20,1.0,-7.677097906917031,13,0.0741052030292109,4321979.962099455,58322220.10640475,648
Sim633,Sim633,F01,,False,True,20,1.0,-7.677097906917031,14,0.0,0.0,58322220.10640475,648
Sim633,Sim633,F01,,False,True,20,1.0,-7.677097906917031,15,0.0,0.0,58322220.10640475,648
Sim633,Sim633,F01,,False,True,20,1.0,-7.677097906917031,16,0.0,0.0,58322220.10640475,648
Sim633,Sim633,F01,,False,True,20,1.0,-7.677097906917031,21,0.0,0.0,58322220.10640475,648
Sim633,Sim633,F01,,False,True,20,1.0,-7.677097906917031,22,0.0,0.0,58322220.10640475,648
Sim633,Sim633,F01,,False,True,20,1.0,-7.677097906917031,23,0.845344893298128,49302390.93275866,58322220.10640475,648
Sim633,Sim633,F01,,False,True,20,1.0,-7.677097906917031,24,0.0,0.0,58322220.10640475,648
Sim633,Sim633,F01,,False,True,20,1.0,-7.677097906917031,25,0.0,0.0,58322220.10640475,648
Sim633,Sim633,F01,,False,True,20,1.0,-7.677097906917031,26,0.0,0.0,58322220.10640475,648
Sim633,Sim633,F01,,False,True,20,1.0,-7.677097906917031,111,0.0,0.0,58322220.10640475,648
Sim633,Sim633,F01,,False,True,20,1.0,-7.677097906917031,121,0.0,0.0,58322220.10640475,648
Sim633,Sim633,F01,,False,True,20,1.0,-7.677097906917031,131,0.0,0.0,58322220.10640475,648
Sim633,Sim633,F01,,False,True,20,1.0,-7.677097906917031,161,0.0,0.0,58322220.10640475,648
Sim633,Sim633,F01,,False,True,20,1.0,-7.677097906917031,231,0.0046753983746997,272679.61309436406,58322220.10640475,648
Sim633,Sim633,F01,,False,True,20,1.0,-7.677097906917031,232,0.0,0.0,58322220.10640475,648
Sim633,Sim633,F01,,False,True,20,1.0,-7.677097906917031,241,0.0046575224605796,271637.05009645,58322220.10640475,648
Sim634,Sim634,F04,,False,True,0,0.0,-114.96279061419467,11,0.318091275799159,18658514.262475267,58657736.57450493,648
Sim634,Sim634,F04,,False,True,0,0.0,-114.96279061419467,12,0.5259671499163995,30852042.52663931,58657736.57450493,648
Sim634,Sim634,F04,,False,True,0,0.0,-114.96279061419467,13,0.0,0.0,58657736.57450493,648
Sim634,Sim634,F04,,False,True,0,0.0,-114.96279061419467,14,0.0,0.0,58657736.57450493,648
Sim634,Sim634,F04,,False,True,0,0.0,-114.96279061419467,15,0.0,0.0,58657736.57450493,648
Sim634,Sim634,F04,,False,True,0,0.0,-114.96279061419467,16,0.1559415742844414,9147179.785390358,58657736.57450493,648
Sim634,Sim634,F04,,False,True,0,0.0,-114.96279061419467,21,0.0,0.0,58657736.57450493,648
Sim634,Sim634,F04,,False,True,0,0.0,-114.96279061419467,22,0.0,0.0,58657736.57450493,648
Sim634,Sim634,F04,,False,True,0,0.0,-114.96279061419467,23,0.0,0.0,58657736.57450493,648
Sim634,Sim634,F04,,False,True,0,0.0,-114.96279061419467,24,0.0,0.0,58657736.57450493,648
Sim634,Sim634,F04,,False,True,0,0.0,-114.96279061419467,25,0.0,0.0,58657736.57450493,648
Sim634,Sim634,F04,,False,True,0,0.0,-114.96279061419467,26,0.0,0.0,58657736.57450493,648
Sim634,Sim634,F04,,False,True,0,0.0,-114.96279061419467,111,0.0,0.0,58657736.57450493,648
Sim634,Sim634,F04,,False,True,0,0.0,-114.96279061419467,121,0.0,0.0,58657736.57450493,648
Sim634,Sim634,F04,,False,True,0,0.0,-114.96279061419467,131,0.0,0.0,58657736.57450493,648
Sim634,Sim634,F04,,False,True,0,0.0,-114.96279061419467,161,0.0,0.0,58657736.57450493,648
Sim634,Sim634,F04,,False,True,0,0.0,-114.96279061419467,231,0.0,0.0,58657736.57450493,648
Sim634,Sim634,F04,,False,True,0,0.0,-114.96279061419467,232,0.0,0.0,58657736.57450493,648
Sim634,Sim634,F04,,False,True,0,0.0,-114.96279061419467,241,0.0,0.0,58657736.57450493,648
Sim634,Sim634,F04,,False,True,1,0.05,-71.33488164039987,11,0.0,0.0,145156881.2768719,612
Sim634,Sim634,F04,,False,True,1,0.05,-71.33488164039987,12,0.0193788023394978,2812966.5104824565,145156881.2768719,612
Sim634,Sim634,F04,,False,True,1,0.05,-71.33488164039987,13,0.4682020683070053,67962752.04282583,145156881.2768719,612
Sim634,Sim634,F04,,False,True,1,0.05,-71.33488164039987,14,0.0030445964306406,441944.1226184949,145156881.2768719,612
Sim634,Sim634,F04,,False,True,1,0.05,-71.33488164039987,15,0.000661936515863,96084.64024596232,145156881.2768719,612
Sim634,Sim634,F04,,False,True,1,0.05,-71.33488164039987,16,0.0,0.0,145156881.2768719,612
Sim634,Sim634,F04,,False,True,1,0.05,-71.33488164039987,21,0.0,0.0,145156881.2768719,612
Sim634,Sim634,F04,,False,True,1,0.05,-71.33488164039987,22,0.0,0.0,145156881.2768719,612
Sim634,Sim634,F04,,False,True,1,0.05,-71.33488164039987,23,0.1169148360486705,16970992.975821815,145156881.2768719,612
Sim634,Sim634,F04,,False,True,1,0.05,-71.33488164039987,24,0.0229943410508538,3337786.8339586863,145156881.2768719,612
Sim634,Sim634,F04,,False,True,1,0.05,-71.33488164039987,25,0.0179993784993922,2612733.647893759,145156881.2768719,612
Sim634,Sim634,F04,,False,True,1,0.05,-71.33488164039987,26,0.0125689547843118,1824470.2774007192,145156881.2768719,612
Sim634,Sim634,F04,,False,True,1,0.05,-71.33488164039987,111,0.0,0.0,145156881.2768719,612
Sim634,Sim634,F04,,False,True,1,0.05,-71.33488164039987,121,0.0,0.0,145156881.2768719,612
Sim634,Sim634,F04,,False,True,1,0.05,-71.33488164039987,131,0.0010176976894393,147725.8226816967,145156881.2768719,612
Sim634,Sim634,F04,,False,True,1,0.05,-71.33488164039987,161,0.0018919108638484,274623.8806500797,145156881.2768719,612
Sim634,Sim634,F04,,False,True,1,0.05,-71.33488164039987,231,0.3132924443713323,45476554.15255048,145156881.2768719,612
Sim634,Sim634,F04,,False,True,1,0.05,-71.33488164039987,232,0.0,0.0,145156881.2768719,612
Sim634,Sim634,F04,,False,True,1,0.05,-71.33488164039987,241,0.0220330330991445,3198246.369741915,145156881.2768719,612
Sim634,Sim634,F04,,False,True,2,0.1,-99.16391597672468,11,0.0,0.0,76557683.37951308,578
Sim634,Sim634,F04,,False,True,2,0.1,-99.16391597672468,12,0.0012313353632383,94268.18287279992,76557683.37951308,578
Sim634,Sim634,F04,,False,True,2,0.1,-99.16391597672468,13,0.2895251724989252,22165376.486571625,76557683.37951308,578
Sim634,Sim634,F04,,False,True,2,0.1,-99.16391597672468,14,0.0238649959897095,1827048.8068335291,76557683.37951308,578
Sim634,Sim634,F04,,False,True,2,0.1,-99.16391597672468,15,0.0,0.0,76557683.37951308,578
Sim634,Sim634,F04,,False,True,2,0.1,-99.16391597672468,16,0.0,0.0,76557683.37951308,578
Sim634,Sim634,F04,,False,True,2,0.1,-99.16391597672468,21,0.1261113620720068,9654793.728067832,76557683.37951308,578
Sim634,Sim634,F04,,False,True,2,0.1,-99.16391597672468,22,0.0,0.0,76557683.37951308,578
Sim634,Sim634,F04,,False,True,2,0.1,-99.16391597672468,23,0.0402567055969686,3081960.120994995,76557683.37951308,578
Sim634,Sim634,F04,,False,True,2,0.1,-99.16391597672468,24,0.0060994713138742,466961.3936300055,76557683.37951308,578
Sim634,Sim634,F04,,False,True,2,0.1,-99.16391597672468,25,0.0,0.0,76557683.37951308,578
Sim634,Sim634,F04,,False,True,2,0.1,-99.16391597672468,26,0.0063366053550188,485115.8264704585,76557683.37951308,578
Sim634,Sim634,F04,,False,True,2,0.1,-99.16391597672468,111,0.0714794329270243,5472299.794174273,76557683.37951308,578
Sim634,Sim634,F04,,False,True,2,0.1,-99.16391597672468,121,0.0,0.0,76557683.37951308,578
Sim634,Sim634,F04,,False,True,2,0.1,-99.16391597672468,131,0.0,0.0,76557683.37951308,578
Sim634,Sim634,F04,,False,True,2,0.1,-99.16391597672468,161,0.0021376605421562,163654.33895927994,76557683.37951308,578
Sim634,Sim634,F04,,False,True,2,0.1,-99.16391597672468,231,0.3298449382645289,25252164.347990844,76557683.37951308,578
Sim634,Sim634,F04,,False,True,2,0.1,-99.16391597672468,232,0.0,0.0,76557683.37951308,578
Sim634,Sim634,F04,,False,True,2,0.1,-99.16391597672468,241,0.1031123200765489,7894040.352947446,76557683.37951308,578
Sim634,Sim634,F04,,False,True,3,0.15,-99.92110519844964,11,0.0,0.0,65127494.65478016,646
Sim634,Sim634,F04,,False,True,3,0.15,-99.92110519844964,12,0.0,0.0,65127494.65478016,646
Sim634,Sim634,F04,,False,True,3,0.15,-99.92110519844964,13,0.2569917868441546,16737231.22401508,65127494.65478016,646
Sim634,Sim634,F04,,False,True,3,0.15,-99.92110519844964,14,0.0102966319872927,670593.844714649,65127494.65478016,646
Sim634,Sim634,F04,,False,True,3,0.15,-99.92110519844964,15,0.0,0.0,65127494.65478016,646
Sim634,Sim634,F04,,False,True,3,0.15,-99.92110519844964,16,0.0,0.0,65127494.65478016,646
Sim634,Sim634,F04,,False,True,3,0.15,-99.92110519844964,21,0.0,0.0,65127494.65478016,646
Sim634,Sim634,F04,,False,True,3,0.15,-99.92110519844964,22,0.0,0.0,65127494.65478016,646
Sim634,Sim634,F04,,False,True,3,0.15,-99.92110519844964,23,0.0802605916211921,5227171.251798686,65127494.65478016,646
Sim634,Sim634,F04,,False,True,3,0.15,-99.92110519844964,24,0.035943157444132,2340887.794318634,65127494.65478016,646
Sim634,Sim634,F04,,False,True,3,0.15,-99.92110519844964,25,0.0,0.0,65127494.65478016,646
Sim634,Sim634,F04,,False,True,3,0.15,-99.92110519844964,26,0.0,0.0,65127494.65478016,646
Sim634,Sim634,F04,,False,True,3,0.15,-99.92110519844964,111,0.0,0.0,65127494.65478016,646
Sim634,Sim634,F04,,False,True,3,0.15,-99.92110519844964,121,0.0,0.0,65127494.65478016,646
Sim634,Sim634,F04,,False,True,3,0.15,-99.92110519844964,131,0.0,0.0,65127494.65478016,646
Sim634,Sim634,F04,,False,True,3,0.15,-99.92110519844964,161,0.0,0.0,65127494.65478016,646
Sim634,Sim634,F04,,False,True,3,0.15,-99.92110519844964,231,0.4898299204388847,31901395.525134858,65127494.65478016,646
Sim634,Sim634,F04,,False,True,3,0.15,-99.92110519844964,232,0.0,0.0,65127494.65478016,646
Sim634,Sim634,F04,,False,True,3,0.15,-99.92110519844964,241,0.1266779116643437,8250215.0147982575,65127494.65478016,646
Sim634,Sim634,F04,,False,True,4,0.2,-48.38563545329855,11,0.0,0.0,144362047.28450724,648
Sim634,Sim634,F04,,False,True,4,0.2,-48.38563545329855,12,0.0,0.0,144362047.28450724,648
Sim634,Sim634,F04,,False,True,4,0.2,-48.38563545329855,13,0.0919773733106017,13278041.914969863,144362047.28450724,648
Sim634,Sim634,F04,,False,True,4,0.2,-48.38563545329855,14,0.0081403290953892,1175154.5737800307,144362047.28450724,648
Sim634,Sim634,F04,,False,True,4,0.2,-48.38563545329855,15,0.0,0.0,144362047.28450724,648
Sim634,Sim634,F04,,False,True,4,0.2,-48.38563545329855,16,0.0,0.0,144362047.28450724,648
Sim634,Sim634,F04,,False,True,4,0.2,-48.38563545329855,21,0.5432188433239024,78420184.34576052,144362047.28450724,648
Sim634,Sim634,F04,,False,True,4,0.2,-48.38563545329855,22,0.0252205512495,3640890.412021664,144362047.28450724,648
Sim634,Sim634,F04,,False,True,4,0.2,-48.38563545329855,23,0.0038874950977454,561206.751119025,144362047.28450724,648
Sim634,Sim634,F04,,False,True,4,0.2,-48.38563545329855,24,0.0006682483318272,96469.69727704224,144362047.28450724,648
Sim634,Sim634,F04,,False,True,4,0.2,-48.38563545329855,25,0.0,0.0,144362047.28450724,648
Sim634,Sim634,F04,,False,True,4,0.2,-48.38563545329855,26,0.0,0.0,144362047.28450724,648
Sim634,Sim634,F04,,False,True,4,0.2,-48.38563545329855,111,0.0126962842116634,1832861.5817017013,144362047.28450724,648
Sim634,Sim634,F04,,False,True,4,0.2,-48.38563545329855,121,0.0,0.0,144362047.28450724,648
Sim634,Sim634,F04,,False,True,4,0.2,-48.38563545329855,131,0.0007837589694835,113145.04941224064,144362047.28450724,648
Sim634,Sim634,F04,,False,True,4,0.2,-48.38563545329855,161,0.0,0.0,144362047.28450724,648
Sim634,Sim634,F04,,False,True,4,0.2,-48.38563545329855,231,0.235871235011468,34050854.38178067,144362047.28450724,648
Sim634,Sim634,F04,,False,True,4,0.2,-48.38563545329855,232,0.0,0.0,144362047.28450724,648
Sim634,Sim634,F04,,False,True,4,0.2,-48.38563545329855,241,0.077535881398419,11193238.576684508,144362047.28450724,648
Sim634,Sim634,F04,,False,True,5,0.25,-89.25253740919258,11,0.0,0.0,58800196.70402405,648
Sim634,Sim634,F04,,False,True,5,0.25,-89.25253740919258,12,0.0,0.0,58800196.70402405,648
Sim634,Sim634,F04,,False,True,5,0.25,-89.25253740919258,13,0.2120554660672184,12468903.11691594,58800196.70402405,648
Sim634,Sim634,F04,,False,True,5,0.25,-89.25253740919258,14,0.0102101298705746,600357.6447634237,58800196.70402405,648
Sim634,Sim634,F04,,False,True,5,0.25,-89.25253740919258,15,0.0,0.0,58800196.70402405,648
Sim634,Sim634,F04,,False,True,5,0.25,-89.25253740919258,16,0.0,0.0,58800196.70402405,648
Sim634,Sim634,F04,,False,True,5,0.25,-89.25253740919258,21,0.0,0.0,58800196.70402405,648
Sim634,Sim634,F04,,False,True,5,0.25,-89.25253740919258,22,0.0,0.0,58800196.70402405,648
Sim634,Sim634,F04,,False,True,5,0.25,-89.25253740919258,23,0.0061487790903661,361549.4200031192,58800196.70402405,648
Sim634,Sim634,F04,,False,True,5,0.25,-89.25253740919258,24,0.020242480619519,1190261.8422051128,58800196.70402405,648
Sim634,Sim634,F04,,False,True,5,0.25,-89.25253740919258,25,0.0,0.0,58800196.70402405,648
Sim634,Sim634,F04,,False,True,5,0.25,-89.25253740919258,26,0.0,0.0,58800196.70402405,648
Sim634,Sim634,F04,,False,True,5,0.25,-89.25253740919258,111,0.0,0.0,58800196.70402405,648
Sim634,Sim634,F04,,False,True,5,0.25,-89.25253740919258,121,0.0,0.0,58800196.70402405,648
Sim634,Sim634,F04,,False,True,5,0.25,-89.25253740919258,131,0.0,0.0,58800196.70402405,648
Sim634,Sim634,F04,,False,True,5,0.25,-89.25253740919258,161,0.0,0.0,58800196.70402405,648
Sim634,Sim634,F04,,False,True,5,0.25,-89.25253740919258,231,0.576103213532072,33874982.2775062,58800196.70402405,648
Sim634,Sim634,F04,,False,True,5,0.25,-89.25253740919258,232,0.0,0.0,58800196.70402405,648
Sim634,Sim634,F04,,False,True,5,0.25,-89.25253740919258,241,0.1752399308202498,10304142.402630258,58800196.70402405,648
Sim634,Sim634,F04,,False,True,6,0.3,-84.23927301558227,11,0.0,0.0,58150466.3628016,648
Sim634,Sim634,F04,,False,True,6,0.3,-84.23927301558227,12,0.0,0.0,58150466.3628016,648
Sim634,Sim634,F04,,False,True,6,0.3,-84.23927301558227,13,0.227837231698922,13248841.278102005,58150466.3628016,648
Sim634,Sim634,F04,,False,True,6,0.3,-84.23927301558227,14,0.0958395013075712,5573111.697013603,58150466.3628016,648
Sim634,Sim634,F04,,False,True,6,0.3,-84.23927301558227,15,0.0,0.0,58150466.3628016,648
Sim634,Sim634,F04,,False,True,6,0.3,-84.23927301558227,16,0.0,0.0,58150466.3628016,648
Sim634,Sim634,F04,,False,True,6,0.3,-84.23927301558227,21,0.002030469041157,118072.72167851096,58150466.3628016,648
Sim634,Sim634,F04,,False,True,6,0.3,-84.23927301558227,22,0.0,0.0,58150466.3628016,648
Sim634,Sim634,F04,,False,True,6,0.3,-84.23927301558227,23,0.1240431330599539,7213166.036539376,58150466.3628016,648
Sim634,Sim634,F04,,False,True,6,0.3,-84.23927301558227,24,0.0,0.0,58150466.3628016,648
Sim634,Sim634,F04,,False,True,6,0.3,-84.23927301558227,25,0.0,0.0,58150466.3628016,648
Sim634,Sim634,F04,,False,True,6,0.3,-84.23927301558227,26,0.0,0.0,58150466.3628016,648
Sim634,Sim634,F04,,False,True,6,0.3,-84.23927301558227,111,0.0,0.0,58150466.3628016,648
Sim634,Sim634,F04,,False,True,6,0.3,-84.23927301558227,121,0.0,0.0,58150466.3628016,648
Sim634,Sim634,F04,,False,True,6,0.3,-84.23927301558227,131,0.0317293413169818,1845075.994967004,58150466.3628016,648
Sim634,Sim634,F04,,False,True,6,0.3,-84.23927301558227,161,0.0,0.0,58150466.3628016,648
Sim634,Sim634,F04,,False,True,6,0.3,-84.23927301558227,231,0.3690920190601599,21462873.03913636,58150466.3628016,648
Sim634,Sim634,F04,,False,True,6,0.3,-84.23927301558227,232,0.0,0.0,58150466.3628016,648
Sim634,Sim634,F04,,False,True,6,0.3,-84.23927301558227,241,0.149428304515254,8689325.595364753,58150466.3628016,648
Sim634,Sim634,F04,,False,True,7,0.35,-78.45284887574365,11,0.0,0.0,58250907.57006503,648
Sim634,Sim634,F04,,False,True,7,0.35,-78.45284887574365,12,0.0,0.0,58250907.57006503,648
Sim634,Sim634,F04,,False,True,7,0.35,-78.45284887574365,13,0.1098239825694623,6397346.657630185,58250907.57006503,648
Sim634,Sim634,F04,,False,True,7,0.35,-78.45284887574365,14,0.1461938196907058,8515922.67811806,58250907.57006503,648
Sim634,Sim634,F04,,False,True,7,0.35,-78.45284887574365,15,0.0,0.0,58250907.57006503,648
Sim634,Sim634,F04,,False,True,7,0.35,-78.45284887574365,16,0.0,0.0,58250907.57006503,648
Sim634,Sim634,F04,,False,True,7,0.35,-78.45284887574365,21,0.0,0.0,58250907.57006503,648
Sim634,Sim634,F04,,False,True,7,0.35,-78.45284887574365,22,0.0,0.0,58250907.57006503,648
Sim634,Sim634,F04,,False,True,7,0.35,-78.45284887574365,23,0.0482360822169558,2809795.566761955,58250907.57006503,648
Sim634,Sim634,F04,,False,True,7,0.35,-78.45284887574365,24,0.353975943168252,20619419.94752044,58250907.57006503,648
Sim634,Sim634,F04,,False,True,7,0.35,-78.45284887574365,25,0.0,0.0,58250907.57006503,648
Sim634,Sim634,F04,,False,True,7,0.35,-78.45284887574365,26,0.0154935982110919,902516.157322044,58250907.57006503,648
Sim634,Sim634,F04,,False,True,7,0.35,-78.45284887574365,111,0.0,0.0,58250907.57006503,648
Sim634,Sim634,F04,,False,True,7,0.35,-78.45284887574365,121,0.0,0.0,58250907.57006503,648
Sim634,Sim634,F04,,False,True,7,0.35,-78.45284887574365,131,0.0,0.0,58250907.57006503,648
Sim634,Sim634,F04,,False,True,7,0.35,-78.45284887574365,161,0.0650355839943207,3788381.792018381,58250907.57006503,648
Sim634,Sim634,F04,,False,True,7,0.35,-78.45284887574365,231,0.0999591851051422,5822713.252338665,58250907.57006503,648
Sim634,Sim634,F04,,False,True,7,0.35,-78.45284887574365,232,0.0,0.0,58250907.57006503,648
Sim634,Sim634,F04,,False,True,7,0.35,-78.45284887574365,241,0.1612818050440687,9394811.5183553,58250907.57006503,648
Sim634,Sim634,F04,,False,True,8,0.4,-72.14822012936753,11,0.0,0.0,58263088.03910343,648
Sim634,Sim634,F04,,False,True,8,0.4,-72.14822012936753,12,0.0,0.0,58263088.03910343,648
Sim634,Sim634,F04,,False,True,8,0.4,-72.14822012936753,13,0.112931788140567,6579754.714847235,58263088.03910343,648
Sim634,Sim634,F04,,False,True,8,0.4,-72.14822012936753,14,0.2025224894849196,11799585.634758271,58263088.03910343,648
Sim634,Sim634,F04,,False,True,8,0.4,-72.14822012936753,15,0.0,0.0,58263088.03910343,648
Sim634,Sim634,F04,,False,True,8,0.4,-72.14822012936753,16,0.0,0.0,58263088.03910343,648
Sim634,Sim634,F04,,False,True,8,0.4,-72.14822012936753,21,0.0,0.0,58263088.03910343,648
Sim634,Sim634,F04,,False,True,8,0.4,-72.14822012936753,22,0.0,0.0,58263088.03910343,648
Sim634,Sim634,F04,,False,True,8,0.4,-72.14822012936753,23,0.0,0.0,58263088.03910343,648
Sim634,Sim634,F04,,False,True,8,0.4,-72.14822012936753,24,0.0,0.0,58263088.03910343,648
Sim634,Sim634,F04,,False,True,8,0.4,-72.14822012936753,25,0.0,0.0,58263088.03910343,648
Sim634,Sim634,F04,,False,True,8,0.4,-72.14822012936753,26,0.0,0.0,58263088.03910343,648
Sim634,Sim634,F04,,False,True,8,0.4,-72.14822012936753,111,0.0,0.0,58263088.03910343,648
Sim634,Sim634,F04,,False,True,8,0.4,-72.14822012936753,121,0.0,0.0,58263088.03910343,648
Sim634,Sim634,F04,,False,True,8,0.4,-72.14822012936753,131,0.3570150992164678,20800802.156938314,58263088.03910343,648
Sim634,Sim634,F04,,False,True,8,0.4,-72.14822012936753,161,0.0,0.0,58263088.03910343,648
Sim634,Sim634,F04,,False,True,8,0.4,-72.14822012936753,231,0.0,0.0,58263088.03910343,648
Sim634,Sim634,F04,,False,True,8,0.4,-72.14822012936753,232,0.0,0.0,58263088.03910343,648
Sim634,Sim634,F04,,False,True,8,0.4,-72.14822012936753,241,0.3275306231580454,19082945.53255961,58263088.03910343,648
Sim634,Sim634,F04,,False,True,9,0.45,-65.7327482820664,11,0.0,0.0,58308539.82603714,648
Sim634,Sim634,F04,,False,True,9,0.45,-65.7327482820664,12,0.0,0.0,58308539.82603714,648
Sim634,Sim634,F04,,False,True,9,0.45,-65.7327482820664,13,0.1696643875468851,9892882.698337749,58308539.82603714,648
Sim634,Sim634,F04,,False,True,9,0.45,-65.7327482820664,14,0.2650909872331026,15457068.386604868,58308539.82603714,648
Sim634,Sim634,F04,,False,True,9,0.45,-65.7327482820664,15,0.0,0.0,58308539.82603714,648
Sim634,Sim634,F04,,False,True,9,0.45,-65.7327482820664,16,0.0,0.0,58308539.82603714,648
Sim634,Sim634,F04,,False,True,9,0.45,-65.7327482820664,21,0.0,0.0,58308539.82603714,648
Sim634,Sim634,F04,,False,True,9,0.45,-65.7327482820664,22,0.0,0.0,58308539.82603714,648
Sim634,Sim634,F04,,False,True,9,0.45,-65.7327482820664,23,0.0108533121939564,632840.7863057236,58308539.82603714,648
Sim634,Sim634,F04,,False,True,9,0.45,-65.7327482820664,24,0.0,0.0,58308539.82603714,648
Sim634,Sim634,F04,,False,True,9,0.45,-65.7327482820664,25,0.0,0.0,58308539.82603714,648
Sim634,Sim634,F04,,False,True,9,0.45,-65.7327482820664,26,0.0,0.0,58308539.82603714,648
Sim634,Sim634,F04,,False,True,9,0.45,-65.7327482820664,111,0.0,0.0,58308539.82603714,648
Sim634,Sim634,F04,,False,True,9,0.45,-65.7327482820664,121,0.0,0.0,58308539.82603714,648
Sim634,Sim634,F04,,False,True,9,0.45,-65.7327482820664,131,0.0074419965876604,433931.9544168317,58308539.82603714,648
Sim634,Sim634,F04,,False,True,9,0.45,-65.7327482820664,161,0.0039680621645771,231371.91075543675,58308539.82603714,648
Sim634,Sim634,F04,,False,True,9,0.45,-65.7327482820664,231,0.1771744443363323,10330783.143741036,58308539.82603714,648
Sim634,Sim634,F04,,False,True,9,0.45,-65.7327482820664,232,0.0,0.0,58308539.82603714,648
Sim634,Sim634,F04,,False,True,9,0.45,-65.7327482820664,241,0.3658068099374857,21329660.94587549,58308539.82603714,648
Sim634,Sim634,F04,,False,True,10,0.5,-59.41693726641058,11,0.0,0.0,58323760.04973268,648
Sim634,Sim634,F04,,False,True,10,0.5,-59.41693726641058,12,0.0,0.0,58323760.04973268,648
Sim634,Sim634,F04,,False,True,10,0.5,-59.41693726641058,13,0.204004623766795,11898316.725610549,58323760.04973268,648
Sim634,Sim634,F04,,False,True,10,0.5,-59.41693726641058,14,0.1272895321151603,7424004.1279273555,58323760.04973268,648
Sim634,Sim634,F04,,False,True,10,0.5,-59.41693726641058,15,0.0,0.0,58323760.04973268,648
Sim634,Sim634,F04,,False,True,10,0.5,-59.41693726641058,16,0.0,0.0,58323760.04973268,648
Sim634,Sim634,F04,,False,True,10,0.5,-59.41693726641058,21,0.0,0.0,58323760.04973268,648
Sim634,Sim634,F04,,False,True,10,0.5,-59.41693726641058,22,0.0,0.0,58323760.04973268,648
Sim634,Sim634,F04,,False,True,10,0.5,-59.41693726641058,23,0.0,0.0,58323760.04973268,648
Sim634,Sim634,F04,,False,True,10,0.5,-59.41693726641058,24,0.0,0.0,58323760.04973268,648
Sim634,Sim634,F04,,False,True,10,0.5,-59.41693726641058,25,0.0,0.0,58323760.04973268,648
Sim634,Sim634,F04,,False,True,10,0.5,-59.41693726641058,26,0.0,0.0,58323760.04973268,648
Sim634,Sim634,F04,,False,True,10,0.5,-59.41693726641058,111,0.0,0.0,58323760.04973268,648
Sim634,Sim634,F04,,False,True,10,0.5,-59.41693726641058,121,0.0,0.0,58323760.04973268,648
Sim634,Sim634,F04,,False,True,10,0.5,-59.41693726641058,131,0.2509007093147102,14633472.76637889,58323760.04973268,648
Sim634,Sim634,F04,,False,True,10,0.5,-59.41693726641058,161,0.0,0.0,58323760.04973268,648
Sim634,Sim634,F04,,False,True,10,0.5,-59.41693726641058,231,0.0819096451775579,4777278.491094632,58323760.04973268,648
Sim634,Sim634,F04,,False,True,10,0.5,-59.41693726641058,232,0.0,0.0,58323760.04973268,648
Sim634,Sim634,F04,,False,True,10,0.5,-59.41693726641058,241,0.3358954896257763,19590687.93872125,58323760.04973268,648
Sim634,Sim634,F04,,False,True,11,0.55,-53.408578529259735,11,0.0,0.0,58340664.20325355,648
Sim634,Sim634,F04,,False,True,11,0.55,-53.408578529259735,12,0.0,0.0,58340664.20325355,648
Sim634,Sim634,F04,,False,True,11,0.55,-53.408578529259735,13,0.2578752485918348,15044613.284426771,58340664.20325355,648
Sim634,Sim634,F04,,False,True,11,0.55,-53.408578529259735,14,0.0085073504461018,496324.4756354267,58340664.20325355,648
Sim634,Sim634,F04,,False,True,11,0.55,-53.408578529259735,15,0.0,0.0,58340664.20325355,648
Sim634,Sim634,F04,,False,True,11,0.55,-53.408578529259735,16,0.0,0.0,58340664.20325355,648
Sim634,Sim634,F04,,False,True,11,0.55,-53.408578529259735,21,0.0,0.0,58340664.20325355,648
Sim634,Sim634,F04,,False,True,11,0.55,-53.408578529259735,22,0.0,0.0,58340664.20325355,648
Sim634,Sim634,F04,,False,True,11,0.55,-53.408578529259735,23,0.0257883923196132,1504511.9366603205,58340664.20325355,648
Sim634,Sim634,F04,,False,True,11,0.55,-53.408578529259735,24,0.0,0.0,58340664.20325355,648
Sim634,Sim634,F04,,False,True,11,0.55,-53.408578529259735,25,0.0,0.0,58340664.20325355,648
Sim634,Sim634,F04,,False,True,11,0.55,-53.408578529259735,26,0.0,0.0,58340664.20325355,648
Sim634,Sim634,F04,,False,True,11,0.55,-53.408578529259735,111,0.0,0.0,58340664.20325355,648
Sim634,Sim634,F04,,False,True,11,0.55,-53.408578529259735,121,0.0,0.0,58340664.20325355,648
Sim634,Sim634,F04,,False,True,11,0.55,-53.408578529259735,131,0.054470469272542,3177843.3568230174,58340664.20325355,648
Sim634,Sim634,F04,,False,True,11,0.55,-53.408578529259735,161,0.0,0.0,58340664.20325355,648
Sim634,Sim634,F04,,False,True,11,0.55,-53.408578529259735,231,0.1828639409948703,10668403.7764653,58340664.20325355,648
Sim634,Sim634,F04,,False,True,11,0.55,-53.408578529259735,232,0.0,0.0,58340664.20325355,648
Sim634,Sim634,F04,,False,True,11,0.55,-53.408578529259735,241,0.4704945983750378,27448967.373242725,58340664.20325355,648
Sim634,Sim634,F04,,False,True,12,0.6,-47.68363279248126,11,0.0,0.0,58300050.979539245,648
Sim634,Sim634,F04,,False,True,12,0.6,-47.68363279248126,12,0.0,0.0,58300050.979539245,648
Sim634,Sim634,F04,,False,True,12,0.6,-47.68363279248126,13,0.2295533343043027,13382971.092464063,58300050.979539245,648
Sim634,Sim634,F04,,False,True,12,0.6,-47.68363279248126,14,0.0585779459910005,3415097.237552029,58300050.979539245,648
Sim634,Sim634,F04,,False,True,12,0.6,-47.68363279248126,15,0.0,0.0,58300050.979539245,648
Sim634,Sim634,F04,,False,True,12,0.6,-47.68363279248126,16,0.0,0.0,58300050.979539245,648
Sim634,Sim634,F04,,False,True,12,0.6,-47.68363279248126,21,0.0,0.0,58300050.979539245,648
Sim634,Sim634,F04,,False,True,12,0.6,-47.68363279248126,22,0.0,0.0,58300050.979539245,648
Sim634,Sim634,F04,,False,True,12,0.6,-47.68363279248126,23,0.015019071403439,875612.6284858341,58300050.979539245,648
Sim634,Sim634,F04,,False,True,12,0.6,-47.68363279248126,24,0.0,0.0,58300050.979539245,648
Sim634,Sim634,F04,,False,True,12,0.6,-47.68363279248126,25,0.0,0.0,58300050.979539245,648
Sim634,Sim634,F04,,False,True,12,0.6,-47.68363279248126,26,0.0,0.0,58300050.979539245,648
Sim634,Sim634,F04,,False,True,12,0.6,-47.68363279248126,111,0.0,0.0,58300050.979539245,648
Sim634,Sim634,F04,,False,True,12,0.6,-47.68363279248126,121,0.0,0.0,58300050.979539245,648
Sim634,Sim634,F04,,False,True,12,0.6,-47.68363279248126,131,0.0079194813435397,461706.1660598796,58300050.979539245,648
Sim634,Sim634,F04,,False,True,12,0.6,-47.68363279248126,161,0.0031400607907094,183065.70417721232,58300050.979539245,648
Sim634,Sim634,F04,,False,True,12,0.6,-47.68363279248126,231,0.1510224677534038,8804617.569079263,58300050.979539245,648
Sim634,Sim634,F04,,False,True,12,0.6,-47.68363279248126,232,0.0,0.0,58300050.979539245,648
Sim634,Sim634,F04,,False,True,12,0.6,-47.68363279248126,241,0.5347676384136046,31176980.58172096,58300050.979539245,648
Sim634,Sim634,F04,,False,True,13,0.65,-39.511183190046594,11,0.0,0.0,66631857.16758993,622
Sim634,Sim634,F04,,False,True,13,0.65,-39.511183190046594,12,0.0,0.0,66631857.16758993,622
Sim634,Sim634,F04,,False,True,13,0.65,-39.511183190046594,13,0.1187020973231061,7909341.194326571,66631857.16758993,622
Sim634,Sim634,F04,,False,True,13,0.65,-39.511183190046594,14,0.0,0.0,66631857.16758993,622
Sim634,Sim634,F04,,False,True,13,0.65,-39.511183190046594,15,0.0,0.0,66631857.16758993,622
Sim634,Sim634,F04,,False,True,13,0.65,-39.511183190046594,16,0.0,0.0,66631857.16758993,622
Sim634,Sim634,F04,,False,True,13,0.65,-39.511183190046594,21,0.0012307366807599,82006.27072331181,66631857.16758993,622
Sim634,Sim634,F04,,False,True,13,0.65,-39.511183190046594,22,0.0325881386255985,2171408.198258505,66631857.16758993,622
Sim634,Sim634,F04,,False,True,13,0.65,-39.511183190046594,23,0.0,0.0,66631857.16758993,622
Sim634,Sim634,F04,,False,True,13,0.65,-39.511183190046594,24,0.0,0.0,66631857.16758993,622
Sim634,Sim634,F04,,False,True,13,0.65,-39.511183190046594,25,0.0,0.0,66631857.16758993,622
Sim634,Sim634,F04,,False,True,13,0.65,-39.511183190046594,26,0.0,0.0,66631857.16758993,622
Sim634,Sim634,F04,,False,True,13,0.65,-39.511183190046594,111,0.4034909295260562,26885349.98459827,66631857.16758993,622
Sim634,Sim634,F04,,False,True,13,0.65,-39.511183190046594,121,0.0092997477674627,619659.4649361898,66631857.16758993,622
Sim634,Sim634,F04,,False,True,13,0.65,-39.511183190046594,131,0.0121636564396709,810487.0185237894,66631857.16758993,622
Sim634,Sim634,F04,,False,True,13,0.65,-39.511183190046594,161,0.0,0.0,66631857.16758993,622
Sim634,Sim634,F04,,False,True,13,0.65,-39.511183190046594,231,0.0930149574361497,6197759.358334987,66631857.16758993,622
Sim634,Sim634,F04,,False,True,13,0.65,-39.511183190046594,232,0.103237889141575,6878932.28356491,66631857.16758993,622
Sim634,Sim634,F04,,False,True,13,0.65,-39.511183190046594,241,0.2262718470596207,15076913.394323405,66631857.16758993,622
Sim634,Sim634,F04,,False,True,14,0.7,-37.662741200161534,11,0.0,0.0,58668099.31478111,644
Sim634,Sim634,F04,,False,True,14,0.7,-37.662741200161534,12,0.0,0.0,58668099.31478111,644
Sim634,Sim634,F04,,False,True,14,0.7,-37.662741200161534,13,0.5842639796508554,34277657.18420564,58668099.31478111,644
Sim634,Sim634,F04,,False,True,14,0.7,-37.662741200161534,14,0.0,0.0,58668099.31478111,644
Sim634,Sim634,F04,,False,True,14,0.7,-37.662741200161534,15,0.0,0.0,58668099.31478111,644
Sim634,Sim634,F04,,False,True,14,0.7,-37.662741200161534,16,0.0,0.0,58668099.31478111,644
Sim634,Sim634,F04,,False,True,14,0.7,-37.662741200161534,21,0.0,0.0,58668099.31478111,644
Sim634,Sim634,F04,,False,True,14,0.7,-37.662741200161534,22,0.0,0.0,58668099.31478111,644
Sim634,Sim634,F04,,False,True,14,0.7,-37.662741200161534,23,0.0388921896329768,2281730.8439567834,58668099.31478111,644
Sim634,Sim634,F04,,False,True,14,0.7,-37.662741200161534,24,0.0,0.0,58668099.31478111,644
Sim634,Sim634,F04,,False,True,14,0.7,-37.662741200161534,25,0.0,0.0,58668099.31478111,644
Sim634,Sim634,F04,,False,True,14,0.7,-37.662741200161534,26,0.0,0.0,58668099.31478111,644
Sim634,Sim634,F04,,False,True,14,0.7,-37.662741200161534,111,0.0517595326624986,3036633.4027301297,58668099.31478111,644
Sim634,Sim634,F04,,False,True,14,0.7,-37.662741200161534,121,0.0,0.0,58668099.31478111,644
Sim634,Sim634,F04,,False,True,14,0.7,-37.662741200161534,131,0.0015424298778513,90491.4292598689,58668099.31478111,644
Sim634,Sim634,F04,,False,True,14,0.7,-37.662741200161534,161,0.0,0.0,58668099.31478111,644
Sim634,Sim634,F04,,False,True,14,0.7,-37.662741200161534,231,0.1937064760310081,11364390.773703454,58668099.31478111,644
Sim634,Sim634,F04,,False,True,14,0.7,-37.662741200161534,232,0.0,0.0,58668099.31478111,644
Sim634,Sim634,F04,,False,True,14,0.7,-37.662741200161534,241,0.1298353921448095,7617195.680925236,58668099.31478111,644
Sim634,Sim634,F04,,False,True,15,0.75,-32.78670384879801,11,0.0,0.0,59261081.60655907,606
Sim634,Sim634,F04,,False,True,15,0.75,-32.78670384879801,12,0.0,0.0,59261081.60655907,606
Sim634,Sim634,F04,,False,True,15,0.75,-32.78670384879801,13,0.3220553920875546,19085350.872332957,59261081.60655907,606
Sim634,Sim634,F04,,False,True,15,0.75,-32.78670384879801,14,0.0,0.0,59261081.60655907,606
Sim634,Sim634,F04,,False,True,15,0.75,-32.78670384879801,15,0.0,0.0,59261081.60655907,606
Sim634,Sim634,F04,,False,True,15,0.75,-32.78670384879801,16,0.0,0.0,59261081.60655907,606
Sim634,Sim634,F04,,False,True,15,0.75,-32.78670384879801,21,0.0149260966245368,884536.630134064,59261081.60655907,606
Sim634,Sim634,F04,,False,True,15,0.75,-32.78670384879801,22,0.0023057583306396,136641.73259703684,59261081.60655907,606
Sim634,Sim634,F04,,False,True,15,0.75,-32.78670384879801,23,0.016916519517262,1002491.2436114156,59261081.60655907,606
Sim634,Sim634,F04,,False,True,15,0.75,-32.78670384879801,24,0.0,0.0,59261081.60655907,606
Sim634,Sim634,F04,,False,True,15,0.75,-32.78670384879801,25,0.0,0.0,59261081.60655907,606
Sim634,Sim634,F04,,False,True,15,0.75,-32.78670384879801,26,0.0,0.0,59261081.60655907,606
Sim634,Sim634,F04,,False,True,15,0.75,-32.78670384879801,111,0.18730326226018,11099793.909975264,59261081.60655907,606
Sim634,Sim634,F04,,False,True,15,0.75,-32.78670384879801,121,0.0,0.0,59261081.60655907,606
Sim634,Sim634,F04,,False,True,15,0.75,-32.78670384879801,131,0.0,0.0,59261081.60655907,606
Sim634,Sim634,F04,,False,True,15,0.75,-32.78670384879801,161,0.0,0.0,59261081.60655907,606
Sim634,Sim634,F04,,False,True,15,0.75,-32.78670384879801,231,0.1721814092103718,10203656.542348187,59261081.60655907,606
Sim634,Sim634,F04,,False,True,15,0.75,-32.78670384879801,232,0.0,0.0,59261081.60655907,606
Sim634,Sim634,F04,,False,True,15,0.75,-32.78670384879801,241,0.2843115619694551,16848610.675560154,59261081.60655907,606
Sim634,Sim634,F04,,False,True,16,0.8,-28.411825935030468,11,0.0,0.0,57843330.84796193,644
Sim634,Sim634,F04,,False,True,16,0.8,-28.411825935030468,12,0.1052505466116432,6088042.189586117,57843330.84796193,644
Sim634,Sim634,F04,,False,True,16,0.8,-28.411825935030468,13,0.3018167027395018,17458083.392001983,57843330.84796193,644
Sim634,Sim634,F04,,False,True,16,0.8,-28.411825935030468,14,0.0,0.0,57843330.84796193,644
Sim634,Sim634,F04,,False,True,16,0.8,-28.411825935030468,15,0.0,0.0,57843330.84796193,644
Sim634,Sim634,F04,,False,True,16,0.8,-28.411825935030468,16,0.0,0.0,57843330.84796193,644
Sim634,Sim634,F04,,False,True,16,0.8,-28.411825935030468,21,0.0,0.0,57843330.84796193,644
Sim634,Sim634,F04,,False,True,16,0.8,-28.411825935030468,22,0.0,0.0,57843330.84796193,644
Sim634,Sim634,F04,,False,True,16,0.8,-28.411825935030468,23,0.4307832332147086,24917937.082593136,57843330.84796193,644
Sim634,Sim634,F04,,False,True,16,0.8,-28.411825935030468,24,0.0,0.0,57843330.84796193,644
Sim634,Sim634,F04,,False,True,16,0.8,-28.411825935030468,25,0.0,0.0,57843330.84796193,644
Sim634,Sim634,F04,,False,True,16,0.8,-28.411825935030468,26,0.0,0.0,57843330.84796193,644
Sim634,Sim634,F04,,False,True,16,0.8,-28.411825935030468,111,0.0,0.0,57843330.84796193,644
Sim634,Sim634,F04,,False,True,16,0.8,-28.411825935030468,121,0.0,0.0,57843330.84796193,644
Sim634,Sim634,F04,,False,True,16,0.8,-28.411825935030468,131,0.0,0.0,57843330.84796193,644
Sim634,Sim634,F04,,False,True,16,0.8,-28.411825935030468,161,0.0,0.0,57843330.84796193,644
Sim634,Sim634,F04,,False,True,16,0.8,-28.411825935030468,231,0.0396479707732598,2293370.690887993,57843330.84796193,644
Sim634,Sim634,F04,,False,True,16,0.8,-28.411825935030468,232,0.0,0.0,57843330.84796193,644
Sim634,Sim634,F04,,False,True,16,0.8,-28.411825935030468,241,0.1225015466608865,7085897.492892709,57843330.84796193,644
Sim634,Sim634,F04,,False,True,17,0.85,-23.51531717005386,11,0.1163278063852749,6776476.823512643,58253284.69677416,619
Sim634,Sim634,F04,,False,True,17,0.85,-23.51531717005386,12,0.0566275325604771,3298739.775921321,58253284.69677416,619
Sim634,Sim634,F04,,False,True,17,0.85,-23.51531717005386,13,0.0834113155748618,4858983.113114899,58253284.69677416,619
Sim634,Sim634,F04,,False,True,17,0.85,-23.51531717005386,14,0.0,0.0,58253284.69677416,619
Sim634,Sim634,F04,,False,True,17,0.85,-23.51531717005386,15,0.0,0.0,58253284.69677416,619
Sim634,Sim634,F04,,False,True,17,0.85,-23.51531717005386,16,0.0,0.0,58253284.69677416,619
Sim634,Sim634,F04,,False,True,17,0.85,-23.51531717005386,21,0.050499477574089,2941760.44416177,58253284.69677416,619
Sim634,Sim634,F04,,False,True,17,0.85,-23.51531717005386,22,0.0006442195805087,37527.90663061543,58253284.69677416,619
Sim634,Sim634,F04,,False,True,17,0.85,-23.51531717005386,23,0.2623888816903198,15285014.226374391,58253284.69677416,619
Sim634,Sim634,F04,,False,True,17,0.85,-23.51531717005386,24,0.0,0.0,58253284.69677416,619
Sim634,Sim634,F04,,False,True,17,0.85,-23.51531717005386,25,0.0,0.0,58253284.69677416,619
Sim634,Sim634,F04,,False,True,17,0.85,-23.51531717005386,26,0.0,0.0,58253284.69677416,619
Sim634,Sim634,F04,,False,True,17,0.85,-23.51531717005386,111,0.0947367737195258,5518728.250737408,58253284.69677416,619
Sim634,Sim634,F04,,False,True,17,0.85,-23.51531717005386,121,0.0,0.0,58253284.69677416,619
Sim634,Sim634,F04,,False,True,17,0.85,-23.51531717005386,131,0.0,0.0,58253284.69677416,619
Sim634,Sim634,F04,,False,True,17,0.85,-23.51531717005386,161,0.0,0.0,58253284.69677416,619
Sim634,Sim634,F04,,False,True,17,0.85,-23.51531717005386,231,0.1903998298346862,11091415.493577331,58253284.69677416,619
Sim634,Sim634,F04,,False,True,17,0.85,-23.51531717005386,232,0.0180692978639518,1052595.952739603,58253284.69677416,619
Sim634,Sim634,F04,,False,True,17,0.85,-23.51531717005386,241,0.1268948652163046,7392042.710004178,58253284.69677416,619
Sim634,Sim634,F04,,False,True,18,0.9,-18.283141211693515,11,0.0,0.0,58320536.461813614,648
Sim634,Sim634,F04,,False,True,18,0.9,-18.283141211693515,12,0.087864116875787,5124282.431939393,58320536.461813614,648
Sim634,Sim634,F04,,False,True,18,0.9,-18.283141211693515,13,0.1057248200968399,6165928.225376437,58320536.461813614,648
Sim634,Sim634,F04,,False,True,18,0.9,-18.283141211693515,14,0.0,0.0,58320536.461813614,648
Sim634,Sim634,F04,,False,True,18,0.9,-18.283141211693515,15,0.0,0.0,58320536.461813614,648
Sim634,Sim634,F04,,False,True,18,0.9,-18.283141211693515,16,0.0,0.0,58320536.461813614,648
Sim634,Sim634,F04,,False,True,18,0.9,-18.283141211693515,21,0.0,0.0,58320536.461813614,648
Sim634,Sim634,F04,,False,True,18,0.9,-18.283141211693515,22,0.0,0.0,58320536.461813614,648
Sim634,Sim634,F04,,False,True,18,0.9,-18.283141211693515,23,0.7554114934800237,44056003.5491748,58320536.461813614,648
Sim634,Sim634,F04,,False,True,18,0.9,-18.283141211693515,24,0.0,0.0,58320536.461813614,648
Sim634,Sim634,F04,,False,True,18,0.9,-18.283141211693515,25,0.0,0.0,58320536.461813614,648
Sim634,Sim634,F04,,False,True,18,0.9,-18.283141211693515,26,0.0,0.0,58320536.461813614,648
Sim634,Sim634,F04,,False,True,18,0.9,-18.283141211693515,111,0.0,0.0,58320536.461813614,648
Sim634,Sim634,F04,,False,True,18,0.9,-18.283141211693515,121,0.0,0.0,58320536.461813614,648
Sim634,Sim634,F04,,False,True,18,0.9,-18.283141211693515,131,0.0,0.0,58320536.461813614,648
Sim634,Sim634,F04,,False,True,18,0.9,-18.283141211693515,161,0.0,0.0,58320536.461813614,648
Sim634,Sim634,F04,,False,True,18,0.9,-18.283141211693515,231,0.0047977937010863,279809.9024804662,58320536.461813614,648
Sim634,Sim634,F04,,False,True,18,0.9,-18.283141211693515,232,0.0,0.0,58320536.461813614,648
Sim634,Sim634,F04,,False,True,18,0.9,-18.283141211693515,241,0.0462017758462628,2694512.352842512,58320536.461813614,648
Sim634,Sim634,F04,,False,True,19,0.95,-13.06910031025467,11,0.0446751692066176,2599027.274506502,58176103.6536044,645
Sim634,Sim634,F04,,False,True,19,0.95,-13.06910031025467,12,0.0,0.0,58176103.6536044,645
Sim634,Sim634,F04,,False,True,19,0.95,-13.06910031025467,13,0.0761688179921068,4431205.050681334,58176103.6536044,645
Sim634,Sim634,F04,,False,True,19,0.95,-13.06910031025467,14,0.0,0.0,58176103.6536044,645
Sim634,Sim634,F04,,False,True,19,0.95,-13.06910031025467,15,0.0,0.0,58176103.6536044,645
Sim634,Sim634,F04,,False,True,19,0.95,-13.06910031025467,16,0.0,0.0,58176103.6536044,645
Sim634,Sim634,F04,,False,True,19,0.95,-13.06910031025467,21,0.1438358281109964,8367808.045287355,58176103.6536044,645
Sim634,Sim634,F04,,False,True,19,0.95,-13.06910031025467,22,0.0074081449900113,430977.0108198325,58176103.6536044,645
Sim634,Sim634,F04,,False,True,19,0.95,-13.06910031025467,23,0.183119115207448,10653156.627264826,58176103.6536044,645
Sim634,Sim634,F04,,False,True,19,0.95,-13.06910031025467,24,0.0,0.0,58176103.6536044,645
Sim634,Sim634,F04,,False,True,19,0.95,-13.06910031025467,25,0.0,0.0,58176103.6536044,645
Sim634,Sim634,F04,,False,True,19,0.95,-13.06910031025467,26,0.0,0.0,58176103.6536044,645
Sim634,Sim634,F04,,False,True,19,0.95,-13.06910031025467,111,0.11343731126638,6599340.778419112,58176103.6536044,645
Sim634,Sim634,F04,,False,True,19,0.95,-13.06910031025467,121,0.0,0.0,58176103.6536044,645
Sim634,Sim634,F04,,False,True,19,0.95,-13.06910031025467,131,0.0,0.0,58176103.6536044,645
Sim634,Sim634,F04,,False,True,19,0.95,-13.06910031025467,161,0.0,0.0,58176103.6536044,645
Sim634,Sim634,F04,,False,True,19,0.95,-13.06910031025467,231,0.230350293721552,13400882.564183228,58176103.6536044,645
Sim634,Sim634,F04,,False,True,19,0.95,-13.06910031025467,232,0.1869600216240238,10876605.597079333,58176103.6536044,645
Sim634,Sim634,F04,,False,True,19,0.95,-13.06910031025467,241,0.0140452978808638,817100.7053628865,58176103.6536044,645
Sim634,Sim634,F04,,False,True,20,1.0,-7.859427312421679,11,0.0,0.0,58320318.44254385,648
Sim634,Sim634,F04,,False,True,20,1.0,-7.859427312421679,12,0.0419389822270188,2445894.798635924,58320318.44254385,648
Sim634,Sim634,F04,,False,True,20,1.0,-7.859427312421679,13,0.0987710855621476,5760361.162900195,58320318.44254385,648
Sim634,Sim634,F04,,False,True,20,1.0,-7.859427312421679,14,0.0,0.0,58320318.44254385,648
Sim634,Sim634,F04,,False,True,20,1.0,-7.859427312421679,15,0.0,0.0,58320318.44254385,648
Sim634,Sim634,F04,,False,True,20,1.0,-7.859427312421679,16,0.0,0.0,58320318.44254385,648
Sim634,Sim634,F04,,False,True,20,1.0,-7.859427312421679,21,0.0,0.0,58320318.44254385,648
Sim634,Sim634,F04,,False,True,20,1.0,-7.859427312421679,22,0.0,0.0,58320318.44254385,648
Sim634,Sim634,F04,,False,True,20,1.0,-7.859427312421679,23,0.8220723013926439,47943518.40001387,58320318.44254385,648
Sim634,Sim634,F04,,False,True,20,1.0,-7.859427312421679,24,0.0031344632276122,182802.8935807913,58320318.44254385,648
Sim634,Sim634,F04,,False,True,20,1.0,-7.859427312421679,25,0.0,0.0,58320318.44254385,648
Sim634,Sim634,F04,,False,True,20,1.0,-7.859427312421679,26,0.0,0.0,58320318.44254385,648
Sim634,Sim634,F04,,False,True,20,1.0,-7.859427312421679,111,0.0,0.0,58320318.44254385,648
Sim634,Sim634,F04,,False,True,20,1.0,-7.859427312421679,121,0.0,0.0,58320318.44254385,648
Sim634,Sim634,F04,,False,True,20,1.0,-7.859427312421679,131,0.0,0.0,58320318.44254385,648
Sim634,Sim634,F04,,False,True,20,1.0,-7.859427312421679,161,0.0,0.0,58320318.44254385,648
Sim634,Sim634,F04,,False,True,20,1.0,-7.859427312421679,231,0.0170688263170471,995459.3862506644,58320318.44254385,648
Sim634,Sim634,F04,,False,True,20,1.0,-7.859427312421679,232,0.0,0.0,58320318.44254385,648
Sim634,Sim634,F04,,False,True,20,1.0,-7.859427312421679,241,0.0170143412735301,992281.801162398,58320318.44254385,648
Sim637,Sim637,F01,,False,True,0,0.0,-114.79093809681912,11,0.317771812817153,18641777.25495909,58664036.59183466,648
Sim637,Sim637,F01,,False,True,0,0.0,-114.79093809681912,12,0.5262887039724305,30874219.787707902,58664036.59183466,648
Sim637,Sim637,F01,,False,True,0,0.0,-114.79093809681912,13,0.0,0.0,58664036.59183466,648
Sim637,Sim637,F01,,False,True,0,0.0,-114.79093809681912,14,0.0,0.0,58664036.59183466,648
Sim637,Sim637,F01,,False,True,0,0.0,-114.79093809681912,15,0.0,0.0,58664036.59183466,648
Sim637,Sim637,F01,,False,True,0,0.0,-114.79093809681912,16,0.1559394832104165,9148039.54916766,58664036.59183466,648
Sim637,Sim637,F01,,False,True,0,0.0,-114.79093809681912,21,0.0,0.0,58664036.59183466,648
Sim637,Sim637,F01,,False,True,0,0.0,-114.79093809681912,22,0.0,0.0,58664036.59183466,648
Sim637,Sim637,F01,,False,True,0,0.0,-114.79093809681912,23,0.0,0.0,58664036.59183466,648
Sim637,Sim637,F01,,False,True,0,0.0,-114.79093809681912,24,0.0,0.0,58664036.59183466,648
Sim637,Sim637,F01,,False,True,0,0.0,-114.79093809681912,25,0.0,0.0,58664036.59183466,648
Sim637,Sim637,F01,,False,True,0,0.0,-114.79093809681912,26,0.0,0.0,58664036.59183466,648
Sim637,Sim637,F01,,False,True,0,0.0,-114.79093809681912,111,0.0,0.0,58664036.59183466,648
Sim637,Sim637,F01,,False,True,0,0.0,-114.79093809681912,121,0.0,0.0,58664036.59183466,648
Sim637,Sim637,F01,,False,True,0,0.0,-114.79093809681912,131,0.0,0.0,58664036.59183466,648
Sim637,Sim637,F01,,False,True,0,0.0,-114.79093809681912,161,0.0,0.0,58664036.59183466,648
Sim637,Sim637,F01,,False,True,0,0.0,-114.79093809681912,231,0.0,0.0,58664036.59183466,648
Sim637,Sim637,F01,,False,True,0,0.0,-114.79093809681912,232,0.0,0.0,58664036.59183466,648
Sim637,Sim637,F01,,False,True,0,0.0,-114.79093809681912,241,0.0,0.0,58664036.59183466,648
Sim637,Sim637,F01,,False,True,1,0.05,-103.64004843173517,11,0.0,0.0,74970540.40838215,607
Sim637,Sim637,F01,,False,True,1,0.05,-103.64004843173517,12,0.0447169974328838,3352457.4629835403,74970540.40838215,607
Sim637,Sim637,F01,,False,True,1,0.05,-103.64004843173517,13,0.2959782423532028,22189648.77834272,74970540.40838215,607
Sim637,Sim637,F01,,False,True,1,0.05,-103.64004843173517,14,0.0071968265280246,539549.9740313914,74970540.40838215,607
Sim637,Sim637,F01,,False,True,1,0.05,-103.64004843173517,15,0.001277483239665,95773.60884034264,74970540.40838215,607
Sim637,Sim637,F01,,False,True,1,0.05,-103.64004843173517,16,0.0,0.0,74970540.40838215,607
Sim637,Sim637,F01,,False,True,1,0.05,-103.64004843173517,21,0.0,0.0,74970540.40838215,607
Sim637,Sim637,F01,,False,True,1,0.05,-103.64004843173517,22,0.0,0.0,74970540.40838215,607
Sim637,Sim637,F01,,False,True,1,0.05,-103.64004843173517,23,0.2794852720758753,20953161.88371209,74970540.40838215,607
Sim637,Sim637,F01,,False,True,1,0.05,-103.64004843173517,24,0.0248268751431015,1861284.2461297524,74970540.40838215,607
Sim637,Sim637,F01,,False,True,1,0.05,-103.64004843173517,25,0.0311541688564582,2335644.8751426614,74970540.40838215,607
Sim637,Sim637,F01,,False,True,1,0.05,-103.64004843173517,26,0.051203166070221,3838729.0309046055,74970540.40838215,607
Sim637,Sim637,F01,,False,True,1,0.05,-103.64004843173517,111,0.0,0.0,74970540.40838215,607
Sim637,Sim637,F01,,False,True,1,0.05,-103.64004843173517,121,0.0,0.0,74970540.40838215,607
Sim637,Sim637,F01,,False,True,1,0.05,-103.64004843173517,131,0.0017087022011894,128102.32742016757,74970540.40838215,607
Sim637,Sim637,F01,,False,True,1,0.05,-103.64004843173517,161,0.0025146161787808,188522.13384286125,74970540.40838215,607
Sim637,Sim637,F01,,False,True,1,0.05,-103.64004843173517,231,0.1960206248877602,14695772.17902415,74970540.40838215,607
Sim637,Sim637,F01,,False,True,1,0.05,-103.64004843173517,232,0.0,0.0,74970540.40838215,607
Sim637,Sim637,F01,,False,True,1,0.05,-103.64004843173517,241,0.0639170250328368,4791893.9080078695,74970540.40838215,607
Sim637,Sim637,F01,,False,True,2,0.1,-95.4078355030858,11,0.0,0.0,77604439.3660213,578
Sim637,Sim637,F01,,False,True,2,0.1,-95.4078355030858,12,0.0013008402738175,100950.98015435248,77604439.3660213,578
Sim637,Sim637,F01,,False,True,2,0.1,-95.4078355030858,13,0.2836191481920864,22010104.988915384,77604439.3660213,578
Sim637,Sim637,F01,,False,True,2,0.1,-95.4078355030858,14,0.0185328120109466,1438228.4859853834,77604439.3660213,578
Sim637,Sim637,F01,,False,True,2,0.1,-95.4078355030858,15,0.0,0.0,77604439.3660213,578
Sim637,Sim637,F01,,False,True,2,0.1,-95.4078355030858,16,0.0018573972173139,144142.2697296561,77604439.3660213,578
Sim637,Sim637,F01,,False,True,2,0.1,-95.4078355030858,21,0.201077830288489,15604532.288474172,77604439.3660213,578
Sim637,Sim637,F01,,False,True,2,0.1,-95.4078355030858,22,0.0,0.0,77604439.3660213,578
Sim637,Sim637,F01,,False,True,2,0.1,-95.4078355030858,23,0.0591719567438817,4592006.52929941,77604439.3660213,578
Sim637,Sim637,F01,,False,True,2,0.1,-95.4078355030858,24,0.0,0.0,77604439.3660213,578
Sim637,Sim637,F01,,False,True,2,0.1,-95.4078355030858,25,0.0,0.0,77604439.3660213,578
Sim637,Sim637,F01,,False,True,2,0.1,-95.4078355030858,26,0.0,0.0,77604439.3660213,578
Sim637,Sim637,F01,,False,True,2,0.1,-95.4078355030858,111,0.03179810201658,2467673.8799002445,77604439.3660213,578
Sim637,Sim637,F01,,False,True,2,0.1,-95.4078355030858,121,0.0,0.0,77604439.3660213,578
Sim637,Sim637,F01,,False,True,2,0.1,-95.4078355030858,131,0.0,0.0,77604439.3660213,578
Sim637,Sim637,F01,,False,True,2,0.1,-95.4078355030858,161,0.0009960899438481,77301.0016504647,77604439.3660213,578
Sim637,Sim637,F01,,False,True,2,0.1,-95.4078355030858,231,0.2724842575742037,21145988.045112625,77604439.3660213,578
Sim637,Sim637,F01,,False,True,2,0.1,-95.4078355030858,232,0.0,0.0,77604439.3660213,578
Sim637,Sim637,F01,,False,True,2,0.1,-95.4078355030858,241,0.1291615657388325,10023510.896799607,77604439.3660213,578
Sim637,Sim637,F01,,False,True,3,0.15,-91.1167233907542,11,0.0,0.0,126600366.44152357,647
Sim637,Sim637,F01,,False,True,3,0.15,-91.1167233907542,12,0.0008084079600173,102344.74397244208,126600366.44152357,647
Sim637,Sim637,F01,,False,True,3,0.15,-91.1167233907542,13,0.1323352325548869,16753688.934572922,126600366.44152357,647
Sim637,Sim637,F01,,False,True,3,0.15,-91.1167233907542,14,0.0060183083261442,761920.0394479363,126600366.44152357,647
Sim637,Sim637,F01,,False,True,3,0.15,-91.1167233907542,15,0.0,0.0,126600366.44152357,647
Sim637,Sim637,F01,,False,True,3,0.15,-91.1167233907542,16,0.0,0.0,126600366.44152357,647
Sim637,Sim637,F01,,False,True,3,0.15,-91.1167233907542,21,0.0,0.0,126600366.44152357,647
Sim637,Sim637,F01,,False,True,3,0.15,-91.1167233907542,22,0.0,0.0,126600366.44152357,647
Sim637,Sim637,F01,,False,True,3,0.15,-91.1167233907542,23,0.0634741348476659,8035848.731273186,126600366.44152357,647
Sim637,Sim637,F01,,False,True,3,0.15,-91.1167233907542,24,0.0109639997876283,1388046.3907785336,126600366.44152357,647
Sim637,Sim637,F01,,False,True,3,0.15,-91.1167233907542,25,0.0,0.0,126600366.44152357,647
Sim637,Sim637,F01,,False,True,3,0.15,-91.1167233907542,26,0.0,0.0,126600366.44152357,647
Sim637,Sim637,F01,,False,True,3,0.15,-91.1167233907542,111,0.0,0.0,126600366.44152357,647
Sim637,Sim637,F01,,False,True,3,0.15,-91.1167233907542,121,0.0,0.0,126600366.44152357,647
Sim637,Sim637,F01,,False,True,3,0.15,-91.1167233907542,131,0.0,0.0,126600366.44152357,647
Sim637,Sim637,F01,,False,True,3,0.15,-91.1167233907542,161,0.0,0.0,126600366.44152357,647
Sim637,Sim637,F01,,False,True,3,0.15,-91.1167233907542,231,0.7139271847894332,90383443.20690756,126600366.44152357,647
Sim637,Sim637,F01,,False,True,3,0.15,-91.1167233907542,232,0.0,0.0,126600366.44152357,647
Sim637,Sim637,F01,,False,True,3,0.15,-91.1167233907542,241,0.0724727317342237,9175074.394570963,126600366.44152357,647
Sim637,Sim637,F01,,False,True,4,0.2,-91.13983097711952,11,0.0,0.0,62958364.62210839,647
Sim637,Sim637,F01,,False,True,4,0.2,-91.13983097711952,12,0.0,0.0,62958364.62210839,647
Sim637,Sim637,F01,,False,True,4,0.2,-91.13983097711952,13,0.2453916105291685,15449454.490901807,62958364.62210839,647
Sim637,Sim637,F01,,False,True,4,0.2,-91.13983097711952,14,0.0168527765525658,1061023.2510913596,62958364.62210839,647
Sim637,Sim637,F01,,False,True,4,0.2,-91.13983097711952,15,0.0,0.0,62958364.62210839,647
Sim637,Sim637,F01,,False,True,4,0.2,-91.13983097711952,16,0.0,0.0,62958364.62210839,647
Sim637,Sim637,F01,,False,True,4,0.2,-91.13983097711952,21,0.0089161943763752,561349.0165894257,62958364.62210839,647
Sim637,Sim637,F01,,False,True,4,0.2,-91.13983097711952,22,0.0473069837427445,2978370.331647866,62958364.62210839,647
Sim637,Sim637,F01,,False,True,4,0.2,-91.13983097711952,23,0.0194660967857629,1225553.6192073163,62958364.62210839,647
Sim637,Sim637,F01,,False,True,4,0.2,-91.13983097711952,24,0.0,0.0,62958364.62210839,647
Sim637,Sim637,F01,,False,True,4,0.2,-91.13983097711952,25,0.0,0.0,62958364.62210839,647
Sim637,Sim637,F01,,False,True,4,0.2,-91.13983097711952,26,0.0,0.0,62958364.62210839,647
Sim637,Sim637,F01,,False,True,4,0.2,-91.13983097711952,111,0.0352354801793278,2218368.208765197,62958364.62210839,647
Sim637,Sim637,F01,,False,True,4,0.2,-91.13983097711952,121,0.0,0.0,62958364.62210839,647
Sim637,Sim637,F01,,False,True,4,0.2,-91.13983097711952,131,0.0043526175908784,274033.6853471311,62958364.62210839,647
Sim637,Sim637,F01,,False,True,4,0.2,-91.13983097711952,161,0.0,0.0,62958364.62210839,647
Sim637,Sim637,F01,,False,True,4,0.2,-91.13983097711952,231,0.4168127667353233,26241850.147272296,62958364.62210839,647
Sim637,Sim637,F01,,False,True,4,0.2,-91.13983097711952,232,0.0,0.0,62958364.62210839,647
Sim637,Sim637,F01,,False,True,4,0.2,-91.13983097711952,241,0.2056654735078531,12948361.87128599,62958364.62210839,647
Sim637,Sim637,F01,,False,True,5,0.25,-89.15183440353132,11,0.0,0.0,58477928.42709967,648
Sim637,Sim637,F01,,False,True,5,0.25,-89.15183440353132,12,0.0,0.0,58477928.42709967,648
Sim637,Sim637,F01,,False,True,5,0.25,-89.15183440353132,13,0.2531304055092047,14802541.736089986,58477928.42709967,648
Sim637,Sim637,F01,,False,True,5,0.25,-89.15183440353132,14,0.0161767790069962,945984.5249521342,58477928.42709967,648
Sim637,Sim637,F01,,False,True,5,0.25,-89.15183440353132,15,0.0,0.0,58477928.42709967,648
Sim637,Sim637,F01,,False,True,5,0.25,-89.15183440353132,16,0.0,0.0,58477928.42709967,648
Sim637,Sim637,F01,,False,True,5,0.25,-89.15183440353132,21,0.0,0.0,58477928.42709967,648
Sim637,Sim637,F01,,False,True,5,0.25,-89.15183440353132,22,0.0,0.0,58477928.42709967,648
Sim637,Sim637,F01,,False,True,5,0.25,-89.15183440353132,23,0.0357390458600859,2089945.365858939,58477928.42709967,648
Sim637,Sim637,F01,,False,True,5,0.25,-89.15183440353132,24,0.0035204090192546,205866.2266620919,58477928.42709967,648
Sim637,Sim637,F01,,False,True,5,0.25,-89.15183440353132,25,0.0,0.0,58477928.42709967,648
Sim637,Sim637,F01,,False,True,5,0.25,-89.15183440353132,26,0.0,0.0,58477928.42709967,648
Sim637,Sim637,F01,,False,True,5,0.25,-89.15183440353132,111,0.0,0.0,58477928.42709967,648
Sim637,Sim637,F01,,False,True,5,0.25,-89.15183440353132,121,0.0,0.0,58477928.42709967,648
Sim637,Sim637,F01,,False,True,5,0.25,-89.15183440353132,131,0.0010436104529654,61028.17737428902,58477928.42709967,648
Sim637,Sim637,F01,,False,True,5,0.25,-89.15183440353132,161,0.0,0.0,58477928.42709967,648
Sim637,Sim637,F01,,False,True,5,0.25,-89.15183440353132,231,0.5018690472502095,29348262.22487445,58477928.42709967,648
Sim637,Sim637,F01,,False,True,5,0.25,-89.15183440353132,232,0.0,0.0,58477928.42709967,648
Sim637,Sim637,F01,,False,True,5,0.25,-89.15183440353132,241,0.1885207029012835,11024300.17128778,58477928.42709967,648
Sim637,Sim637,F01,,False,True,6,0.3,-84.04308530793583,11,0.0,0.0,58170103.67285908,648
Sim637,Sim637,F01,,False,True,6,0.3,-84.04308530793583,12,0.013217773421951,768879.2502792511,58170103.67285908,648
Sim637,Sim637,F01,,False,True,6,0.3,-84.04308530793583,13,0.2408190082061619,14008466.67374754,58170103.67285908,648
Sim637,Sim637,F01,,False,True,6,0.3,-84.04308530793583,14,0.0722718852324008,4204063.056601732,58170103.67285908,648
Sim637,Sim637,F01,,False,True,6,0.3,-84.04308530793583,15,0.0,0.0,58170103.67285908,648
Sim637,Sim637,F01,,False,True,6,0.3,-84.04308530793583,16,0.0,0.0,58170103.67285908,648
Sim637,Sim637,F01,,False,True,6,0.3,-84.04308530793583,21,0.0,0.0,58170103.67285908,648
Sim637,Sim637,F01,,False,True,6,0.3,-84.04308530793583,22,0.0,0.0,58170103.67285908,648
Sim637,Sim637,F01,,False,True,6,0.3,-84.04308530793583,23,0.1550683667728085,9020342.971555209,58170103.67285908,648
Sim637,Sim637,F01,,False,True,6,0.3,-84.04308530793583,24,0.0,0.0,58170103.67285908,648
Sim637,Sim637,F01,,False,True,6,0.3,-84.04308530793583,25,0.0,0.0,58170103.67285908,648
Sim637,Sim637,F01,,False,True,6,0.3,-84.04308530793583,26,0.0,0.0,58170103.67285908,648
Sim637,Sim637,F01,,False,True,6,0.3,-84.04308530793583,111,0.0,0.0,58170103.67285908,648
Sim637,Sim637,F01,,False,True,6,0.3,-84.04308530793583,121,0.0,0.0,58170103.67285908,648
Sim637,Sim637,F01,,False,True,6,0.3,-84.04308530793583,131,0.0512250485642704,2979766.385630856,58170103.67285908,648
Sim637,Sim637,F01,,False,True,6,0.3,-84.04308530793583,161,0.0,0.0,58170103.67285908,648
Sim637,Sim637,F01,,False,True,6,0.3,-84.04308530793583,231,0.2740103443002165,15939210.135379408,58170103.67285908,648
Sim637,Sim637,F01,,False,True,6,0.3,-84.04308530793583,232,0.0,0.0,58170103.67285908,648
Sim637,Sim637,F01,,False,True,6,0.3,-84.04308530793583,241,0.1933875735021906,11249375.199665088,58170103.67285908,648
Sim637,Sim637,F01,,False,True,7,0.35,-78.3124166682188,11,0.0,0.0,58235587.46895151,648
Sim637,Sim637,F01,,False,True,7,0.35,-78.3124166682188,12,0.0,0.0,58235587.46895151,648
Sim637,Sim637,F01,,False,True,7,0.35,-78.3124166682188,13,0.1269362772328644,7392208.675777555,58235587.46895151,648
Sim637,Sim637,F01,,False,True,7,0.35,-78.3124166682188,14,0.1066771044453618,6212403.846862346,58235587.46895151,648
Sim637,Sim637,F01,,False,True,7,0.35,-78.3124166682188,15,0.0,0.0,58235587.46895151,648
Sim637,Sim637,F01,,False,True,7,0.35,-78.3124166682188,16,0.0,0.0,58235587.46895151,648
Sim637,Sim637,F01,,False,True,7,0.35,-78.3124166682188,21,0.0,0.0,58235587.46895151,648
Sim637,Sim637,F01,,False,True,7,0.35,-78.3124166682188,22,0.0,0.0,58235587.46895151,648
Sim637,Sim637,F01,,False,True,7,0.35,-78.3124166682188,23,0.0586273518074835,3414198.274257703,58235587.46895151,648
Sim637,Sim637,F01,,False,True,7,0.35,-78.3124166682188,24,0.2792959391541439,16264963.094334109,58235587.46895151,648
Sim637,Sim637,F01,,False,True,7,0.35,-78.3124166682188,25,0.0,0.0,58235587.46895151,648
Sim637,Sim637,F01,,False,True,7,0.35,-78.3124166682188,26,0.0215533662287708,1255172.944265931,58235587.46895151,648
Sim637,Sim637,F01,,False,True,7,0.35,-78.3124166682188,111,0.0,0.0,58235587.46895151,648
Sim637,Sim637,F01,,False,True,7,0.35,-78.3124166682188,121,0.0,0.0,58235587.46895151,648
Sim637,Sim637,F01,,False,True,7,0.35,-78.3124166682188,131,0.0,0.0,58235587.46895151,648
Sim637,Sim637,F01,,False,True,7,0.35,-78.3124166682188,161,0.0717097134576441,4176057.290436086,58235587.46895151,648
Sim637,Sim637,F01,,False,True,7,0.35,-78.3124166682188,231,0.0582426783399319,3391796.588891114,58235587.46895151,648
Sim637,Sim637,F01,,False,True,7,0.35,-78.3124166682188,232,0.0,0.0,58235587.46895151,648
Sim637,Sim637,F01,,False,True,7,0.35,-78.3124166682188,241,0.2769575693337991,16128786.754126662,58235587.46895151,648
Sim637,Sim637,F01,,False,True,8,0.4,-72.05386257739094,11,0.0,0.0,58273083.82683945,648
Sim637,Sim637,F01,,False,True,8,0.4,-72.05386257739094,12,0.0,0.0,58273083.82683945,648
Sim637,Sim637,F01,,False,True,8,0.4,-72.05386257739094,13,0.109374219412507,6373573.056320151,58273083.82683945,648
Sim637,Sim637,F01,,False,True,8,0.4,-72.05386257739094,14,0.1259355471729876,7338652.697190404,58273083.82683945,648
Sim637,Sim637,F01,,False,True,8,0.4,-72.05386257739094,15,0.0,0.0,58273083.82683945,648
Sim637,Sim637,F01,,False,True,8,0.4,-72.05386257739094,16,0.0,0.0,58273083.82683945,648
Sim637,Sim637,F01,,False,True,8,0.4,-72.05386257739094,21,0.0,0.0,58273083.82683945,648
Sim637,Sim637,F01,,False,True,8,0.4,-72.05386257739094,22,0.0,0.0,58273083.82683945,648
Sim637,Sim637,F01,,False,True,8,0.4,-72.05386257739094,23,0.0,0.0,58273083.82683945,648
Sim637,Sim637,F01,,False,True,8,0.4,-72.05386257739094,24,0.0,0.0,58273083.82683945,648
Sim637,Sim637,F01,,False,True,8,0.4,-72.05386257739094,25,0.0,0.0,58273083.82683945,648
Sim637,Sim637,F01,,False,True,8,0.4,-72.05386257739094,26,0.0,0.0,58273083.82683945,648
Sim637,Sim637,F01,,False,True,8,0.4,-72.05386257739094,111,0.0,0.0,58273083.82683945,648
Sim637,Sim637,F01,,False,True,8,0.4,-72.05386257739094,121,0.0,0.0,58273083.82683945,648
Sim637,Sim637,F01,,False,True,8,0.4,-72.05386257739094,131,0.2979201656434488,17360726.786246587,58273083.82683945,648
Sim637,Sim637,F01,,False,True,8,0.4,-72.05386257739094,161,0.0,0.0,58273083.82683945,648
Sim637,Sim637,F01,,False,True,8,0.4,-72.05386257739094,231,0.0,0.0,58273083.82683945,648
Sim637,Sim637,F01,,False,True,8,0.4,-72.05386257739094,232,0.0,0.0,58273083.82683945,648
Sim637,Sim637,F01,,False,True,8,0.4,-72.05386257739094,241,0.4667700677710564,27200131.287082303,58273083.82683945,648
Sim637,Sim637,F01,,False,True,9,0.45,-65.71804364305949,11,0.0,0.0,58296356.20748496,648
Sim637,Sim637,F01,,False,True,9,0.45,-65.71804364305949,12,0.0,0.0,58296356.20748496,648
Sim637,Sim637,F01,,False,True,9,0.45,-65.71804364305949,13,0.198203784147706,11554558.402346132,58296356.20748496,648
Sim637,Sim637,F01,,False,True,9,0.45,-65.71804364305949,14,0.1883022557188083,10977335.37405657,58296356.20748496,648
Sim637,Sim637,F01,,False,True,9,0.45,-65.71804364305949,15,0.0,0.0,58296356.20748496,648
Sim637,Sim637,F01,,False,True,9,0.45,-65.71804364305949,16,0.0,0.0,58296356.20748496,648
Sim637,Sim637,F01,,False,True,9,0.45,-65.71804364305949,21,0.0,0.0,58296356.20748496,648
Sim637,Sim637,F01,,False,True,9,0.45,-65.71804364305949,22,0.0,0.0,58296356.20748496,648
Sim637,Sim637,F01,,False,True,9,0.45,-65.71804364305949,23,0.0108097369236774,630168.2742119018,58296356.20748496,648
Sim637,Sim637,F01,,False,True,9,0.45,-65.71804364305949,24,0.0,0.0,58296356.20748496,648
Sim637,Sim637,F01,,False,True,9,0.45,-65.71804364305949,25,0.0,0.0,58296356.20748496,648
Sim637,Sim637,F01,,False,True,9,0.45,-65.71804364305949,26,0.0,0.0,58296356.20748496,648
Sim637,Sim637,F01,,False,True,9,0.45,-65.71804364305949,111,0.0,0.0,58296356.20748496,648
Sim637,Sim637,F01,,False,True,9,0.45,-65.71804364305949,121,0.0,0.0,58296356.20748496,648
Sim637,Sim637,F01,,False,True,9,0.45,-65.71804364305949,131,0.0564351700239795,3289964.7743478897,58296356.20748496,648
Sim637,Sim637,F01,,False,True,9,0.45,-65.71804364305949,161,0.0,0.0,58296356.20748496,648
Sim637,Sim637,F01,,False,True,9,0.45,-65.71804364305949,231,0.1000378866075979,5831844.271920519,58296356.20748496,648
Sim637,Sim637,F01,,False,True,9,0.45,-65.71804364305949,232,0.0,0.0,58296356.20748496,648
Sim637,Sim637,F01,,False,True,9,0.45,-65.71804364305949,241,0.4462111665782307,26012485.110601947,58296356.20748496,648
Sim637,Sim637,F01,,False,True,10,0.5,-59.44587707867453,11,0.0,0.0,58318004.859818295,648
Sim637,Sim637,F01,,False,True,10,0.5,-59.44587707867453,12,0.0,0.0,58318004.859818295,648
Sim637,Sim637,F01,,False,True,10,0.5,-59.44587707867453,13,0.2054700668760352,11982604.35862381,58318004.859818295,648
Sim637,Sim637,F01,,False,True,10,0.5,-59.44587707867453,14,0.0515070758972307,3003789.902489735,58318004.859818295,648
Sim637,Sim637,F01,,False,True,10,0.5,-59.44587707867453,15,0.0,0.0,58318004.859818295,648
Sim637,Sim637,F01,,False,True,10,0.5,-59.44587707867453,16,0.0,0.0,58318004.859818295,648
Sim637,Sim637,F01,,False,True,10,0.5,-59.44587707867453,21,0.0,0.0,58318004.859818295,648
Sim637,Sim637,F01,,False,True,10,0.5,-59.44587707867453,22,0.0,0.0,58318004.859818295,648
Sim637,Sim637,F01,,False,True,10,0.5,-59.44587707867453,23,0.0,0.0,58318004.859818295,648
Sim637,Sim637,F01,,False,True,10,0.5,-59.44587707867453,24,0.0,0.0,58318004.859818295,648
Sim637,Sim637,F01,,False,True,10,0.5,-59.44587707867453,25,0.0,0.0,58318004.859818295,648
Sim637,Sim637,F01,,False,True,10,0.5,-59.44587707867453,26,0.0,0.0,58318004.859818295,648
Sim637,Sim637,F01,,False,True,10,0.5,-59.44587707867453,111,0.0,0.0,58318004.859818295,648
Sim637,Sim637,F01,,False,True,10,0.5,-59.44587707867453,121,0.0,0.0,58318004.859818295,648
Sim637,Sim637,F01,,False,True,10,0.5,-59.44587707867453,131,0.2480519789536858,14465896.514108596,58318004.859818295,648
Sim637,Sim637,F01,,False,True,10,0.5,-59.44587707867453,161,0.0,0.0,58318004.859818295,648
Sim637,Sim637,F01,,False,True,10,0.5,-59.44587707867453,231,0.0413445601851604,2411132.2618052363,58318004.859818295,648
Sim637,Sim637,F01,,False,True,10,0.5,-59.44587707867453,232,0.0,0.0,58318004.859818295,648
Sim637,Sim637,F01,,False,True,10,0.5,-59.44587707867453,241,0.4536263180878878,26454581.82279092,58318004.859818295,648
Sim637,Sim637,F01,,False,True,11,0.55,-53.431197400334185,11,0.0,0.0,58342807.384285375,648
Sim637,Sim637,F01,,False,True,11,0.55,-53.431197400334185,12,0.0,0.0,58342807.384285375,648
Sim637,Sim637,F01,,False,True,11,0.55,-53.431197400334185,13,0.2774712723847758,16188452.999417558,58342807.384285375,648
Sim637,Sim637,F01,,False,True,11,0.55,-53.431197400334185,14,0.0014772042369391,86184.24226298842,58342807.384285375,648
Sim637,Sim637,F01,,False,True,11,0.55,-53.431197400334185,15,0.0,0.0,58342807.384285375,648
Sim637,Sim637,F01,,False,True,11,0.55,-53.431197400334185,16,0.0,0.0,58342807.384285375,648
Sim637,Sim637,F01,,False,True,11,0.55,-53.431197400334185,21,0.0,0.0,58342807.384285375,648
Sim637,Sim637,F01,,False,True,11,0.55,-53.431197400334185,22,0.0,0.0,58342807.384285375,648
Sim637,Sim637,F01,,False,True,11,0.55,-53.431197400334185,23,0.0267298858437256,1559496.581184422,58342807.384285375,648
Sim637,Sim637,F01,,False,True,11,0.55,-53.431197400334185,24,0.0,0.0,58342807.384285375,648
Sim637,Sim637,F01,,False,True,11,0.55,-53.431197400334185,25,0.0,0.0,58342807.384285375,648
Sim637,Sim637,F01,,False,True,11,0.55,-53.431197400334185,26,0.0,0.0,58342807.384285375,648
Sim637,Sim637,F01,,False,True,11,0.55,-53.431197400334185,111,0.0,0.0,58342807.384285375,648
Sim637,Sim637,F01,,False,True,11,0.55,-53.431197400334185,121,0.0,0.0,58342807.384285375,648
Sim637,Sim637,F01,,False,True,11,0.55,-53.431197400334185,131,0.0626420229188249,3654711.477314993,58342807.384285375,648
Sim637,Sim637,F01,,False,True,11,0.55,-53.431197400334185,161,0.0,0.0,58342807.384285375,648
Sim637,Sim637,F01,,False,True,11,0.55,-53.431197400334185,231,0.1093481083569134,6379675.623703365,58342807.384285375,648
Sim637,Sim637,F01,,False,True,11,0.55,-53.431197400334185,232,0.0,0.0,58342807.384285375,648
Sim637,Sim637,F01,,False,True,11,0.55,-53.431197400334185,241,0.5223315062588212,30474286.460402053,58342807.384285375,648
Sim637,Sim637,F01,,False,True,12,0.6,-47.594815003142735,11,0.0,0.0,58297173.00736201,648
Sim637,Sim637,F01,,False,True,12,0.6,-47.594815003142735,12,0.0,0.0,58297173.00736201,648
Sim637,Sim637,F01,,False,True,12,0.6,-47.594815003142735,13,0.2624937829412756,15302645.477484476,58297173.00736201,648
Sim637,Sim637,F01,,False,True,12,0.6,-47.594815003142735,14,0.0508273898622257,2963093.140310812,58297173.00736201,648
Sim637,Sim637,F01,,False,True,12,0.6,-47.594815003142735,15,0.0,0.0,58297173.00736201,648
Sim637,Sim637,F01,,False,True,12,0.6,-47.594815003142735,16,0.0,0.0,58297173.00736201,648
Sim637,Sim637,F01,,False,True,12,0.6,-47.594815003142735,21,0.0,0.0,58297173.00736201,648
Sim637,Sim637,F01,,False,True,12,0.6,-47.594815003142735,22,0.0,0.0,58297173.00736201,648
Sim637,Sim637,F01,,False,True,12,0.6,-47.594815003142735,23,0.0149210335382964,869854.0736307167,58297173.00736201,648
Sim637,Sim637,F01,,False,True,12,0.6,-47.594815003142735,24,0.0,0.0,58297173.00736201,648
Sim637,Sim637,F01,,False,True,12,0.6,-47.594815003142735,25,0.0,0.0,58297173.00736201,648
Sim637,Sim637,F01,,False,True,12,0.6,-47.594815003142735,26,0.0,0.0,58297173.00736201,648
Sim637,Sim637,F01,,False,True,12,0.6,-47.594815003142735,111,0.0,0.0,58297173.00736201,648
Sim637,Sim637,F01,,False,True,12,0.6,-47.594815003142735,121,0.0,0.0,58297173.00736201,648
Sim637,Sim637,F01,,False,True,12,0.6,-47.594815003142735,131,0.0144607655681152,843021.7521433186,58297173.00736201,648
Sim637,Sim637,F01,,False,True,12,0.6,-47.594815003142735,161,0.0,0.0,58297173.00736201,648
Sim637,Sim637,F01,,False,True,12,0.6,-47.594815003142735,231,0.0829407538989956,4835211.479410786,58297173.00736201,648
Sim637,Sim637,F01,,False,True,12,0.6,-47.594815003142735,232,0.0,0.0,58297173.00736201,648
Sim637,Sim637,F01,,False,True,12,0.6,-47.594815003142735,241,0.5743562741910914,33483347.0843819,58297173.00736201,648
Sim637,Sim637,F01,,False,True,13,0.65,-38.843166675161925,11,0.0,0.0,69859429.19314617,626
Sim637,Sim637,F01,,False,True,13,0.65,-38.843166675161925,12,0.0,0.0,69859429.19314617,626
Sim637,Sim637,F01,,False,True,13,0.65,-38.843166675161925,13,0.1156034419885211,8075990.47008107,69859429.19314617,626
Sim637,Sim637,F01,,False,True,13,0.65,-38.843166675161925,14,0.0,0.0,69859429.19314617,626
Sim637,Sim637,F01,,False,True,13,0.65,-38.843166675161925,15,0.0,0.0,69859429.19314617,626
Sim637,Sim637,F01,,False,True,13,0.65,-38.843166675161925,16,0.0,0.0,69859429.19314617,626
Sim637,Sim637,F01,,False,True,13,0.65,-38.843166675161925,21,0.0012496377967653,87298.98318020924,69859429.19314617,626
Sim637,Sim637,F01,,False,True,13,0.65,-38.843166675161925,22,0.0226576325204569,1582849.27474719,69859429.19314617,626
Sim637,Sim637,F01,,False,True,13,0.65,-38.843166675161925,23,0.0,0.0,69859429.19314617,626
Sim637,Sim637,F01,,False,True,13,0.65,-38.843166675161925,24,0.0,0.0,69859429.19314617,626
Sim637,Sim637,F01,,False,True,13,0.65,-38.843166675161925,25,0.0,0.0,69859429.19314617,626
Sim637,Sim637,F01,,False,True,13,0.65,-38.843166675161925,26,0.0,0.0,69859429.19314617,626
Sim637,Sim637,F01,,False,True,13,0.65,-38.843166675161925,111,0.4259202694463813,29754546.90531521,69859429.19314617,626
Sim637,Sim637,F01,,False,True,13,0.65,-38.843166675161925,121,0.0201042723657634,1404472.9918157745,69859429.19314617,626
Sim637,Sim637,F01,,False,True,13,0.65,-38.843166675161925,131,0.0099871334571727,697695.4425938604,69859429.19314617,626
Sim637,Sim637,F01,,False,True,13,0.65,-38.843166675161925,161,0.0,0.0,69859429.19314617,626
Sim637,Sim637,F01,,False,True,13,0.65,-38.843166675161925,231,0.0541848468902086,3785322.474667999,69859429.19314617,626
Sim637,Sim637,F01,,False,True,13,0.65,-38.843166675161925,232,0.14023630844557,9796828.460161507,69859429.19314617,626
Sim637,Sim637,F01,,False,True,13,0.65,-38.843166675161925,241,0.2100564570891604,14674424.190583352,69859429.19314617,626
Sim637,Sim637,F01,,False,True,14,0.7,-37.7842277417864,11,0.0,0.0,57683158.30513549,641
Sim637,Sim637,F01,,False,True,14,0.7,-37.7842277417864,12,0.0046565390150669,268603.87716014375,57683158.30513549,641
Sim637,Sim637,F01,,False,True,14,0.7,-37.7842277417864,13,0.6804618781576102,39251190.23837525,57683158.30513549,641
Sim637,Sim637,F01,,False,True,14,0.7,-37.7842277417864,14,0.0,0.0,57683158.30513549,641
Sim637,Sim637,F01,,False,True,14,0.7,-37.7842277417864,15,0.0,0.0,57683158.30513549,641
Sim637,Sim637,F01,,False,True,14,0.7,-37.7842277417864,16,0.0,0.0,57683158.30513549,641
Sim637,Sim637,F01,,False,True,14,0.7,-37.7842277417864,21,0.0,0.0,57683158.30513549,641
Sim637,Sim637,F01,,False,True,14,0.7,-37.7842277417864,22,0.0,0.0,57683158.30513549,641
Sim637,Sim637,F01,,False,True,14,0.7,-37.7842277417864,23,0.0577608655336067,3331829.150416681,57683158.30513549,641
Sim637,Sim637,F01,,False,True,14,0.7,-37.7842277417864,24,0.0,0.0,57683158.30513549,641
Sim637,Sim637,F01,,False,True,14,0.7,-37.7842277417864,25,0.0,0.0,57683158.30513549,641
Sim637,Sim637,F01,,False,True,14,0.7,-37.7842277417864,26,0.0,0.0,57683158.30513549,641
Sim637,Sim637,F01,,False,True,14,0.7,-37.7842277417864,111,0.0264033750915968,1523030.0651984515,57683158.30513549,641
Sim637,Sim637,F01,,False,True,14,0.7,-37.7842277417864,121,0.0,0.0,57683158.30513549,641
Sim637,Sim637,F01,,False,True,14,0.7,-37.7842277417864,131,0.0015171103581632,87511.71695629114,57683158.30513549,641
Sim637,Sim637,F01,,False,True,14,0.7,-37.7842277417864,161,0.0,0.0,57683158.30513549,641
Sim637,Sim637,F01,,False,True,14,0.7,-37.7842277417864,231,0.0836876465842207,4827367.766101839,57683158.30513549,641
Sim637,Sim637,F01,,False,True,14,0.7,-37.7842277417864,232,0.0,0.0,57683158.30513549,641
Sim637,Sim637,F01,,False,True,14,0.7,-37.7842277417864,241,0.1455125852597353,8393625.490926838,57683158.30513549,641
Sim637,Sim637,F01,,False,True,15,0.75,-32.56907582808803,11,0.0039988092584035,237533.91608391644,59401161.87956123,615
Sim637,Sim637,F01,,False,True,15,0.75,-32.56907582808803,12,0.005996899210002,356222.7807487458,59401161.87956123,615
Sim637,Sim637,F01,,False,True,15,0.75,-32.56907582808803,13,0.3627300408811919,21546585.87696354,59401161.87956123,615
Sim637,Sim637,F01,,False,True,15,0.75,-32.56907582808803,14,0.0,0.0,59401161.87956123,615
Sim637,Sim637,F01,,False,True,15,0.75,-32.56907582808803,15,0.0,0.0,59401161.87956123,615
Sim637,Sim637,F01,,False,True,15,0.75,-32.56907582808803,16,0.0,0.0,59401161.87956123,615
Sim637,Sim637,F01,,False,True,15,0.75,-32.56907582808803,21,0.0095247459135713,565780.973873741,59401161.87956123,615
Sim637,Sim637,F01,,False,True,15,0.75,-32.56907582808803,22,0.0,0.0,59401161.87956123,615
Sim637,Sim637,F01,,False,True,15,0.75,-32.56907582808803,23,0.0192945372574509,1146117.9310210703,59401161.87956123,615
Sim637,Sim637,F01,,False,True,15,0.75,-32.56907582808803,24,0.0,0.0,59401161.87956123,615
Sim637,Sim637,F01,,False,True,15,0.75,-32.56907582808803,25,0.0,0.0,59401161.87956123,615
Sim637,Sim637,F01,,False,True,15,0.75,-32.56907582808803,26,0.0,0.0,59401161.87956123,615
Sim637,Sim637,F01,,False,True,15,0.75,-32.56907582808803,111,0.1657388380524254,9845079.548882509,59401161.87956123,615
Sim637,Sim637,F01,,False,True,15,0.75,-32.56907582808803,121,0.0,0.0,59401161.87956123,615
Sim637,Sim637,F01,,False,True,15,0.75,-32.56907582808803,131,0.002973546103524,176632.09345176895,59401161.87956123,615
Sim637,Sim637,F01,,False,True,15,0.75,-32.56907582808803,161,0.0,0.0,59401161.87956123,615
Sim637,Sim637,F01,,False,True,15,0.75,-32.56907582808803,231,0.1095657793331138,6508334.594626581,59401161.87956123,615
Sim637,Sim637,F01,,False,True,15,0.75,-32.56907582808803,232,0.0014374122817299,85383.95963471105,59401161.87956123,615
Sim637,Sim637,F01,,False,True,15,0.75,-32.56907582808803,241,0.3187393917085868,18933490.20427464,59401161.87956123,615
Sim637,Sim637,F01,,False,True,16,0.8,-27.52884043974236,11,0.0,0.0,59104506.03477265,646
Sim637,Sim637,F01,,False,True,16,0.8,-27.52884043974236,12,0.1432769123335582,8468311.129662387,59104506.03477265,646
Sim637,Sim637,F01,,False,True,16,0.8,-27.52884043974236,13,0.2800014896435115,16549349.73438026,59104506.03477265,646
Sim637,Sim637,F01,,False,True,16,0.8,-27.52884043974236,14,0.0,0.0,59104506.03477265,646
Sim637,Sim637,F01,,False,True,16,0.8,-27.52884043974236,15,0.0,0.0,59104506.03477265,646
Sim637,Sim637,F01,,False,True,16,0.8,-27.52884043974236,16,0.0,0.0,59104506.03477265,646
Sim637,Sim637,F01,,False,True,16,0.8,-27.52884043974236,21,0.0,0.0,59104506.03477265,646
Sim637,Sim637,F01,,False,True,16,0.8,-27.52884043974236,22,0.0,0.0,59104506.03477265,646
Sim637,Sim637,F01,,False,True,16,0.8,-27.52884043974236,23,0.4503105405470341,26615382.061283916,59104506.03477265,646
Sim637,Sim637,F01,,False,True,16,0.8,-27.52884043974236,24,0.0,0.0,59104506.03477265,646
Sim637,Sim637,F01,,False,True,16,0.8,-27.52884043974236,25,0.0,0.0,59104506.03477265,646
Sim637,Sim637,F01,,False,True,16,0.8,-27.52884043974236,26,0.0,0.0,59104506.03477265,646
Sim637,Sim637,F01,,False,True,16,0.8,-27.52884043974236,111,0.0,0.0,59104506.03477265,646
Sim637,Sim637,F01,,False,True,16,0.8,-27.52884043974236,121,0.0,0.0,59104506.03477265,646
Sim637,Sim637,F01,,False,True,16,0.8,-27.52884043974236,131,0.0,0.0,59104506.03477265,646
Sim637,Sim637,F01,,False,True,16,0.8,-27.52884043974236,161,0.0,0.0,59104506.03477265,646
Sim637,Sim637,F01,,False,True,16,0.8,-27.52884043974236,231,0.0047238171723786,279198.880572014,59104506.03477265,646
Sim637,Sim637,F01,,False,True,16,0.8,-27.52884043974236,232,0.0,0.0,59104506.03477265,646
Sim637,Sim637,F01,,False,True,16,0.8,-27.52884043974236,241,0.1216872403035173,7192264.228874072,59104506.03477265,646
Sim637,Sim637,F01,,False,True,17,0.85,-23.440318665938108,11,0.1233576072267474,7034188.110261875,57022734.70116941,621
Sim637,Sim637,F01,,False,True,17,0.85,-23.440318665938108,12,0.1319176611603581,7522305.7947458625,57022734.70116941,621
Sim637,Sim637,F01,,False,True,17,0.85,-23.440318665938108,13,0.0883276654530288,5036685.033901709,57022734.70116941,621
Sim637,Sim637,F01,,False,True,17,0.85,-23.440318665938108,14,0.0,0.0,57022734.70116941,621
Sim637,Sim637,F01,,False,True,17,0.85,-23.440318665938108,15,0.0,0.0,57022734.70116941,621
Sim637,Sim637,F01,,False,True,17,0.85,-23.440318665938108,16,0.0,0.0,57022734.70116941,621
Sim637,Sim637,F01,,False,True,17,0.85,-23.440318665938108,21,0.0300365047947099,1712763.6442591504,57022734.70116941,621
Sim637,Sim637,F01,,False,True,17,0.85,-23.440318665938108,22,0.0006933156554223,39534.754683318446,57022734.70116941,621
Sim637,Sim637,F01,,False,True,17,0.85,-23.440318665938108,23,0.2645592640255418,15085892.725265104,57022734.70116941,621
Sim637,Sim637,F01,,False,True,17,0.85,-23.440318665938108,24,0.0,0.0,57022734.70116941,621
Sim637,Sim637,F01,,False,True,17,0.85,-23.440318665938108,25,0.0,0.0,57022734.70116941,621
Sim637,Sim637,F01,,False,True,17,0.85,-23.440318665938108,26,0.0,0.0,57022734.70116941,621
Sim637,Sim637,F01,,False,True,17,0.85,-23.440318665938108,111,0.069221406359916,3947193.890503331,57022734.70116941,621
Sim637,Sim637,F01,,False,True,17,0.85,-23.440318665938108,121,0.0,0.0,57022734.70116941,621
Sim637,Sim637,F01,,False,True,17,0.85,-23.440318665938108,131,0.0,0.0,57022734.70116941,621
Sim637,Sim637,F01,,False,True,17,0.85,-23.440318665938108,161,0.0,0.0,57022734.70116941,621
Sim637,Sim637,F01,,False,True,17,0.85,-23.440318665938108,231,0.1164247128976097,6638855.516220219,57022734.70116941,621
Sim637,Sim637,F01,,False,True,17,0.85,-23.440318665938108,232,0.0443683820001785,2530006.475916322,57022734.70116941,621
Sim637,Sim637,F01,,False,True,17,0.85,-23.440318665938108,241,0.1310934804264871,7475308.755412521,57022734.70116941,621
Sim637,Sim637,F01,,False,True,18,0.9,-18.046296469478204,11,0.0,0.0,58327093.60886569,648
Sim637,Sim637,F01,,False,True,18,0.9,-18.046296469478204,12,0.1407266863501186,8208178.608008849,58327093.60886569,648
Sim637,Sim637,F01,,False,True,18,0.9,-18.046296469478204,13,0.0915084717521956,5337423.197894557,58327093.60886569,648
Sim637,Sim637,F01,,False,True,18,0.9,-18.046296469478204,14,0.0,0.0,58327093.60886569,648
Sim637,Sim637,F01,,False,True,18,0.9,-18.046296469478204,15,0.0,0.0,58327093.60886569,648
Sim637,Sim637,F01,,False,True,18,0.9,-18.046296469478204,16,0.0,0.0,58327093.60886569,648
Sim637,Sim637,F01,,False,True,18,0.9,-18.046296469478204,21,0.0,0.0,58327093.60886569,648
Sim637,Sim637,F01,,False,True,18,0.9,-18.046296469478204,22,0.0,0.0,58327093.60886569,648
Sim637,Sim637,F01,,False,True,18,0.9,-18.046296469478204,23,0.7520755383989478,43866380.329133496,58327093.60886569,648
Sim637,Sim637,F01,,False,True,18,0.9,-18.046296469478204,24,0.0,0.0,58327093.60886569,648
Sim637,Sim637,F01,,False,True,18,0.9,-18.046296469478204,25,0.0,0.0,58327093.60886569,648
Sim637,Sim637,F01,,False,True,18,0.9,-18.046296469478204,26,0.0,0.0,58327093.60886569,648
Sim637,Sim637,F01,,False,True,18,0.9,-18.046296469478204,111,0.0,0.0,58327093.60886569,648
Sim637,Sim637,F01,,False,True,18,0.9,-18.046296469478204,121,0.0,0.0,58327093.60886569,648
Sim637,Sim637,F01,,False,True,18,0.9,-18.046296469478204,131,0.0,0.0,58327093.60886569,648
Sim637,Sim637,F01,,False,True,18,0.9,-18.046296469478204,161,0.0,0.0,58327093.60886569,648
Sim637,Sim637,F01,,False,True,18,0.9,-18.046296469478204,231,0.0047987149938024,279895.0986457853,58327093.60886569,648
Sim637,Sim637,F01,,False,True,18,0.9,-18.046296469478204,232,0.0,0.0,58327093.60886569,648
Sim637,Sim637,F01,,False,True,18,0.9,-18.046296469478204,241,0.0108905885049354,635216.3751830042,58327093.60886569,648
Sim637,Sim637,F01,,False,True,19,0.95,-12.907208336784707,11,0.0706440303074574,4116064.714518122,58264862.53125928,646
Sim637,Sim637,F01,,False,True,19,0.95,-12.907208336784707,12,0.0,0.0,58264862.53125928,646
Sim637,Sim637,F01,,False,True,19,0.95,-12.907208336784707,13,0.1039881055130191,6058852.672602148,58264862.53125928,646
Sim637,Sim637,F01,,False,True,19,0.95,-12.907208336784707,14,0.0,0.0,58264862.53125928,646
Sim637,Sim637,F01,,False,True,19,0.95,-12.907208336784707,15,0.0,0.0,58264862.53125928,646
Sim637,Sim637,F01,,False,True,19,0.95,-12.907208336784707,16,0.0,0.0,58264862.53125928,646
Sim637,Sim637,F01,,False,True,19,0.95,-12.907208336784707,21,0.0985331023798369,5741017.664939699,58264862.53125928,646
Sim637,Sim637,F01,,False,True,19,0.95,-12.907208336784707,22,0.0,0.0,58264862.53125928,646
Sim637,Sim637,F01,,False,True,19,0.95,-12.907208336784707,23,0.2478854981458285,14443014.472959423,58264862.53125928,646
Sim637,Sim637,F01,,False,True,19,0.95,-12.907208336784707,24,0.0,0.0,58264862.53125928,646
Sim637,Sim637,F01,,False,True,19,0.95,-12.907208336784707,25,0.0,0.0,58264862.53125928,646
Sim637,Sim637,F01,,False,True,19,0.95,-12.907208336784707,26,0.0,0.0,58264862.53125928,646
Sim637,Sim637,F01,,False,True,19,0.95,-12.907208336784707,111,0.1102296746827802,6422516.842257624,58264862.53125928,646
Sim637,Sim637,F01,,False,True,19,0.95,-12.907208336784707,121,0.0,0.0,58264862.53125928,646
Sim637,Sim637,F01,,False,True,19,0.95,-12.907208336784707,131,0.0,0.0,58264862.53125928,646
Sim637,Sim637,F01,,False,True,19,0.95,-12.907208336784707,161,0.0,0.0,58264862.53125928,646
Sim637,Sim637,F01,,False,True,19,0.95,-12.907208336784707,231,0.1154877243051951,6728876.380690169,58264862.53125928,646
Sim637,Sim637,F01,,False,True,19,0.95,-12.907208336784707,232,0.23920757922819,13937396.720165804,58264862.53125928,646
Sim637,Sim637,F01,,False,True,19,0.95,-12.907208336784707,241,0.0140242854376925,817123.0631262963,58264862.53125928,646
Sim637,Sim637,F01,,False,True,20,1.0,-7.828870839811541,11,0.0,0.0,58322240.716170296,648
Sim637,Sim637,F01,,False,True,20,1.0,-7.828870839811541,12,0.0790563270287675,4610742.135108062,58322240.716170296,648
Sim637,Sim637,F01,,False,True,20,1.0,-7.828870839811541,13,0.0927370009594002,5408629.693249855,58322240.716170296,648
Sim637,Sim637,F01,,False,True,20,1.0,-7.828870839811541,14,0.0,0.0,58322240.716170296,648
Sim637,Sim637,F01,,False,True,20,1.0,-7.828870839811541,15,0.0,0.0,58322240.716170296,648
Sim637,Sim637,F01,,False,True,20,1.0,-7.828870839811541,16,0.0,0.0,58322240.716170296,648
Sim637,Sim637,F01,,False,True,20,1.0,-7.828870839811541,21,0.0,0.0,58322240.716170296,648
Sim637,Sim637,F01,,False,True,20,1.0,-7.828870839811541,22,0.0,0.0,58322240.716170296,648
Sim637,Sim637,F01,,False,True,20,1.0,-7.828870839811541,23,0.8064335756761815,47033013.12218819,58322240.716170296,648
Sim637,Sim637,F01,,False,True,20,1.0,-7.828870839811541,24,0.0015700286340749,91567.58792779662,58322240.716170296,648
Sim637,Sim637,F01,,False,True,20,1.0,-7.828870839811541,25,0.0,0.0,58322240.716170296,648
Sim637,Sim637,F01,,False,True,20,1.0,-7.828870839811541,26,0.0,0.0,58322240.716170296,648
Sim637,Sim637,F01,,False,True,20,1.0,-7.828870839811541,111,0.0,0.0,58322240.716170296,648
Sim637,Sim637,F01,,False,True,20,1.0,-7.828870839811541,121,0.0,0.0,58322240.716170296,648
Sim637,Sim637,F01,,False,True,20,1.0,-7.828870839811541,131,0.0,0.0,58322240.716170296,648
Sim637,Sim637,F01,,False,True,20,1.0,-7.828870839811541,161,0.0,0.0,58322240.716170296,648
Sim637,Sim637,F01,,False,True,20,1.0,-7.828870839811541,231,0.0077501822229359,452007.9932002517,58322240.716170296,648
Sim637,Sim637,F01,,False,True,20,1.0,-7.828870839811541,232,0.0,0.0,58322240.716170296,648
Sim637,Sim637,F01,,False,True,20,1.0,-7.828870839811541,241,0.01245288547864,726280.1844961491,58322240.716170296,648
